row_id,fold
0,4
1,1
2,2
3,4
4,5
5,2
6,1
7,4
8,1
9,1
10,1
11,2
12,3
13,4
14,4
15,2
16,4
17,5
18,1
19,2
20,5
21,4
22,1
23,2
24,5
25,4
26,5
27,5
28,3
29,3
30,2
31,5
32,1
33,5
34,5
35,3
36,3
37,4
38,2
39,4
40,5
41,3
42,1
43,4
44,1
45,2
46,5
47,4
48,1
49,3
50,1
51,4
52,2
53,5
54,3
55,3
56,5
57,1
58,3
59,5
60,3
61,3
62,5
63,4
64,3
65,5
66,4
67,2
68,2
69,3
70,4
71,4
72,2
73,5
74,1
75,5
76,4
77,4
78,4
79,1
80,4
81,4
82,2
83,1
84,1
85,3
86,1
87,4
88,5
89,4
90,5
91,3
92,1
93,3
94,1
95,4
96,4
97,1
98,2
99,4
100,2
101,3
102,4
103,1
104,2
105,3
106,4
107,5
108,3
109,1
110,3
111,2
112,2
113,2
114,1
115,5
116,1
117,5
118,1
119,2
120,1
121,1
122,3
123,3
124,4
125,4
126,4
127,1
128,3
129,2
130,3
131,3
132,3
133,4
134,5
135,4
136,4
137,4
138,2
139,5
140,1
141,3
142,4
143,1
144,5
145,4
146,3
147,3
148,3
149,2
150,3
151,3
152,1
153,5
154,3
155,1
156,5
157,3
158,4
159,2
160,3
161,3
162,5
163,3
164,3
165,2
166,1
167,4
168,3
169,3
170,2
171,5
172,1
173,2
174,5
175,2
176,3
177,5
178,2
179,3
180,1
181,3
182,1
183,4
184,1
185,2
186,1
187,5
188,2
189,3
190,3
191,3
192,3
193,5
194,1
195,5
196,4
197,4
198,1
199,3
200,1
201,1
202,4
203,5
204,5
205,4
206,2
207,4
208,2
209,5
210,3
211,2
212,1
213,2
214,2
215,2
216,5
217,5
218,5
219,5
220,2
221,2
222,1
223,3
224,2
225,4
226,2
227,2
228,3
229,4
230,2
231,4
232,5
233,1
234,5
235,3
236,2
237,3
238,3
239,5
240,1
241,1
242,1
243,4
244,5
245,4
246,3
247,2
248,2
249,3
250,4
251,1
252,4
253,1
254,3
255,5
256,5
257,4
258,2
259,3
260,4
261,3
262,2
263,5
264,2
265,5
266,2
267,5
268,2
269,5
270,5
271,2
272,1
273,4
274,1
275,3
276,3
277,4
278,2
279,2
280,5
281,2
282,1
283,1
284,4
285,1
286,4
287,2
288,2
289,3
290,3
291,2
292,1
293,2
294,5
295,3
296,5
297,1
298,4
299,3
300,4
301,1
302,3
303,1
304,4
305,2
306,2
307,1
308,3
309,5
310,2
311,2
312,5
313,3
314,5
315,5
316,4
317,1
318,1
319,1
320,4
321,4
322,3
323,5
324,4
325,4
326,4
327,4
328,3
329,4
330,2
331,3
332,3
333,5
334,2
335,3
336,4
337,2
338,4
339,5
340,5
341,5
342,2
343,2
344,4
345,4
346,3
347,2
348,5
349,3
350,2
351,5
352,1
353,4
354,2
355,1
356,3
357,4
358,4
359,4
360,1
361,4
362,2
363,1
364,2
365,4
366,2
367,1
368,1
369,5
370,1
371,1
372,4
373,1
374,5
375,3
376,5
377,5
378,2
379,1
380,1
381,3
382,3
383,5
384,3
385,2
386,2
387,5
388,5
389,2
390,5
391,5
392,2
393,4
394,3
395,2
396,1
397,2
398,2
399,3
400,5
401,2
402,4
403,5
404,5
405,3
406,1
407,1
408,3
409,1
410,1
411,2
412,4
413,5
414,5
415,4
416,5
417,1
418,4
419,3
420,2
421,1
422,4
423,1
424,1
425,1
426,5
427,5
428,3
429,3
430,3
431,2
432,5
433,5
434,4
435,3
436,3
437,3
438,5
439,4
440,4
441,1
442,5
443,5
444,1
445,3
446,1
447,5
448,4
449,1
450,2
451,2
452,2
453,1
454,5
455,5
456,4
457,1
458,3
459,2
460,2
461,5
462,5
463,3
464,2
465,1
466,1
467,2
468,2
469,4
470,1
471,5
472,3
473,4
474,3
475,5
476,2
477,1
478,1
479,2
480,5
481,5
482,3
483,4
484,1
485,1
486,4
487,2
488,2
489,1
490,5
491,2
492,5
493,1
494,2
495,2
496,2
497,3
498,5
499,1
500,4
501,4
502,3
503,2
504,2
505,4
506,5
507,4
508,5
509,4
510,3
511,1
512,5
513,3
514,2
515,3
516,4
517,3
518,1
519,1
520,4
521,4
522,1
523,3
524,5
525,4
526,5
527,1
528,2
529,4
530,4
531,3
532,5
533,4
534,4
535,1
536,4
537,1
538,1
539,5
540,2
541,1
542,1
543,2
544,2
545,4
546,1
547,2
548,1
549,1
550,5
551,3
552,2
553,2
554,3
555,3
556,1
557,3
558,5
559,3
560,1
561,2
562,1
563,3
564,1
565,1
566,1
567,2
568,2
569,5
570,4
571,5
572,2
573,1
574,2
575,4
576,3
577,2
578,1
579,5
580,1
581,4
582,4
583,5
584,4
585,2
586,1
587,2
588,4
589,3
590,5
591,4
592,5
593,5
594,2
595,5
596,4
597,1
598,2
599,1
600,3
601,2
602,3
603,3
604,4
605,2
606,3
607,3
608,1
609,4
610,5
611,2
612,1
613,1
614,2
615,3
616,3
617,2
618,2
619,1
620,5
621,1
622,1
623,3
624,5
625,1
626,1
627,4
628,2
629,2
630,4
631,5
632,1
633,2
634,2
635,4
636,4
637,1
638,5
639,3
640,2
641,3
642,3
643,3
644,4
645,1
646,2
647,3
648,2
649,1
650,1
651,1
652,2
653,2
654,1
655,2
656,5
657,3
658,5
659,3
660,5
661,2
662,1
663,4
664,2
665,1
666,4
667,5
668,4
669,5
670,1
671,4
672,4
673,1
674,1
675,3
676,2
677,4
678,5
679,3
680,3
681,4
682,1
683,2
684,3
685,3
686,3
687,1
688,1
689,4
690,2
691,1
692,5
693,5
694,4
695,2
696,4
697,5
698,2
699,3
700,3
701,5
702,5
703,2
704,2
705,5
706,5
707,3
708,3
709,5
710,2
711,5
712,2
713,3
714,2
715,2
716,5
717,3
718,4
719,5
720,3
721,5
722,1
723,5
724,2
725,3
726,2
727,1
728,1
729,5
730,4
731,1
732,4
733,3
734,4
735,1
736,2
737,3
738,4
739,5
740,3
741,1
742,3
743,5
744,3
745,3
746,2
747,3
748,3
749,5
750,2
751,3
752,2
753,2
754,5
755,2
756,2
757,1
758,2
759,5
760,2
761,4
762,2
763,5
764,2
765,4
766,2
767,4
768,2
769,4
770,5
771,4
772,2
773,5
774,5
775,4
776,1
777,3
778,1
779,1
780,2
781,3
782,1
783,4
784,2
785,3
786,4
787,3
788,2
789,3
790,5
791,3
792,1
793,1
794,1
795,4
796,4
797,5
798,2
799,1
800,1
801,1
802,5
803,4
804,3
805,5
806,4
807,4
808,2
809,3
810,4
811,3
812,2
813,3
814,1
815,2
816,5
817,1
818,1
819,4
820,4
821,4
822,1
823,4
824,1
825,3
826,4
827,1
828,3
829,5
830,4
831,1
832,1
833,5
834,1
835,5
836,1
837,1
838,2
839,5
840,2
841,5
842,3
843,3
844,3
845,3
846,2
847,3
848,2
849,5
850,4
851,4
852,2
853,4
854,5
855,2
856,2
857,1
858,4
859,3
860,2
861,1
862,2
863,2
864,1
865,5
866,2
867,5
868,4
869,2
870,5
871,3
872,3
873,5
874,4
875,3
876,2
877,3
878,4
879,2
880,1
881,2
882,4
883,2
884,2
885,4
886,2
887,4
888,2
889,4
890,2
891,1
892,2
893,4
894,4
895,3
896,1
897,2
898,5
899,4
900,2
901,4
902,5
903,3
904,2
905,2
906,5
907,2
908,3
909,2
910,4
911,4
912,5
913,5
914,1
915,3
916,2
917,4
918,1
919,2
920,2
921,1
922,5
923,5
924,3
925,4
926,4
927,3
928,5
929,4
930,1
931,2
932,2
933,5
934,2
935,2
936,1
937,4
938,5
939,5
940,1
941,5
942,1
943,1
944,2
945,1
946,3
947,4
948,5
949,2
950,3
951,1
952,3
953,2
954,4
955,3
956,4
957,4
958,1
959,2
960,3
961,4
962,3
963,1
964,4
965,2
966,1
967,3
968,5
969,1
970,5
971,1
972,2
973,3
974,5
975,1
976,1
977,5
978,5
979,2
980,4
981,4
982,3
983,5
984,5
985,4
986,4
987,1
988,4
989,2
990,2
991,5
992,1
993,5
994,1
995,1
996,3
997,2
998,2
999,3
1000,1
1001,4
1002,3
1003,3
1004,1
1005,1
1006,4
1007,4
1008,4
1009,3
1010,5
1011,3
1012,4
1013,4
1014,2
1015,2
1016,3
1017,5
1018,1
1019,4
1020,1
1021,1
1022,3
1023,4
1024,2
1025,5
1026,5
1027,3
1028,3
1029,4
1030,1
1031,4
1032,3
1033,1
1034,5
1035,3
1036,3
1037,1
1038,4
1039,2
1040,4
1041,5
1042,3
1043,2
1044,5
1045,4
1046,1
1047,4
1048,5
1049,5
1050,5
1051,3
1052,4
1053,5
1054,5
1055,1
1056,1
1057,3
1058,5
1059,3
1060,3
1061,2
1062,2
1063,3
1064,3
1065,5
1066,3
1067,3
1068,3
1069,4
1070,3
1071,2
1072,1
1073,5
1074,5
1075,5
1076,3
1077,3
1078,4
1079,5
1080,1
1081,5
1082,3
1083,5
1084,5
1085,5
1086,4
1087,1
1088,5
1089,5
1090,5
1091,5
1092,3
1093,2
1094,5
1095,5
1096,1
1097,3
1098,4
1099,2
1100,1
1101,4
1102,1
1103,4
1104,4
1105,1
1106,4
1107,4
1108,1
1109,3
1110,4
1111,2
1112,2
1113,4
1114,3
1115,2
1116,3
1117,3
1118,1
1119,4
1120,1
1121,4
1122,2
1123,2
1124,1
1125,1
1126,5
1127,2
1128,2
1129,4
1130,2
1131,4
1132,5
1133,5
1134,1
1135,5
1136,5
1137,4
1138,4
1139,1
1140,2
1141,5
1142,3
1143,2
1144,5
1145,4
1146,2
1147,1
1148,3
1149,2
1150,3
1151,4
1152,4
1153,3
1154,5
1155,3
1156,1
1157,2
1158,5
1159,4
1160,1
1161,1
1162,2
1163,4
1164,4
1165,3
1166,2
1167,3
1168,3
1169,5
1170,1
1171,1
1172,3
1173,1
1174,2
1175,1
1176,1
1177,5
1178,2
1179,1
1180,1
1181,5
1182,1
1183,4
1184,1
1185,3
1186,1
1187,2
1188,4
1189,4
1190,2
1191,2
1192,2
1193,3
1194,4
1195,4
1196,3
1197,5
1198,1
1199,2
1200,2
1201,2
1202,2
1203,5
1204,1
1205,1
1206,1
1207,2
1208,2
1209,4
1210,3
1211,5
1212,2
1213,3
1214,4
1215,1
1216,1
1217,2
1218,3
1219,2
1220,4
1221,5
1222,1
1223,5
1224,2
1225,2
1226,2
1227,5
1228,2
1229,2
1230,1
1231,4
1232,5
1233,1
1234,2
1235,2
1236,4
1237,2
1238,5
1239,2
1240,2
1241,3
1242,2
1243,5
1244,5
1245,2
1246,4
1247,2
1248,4
1249,5
1250,5
1251,5
1252,1
1253,5
1254,1
1255,4
1256,5
1257,1
1258,2
1259,1
1260,2
1261,3
1262,3
1263,5
1264,1
1265,2
1266,4
1267,1
1268,5
1269,2
1270,3
1271,3
1272,3
1273,5
1274,1
1275,1
1276,4
1277,2
1278,2
1279,3
1280,3
1281,2
1282,5
1283,3
1284,3
1285,5
1286,1
1287,3
1288,3
1289,2
1290,3
1291,5
1292,3
1293,1
1294,1
1295,3
1296,5
1297,3
1298,4
1299,2
1300,4
1301,1
1302,3
1303,1
1304,4
1305,1
1306,2
1307,5
1308,4
1309,5
1310,1
1311,4
1312,5
1313,3
1314,4
1315,4
1316,5
1317,2
1318,3
1319,2
1320,2
1321,3
1322,3
1323,4
1324,1
1325,3
1326,3
1327,2
1328,4
1329,3
1330,3
1331,2
1332,1
1333,5
1334,3
1335,1
1336,1
1337,5
1338,3
1339,5
1340,5
1341,2
1342,3
1343,4
1344,4
1345,2
1346,4
1347,4
1348,1
1349,4
1350,3
1351,3
1352,3
1353,5
1354,2
1355,4
1356,2
1357,1
1358,1
1359,1
1360,5
1361,5
1362,3
1363,3
1364,3
1365,2
1366,5
1367,4
1368,2
1369,2
1370,5
1371,4
1372,4
1373,4
1374,1
1375,3
1376,4
1377,5
1378,4
1379,3
1380,5
1381,2
1382,3
1383,3
1384,3
1385,1
1386,5
1387,4
1388,1
1389,1
1390,2
1391,3
1392,3
1393,1
1394,3
1395,3
1396,5
1397,2
1398,3
1399,1
1400,4
1401,4
1402,4
1403,1
1404,5
1405,2
1406,2
1407,3
1408,4
1409,4
1410,5
1411,5
1412,3
1413,1
1414,3
1415,4
1416,1
1417,3
1418,1
1419,1
1420,4
1421,1
1422,5
1423,4
1424,5
1425,5
1426,3
1427,2
1428,5
1429,3
1430,2
1431,5
1432,2
1433,2
1434,1
1435,5
1436,3
1437,4
1438,3
1439,4
1440,4
1441,2
1442,3
1443,5
1444,2
1445,3
1446,1
1447,3
1448,5
1449,2
1450,1
1451,4
1452,4
1453,4
1454,3
1455,2
1456,1
1457,2
1458,1
1459,1
1460,1
1461,2
1462,1
1463,1
1464,3
1465,1
1466,2
1467,5
1468,5
1469,1
1470,1
1471,2
1472,5
1473,4
1474,4
1475,5
1476,2
1477,3
1478,5
1479,5
1480,5
1481,1
1482,2
1483,2
1484,5
1485,3
1486,1
1487,1
1488,5
1489,3
1490,4
1491,2
1492,2
1493,5
1494,4
1495,1
1496,4
1497,1
1498,2
1499,1
1500,5
1501,1
1502,1
1503,1
1504,2
1505,1
1506,1
1507,2
1508,5
1509,3
1510,1
1511,5
1512,5
1513,5
1514,3
1515,2
1516,5
1517,5
1518,2
1519,3
1520,3
1521,1
1522,3
1523,1
1524,2
1525,4
1526,4
1527,2
1528,1
1529,5
1530,4
1531,5
1532,3
1533,5
1534,2
1535,1
1536,2
1537,5
1538,4
1539,2
1540,2
1541,2
1542,5
1543,4
1544,2
1545,1
1546,2
1547,1
1548,1
1549,3
1550,5
1551,3
1552,1
1553,4
1554,4
1555,3
1556,1
1557,4
1558,5
1559,2
1560,4
1561,5
1562,2
1563,1
1564,2
1565,2
1566,4
1567,1
1568,4
1569,4
1570,4
1571,4
1572,3
1573,5
1574,2
1575,4
1576,4
1577,2
1578,2
1579,4
1580,1
1581,2
1582,2
1583,1
1584,2
1585,4
1586,2
1587,1
1588,4
1589,1
1590,2
1591,5
1592,4
1593,3
1594,1
1595,1
1596,4
1597,4
1598,3
1599,3
1600,2
1601,5
1602,4
1603,1
1604,1
1605,3
1606,4
1607,4
1608,3
1609,2
1610,3
1611,2
1612,4
1613,1
1614,3
1615,4
1616,4
1617,1
1618,2
1619,2
1620,5
1621,5
1622,3
1623,2
1624,4
1625,3
1626,5
1627,5
1628,4
1629,1
1630,2
1631,2
1632,2
1633,4
1634,5
1635,5
1636,2
1637,1
1638,5
1639,1
1640,1
1641,3
1642,5
1643,5
1644,4
1645,4
1646,3
1647,2
1648,1
1649,5
1650,5
1651,1
1652,2
1653,1
1654,3
1655,2
1656,5
1657,2
1658,5
1659,4
1660,5
1661,4
1662,3
1663,5
1664,5
1665,2
1666,5
1667,5
1668,2
1669,3
1670,3
1671,4
1672,1
1673,1
1674,3
1675,1
1676,4
1677,3
1678,1
1679,3
1680,4
1681,4
1682,3
1683,1
1684,5
1685,2
1686,1
1687,1
1688,5
1689,4
1690,5
1691,2
1692,2
1693,2
1694,3
1695,1
1696,1
1697,5
1698,5
1699,4
1700,4
1701,5
1702,1
1703,4
1704,3
1705,1
1706,2
1707,1
1708,3
1709,2
1710,1
1711,4
1712,4
1713,5
1714,3
1715,5
1716,3
1717,3
1718,2
1719,1
1720,4
1721,2
1722,3
1723,5
1724,5
1725,2
1726,1
1727,3
1728,4
1729,1
1730,5
1731,2
1732,1
1733,4
1734,2
1735,4
1736,3
1737,4
1738,1
1739,4
1740,5
1741,2
1742,2
1743,2
1744,3
1745,4
1746,3
1747,1
1748,2
1749,5
1750,3
1751,1
1752,3
1753,1
1754,5
1755,5
1756,4
1757,3
1758,2
1759,4
1760,1
1761,5
1762,3
1763,4
1764,4
1765,2
1766,4
1767,2
1768,1
1769,3
1770,5
1771,5
1772,5
1773,1
1774,3
1775,1
1776,4
1777,3
1778,4
1779,2
1780,4
1781,3
1782,1
1783,2
1784,3
1785,5
1786,5
1787,2
1788,1
1789,4
1790,3
1791,5
1792,4
1793,4
1794,1
1795,3
1796,3
1797,2
1798,2
1799,3
1800,4
1801,1
1802,5
1803,3
1804,3
1805,1
1806,1
1807,3
1808,5
1809,5
1810,1
1811,3
1812,1
1813,2
1814,4
1815,4
1816,2
1817,4
1818,4
1819,2
1820,5
1821,1
1822,2
1823,1
1824,5
1825,5
1826,2
1827,4
1828,4
1829,1
1830,3
1831,5
1832,5
1833,4
1834,2
1835,3
1836,2
1837,5
1838,3
1839,2
1840,3
1841,5
1842,4
1843,3
1844,5
1845,2
1846,1
1847,2
1848,5
1849,4
1850,4
1851,1
1852,4
1853,1
1854,1
1855,1
1856,4
1857,2
1858,5
1859,2
1860,5
1861,3
1862,2
1863,3
1864,2
1865,3
1866,2
1867,4
1868,2
1869,1
1870,1
1871,2
1872,2
1873,3
1874,5
1875,1
1876,1
1877,1
1878,5
1879,5
1880,4
1881,4
1882,3
1883,4
1884,1
1885,5
1886,3
1887,5
1888,5
1889,2
1890,1
1891,5
1892,4
1893,1
1894,3
1895,1
1896,1
1897,3
1898,5
1899,3
1900,2
1901,1
1902,1
1903,1
1904,1
1905,5
1906,3
1907,5
1908,5
1909,4
1910,2
1911,3
1912,5
1913,4
1914,3
1915,3
1916,2
1917,1
1918,4
1919,2
1920,5
1921,2
1922,2
1923,3
1924,3
1925,3
1926,4
1927,2
1928,4
1929,4
1930,5
1931,2
1932,3
1933,5
1934,5
1935,1
1936,4
1937,1
1938,3
1939,2
1940,4
1941,3
1942,1
1943,4
1944,1
1945,1
1946,5
1947,4
1948,1
1949,3
1950,4
1951,3
1952,3
1953,4
1954,2
1955,5
1956,2
1957,4
1958,4
1959,1
1960,4
1961,4
1962,5
1963,4
1964,3
1965,1
1966,1
1967,1
1968,3
1969,2
1970,4
1971,2
1972,2
1973,4
1974,1
1975,5
1976,2
1977,4
1978,3
1979,1
1980,5
1981,2
1982,5
1983,4
1984,4
1985,3
1986,5
1987,1
1988,4
1989,4
1990,5
1991,3
1992,5
1993,5
1994,4
1995,1
1996,3
1997,2
1998,2
1999,5
2000,4
2001,5
2002,4
2003,2
2004,3
2005,1
2006,4
2007,2
2008,3
2009,1
2010,2
2011,2
2012,1
2013,3
2014,2
2015,5
2016,3
2017,4
2018,3
2019,3
2020,3
2021,2
2022,3
2023,5
2024,5
2025,3
2026,2
2027,2
2028,2
2029,3
2030,1
2031,4
2032,3
2033,1
2034,3
2035,2
2036,1
2037,2
2038,2
2039,1
2040,3
2041,2
2042,4
2043,4
2044,5
2045,2
2046,1
2047,5
2048,2
2049,5
2050,2
2051,5
2052,4
2053,4
2054,4
2055,4
2056,5
2057,4
2058,3
2059,4
2060,3
2061,5
2062,4
2063,2
2064,4
2065,5
2066,3
2067,2
2068,2
2069,1
2070,3
2071,5
2072,4
2073,1
2074,4
2075,1
2076,1
2077,3
2078,3
2079,2
2080,1
2081,4
2082,4
2083,1
2084,5
2085,5
2086,1
2087,5
2088,2
2089,2
2090,2
2091,5
2092,1
2093,5
2094,4
2095,2
2096,5
2097,2
2098,1
2099,2
2100,1
2101,4
2102,4
2103,1
2104,3
2105,4
2106,1
2107,1
2108,1
2109,1
2110,2
2111,3
2112,2
2113,3
2114,5
2115,4
2116,3
2117,5
2118,4
2119,4
2120,3
2121,5
2122,3
2123,2
2124,4
2125,2
2126,5
2127,5
2128,4
2129,2
2130,1
2131,1
2132,1
2133,5
2134,4
2135,2
2136,1
2137,3
2138,5
2139,2
2140,4
2141,4
2142,2
2143,2
2144,2
2145,5
2146,4
2147,3
2148,2
2149,5
2150,3
2151,2
2152,4
2153,5
2154,2
2155,4
2156,1
2157,4
2158,4
2159,3
2160,5
2161,2
2162,1
2163,4
2164,4
2165,4
2166,1
2167,2
2168,3
2169,5
2170,3
2171,3
2172,1
2173,3
2174,1
2175,2
2176,1
2177,1
2178,1
2179,3
2180,2
2181,1
2182,1
2183,1
2184,3
2185,3
2186,5
2187,3
2188,2
2189,1
2190,2
2191,2
2192,4
2193,1
2194,5
2195,3
2196,3
2197,1
2198,3
2199,3
2200,5
2201,4
2202,1
2203,2
2204,3
2205,3
2206,2
2207,4
2208,4
2209,4
2210,3
2211,1
2212,3
2213,3
2214,3
2215,5
2216,5
2217,1
2218,2
2219,1
2220,1
2221,1
2222,4
2223,4
2224,1
2225,1
2226,5
2227,3
2228,3
2229,5
2230,2
2231,1
2232,4
2233,2
2234,3
2235,2
2236,2
2237,3
2238,3
2239,4
2240,5
2241,3
2242,4
2243,4
2244,5
2245,4
2246,4
2247,1
2248,4
2249,4
2250,4
2251,1
2252,4
2253,4
2254,3
2255,2
2256,3
2257,4
2258,1
2259,5
2260,2
2261,5
2262,4
2263,1
2264,3
2265,5
2266,2
2267,5
2268,5
2269,5
2270,4
2271,3
2272,5
2273,5
2274,3
2275,2
2276,1
2277,2
2278,5
2279,3
2280,2
2281,2
2282,2
2283,2
2284,1
2285,5
2286,1
2287,5
2288,4
2289,1
2290,2
2291,3
2292,2
2293,4
2294,4
2295,3
2296,2
2297,4
2298,5
2299,4
2300,2
2301,2
2302,2
2303,1
2304,1
2305,4
2306,4
2307,1
2308,5
2309,5
2310,3
2311,4
2312,5
2313,4
2314,3
2315,3
2316,1
2317,5
2318,5
2319,3
2320,5
2321,3
2322,4
2323,5
2324,4
2325,4
2326,1
2327,3
2328,3
2329,1
2330,1
2331,4
2332,3
2333,2
2334,3
2335,5
2336,2
2337,1
2338,2
2339,5
2340,2
2341,1
2342,2
2343,1
2344,1
2345,2
2346,5
2347,1
2348,5
2349,1
2350,2
2351,5
2352,5
2353,3
2354,5
2355,4
2356,3
2357,3
2358,4
2359,4
2360,4
2361,4
2362,1
2363,5
2364,4
2365,5
2366,3
2367,1
2368,2
2369,3
2370,2
2371,3
2372,1
2373,3
2374,5
2375,2
2376,1
2377,4
2378,2
2379,4
2380,5
2381,5
2382,3
2383,4
2384,1
2385,1
2386,5
2387,3
2388,1
2389,1
2390,3
2391,1
2392,5
2393,2
2394,4
2395,4
2396,1
2397,2
2398,3
2399,1
2400,5
2401,5
2402,3
2403,1
2404,2
2405,4
2406,3
2407,5
2408,4
2409,1
2410,5
2411,2
2412,3
2413,1
2414,4
2415,4
2416,1
2417,5
2418,2
2419,1
2420,2
2421,4
2422,4
2423,1
2424,4
2425,2
2426,1
2427,4
2428,1
2429,5
2430,3
2431,3
2432,5
2433,4
2434,3
2435,3
2436,2
2437,5
2438,4
2439,2
2440,4
2441,3
2442,5
2443,3
2444,1
2445,2
2446,1
2447,4
2448,4
2449,3
2450,1
2451,2
2452,5
2453,4
2454,4
2455,2
2456,2
2457,5
2458,1
2459,3
2460,4
2461,4
2462,1
2463,5
2464,5
2465,1
2466,3
2467,1
2468,3
2469,5
2470,4
2471,2
2472,5
2473,2
2474,2
2475,3
2476,3
2477,5
2478,3
2479,5
2480,3
2481,3
2482,3
2483,2
2484,1
2485,4
2486,5
2487,3
2488,5
2489,2
2490,2
2491,3
2492,1
2493,1
2494,2
2495,2
2496,5
2497,1
2498,4
2499,2
2500,4
2501,4
2502,2
2503,4
2504,4
2505,2
2506,4
2507,4
2508,2
2509,1
2510,2
2511,5
2512,4
2513,2
2514,5
2515,3
2516,2
2517,5
2518,4
2519,2
2520,1
2521,5
2522,5
2523,1
2524,2
2525,5
2526,1
2527,3
2528,2
2529,1
2530,5
2531,1
2532,3
2533,4
2534,4
2535,5
2536,4
2537,3
2538,4
2539,1
2540,5
2541,1
2542,3
2543,1
2544,1
2545,4
2546,2
2547,1
2548,3
2549,1
2550,4
2551,2
2552,4
2553,5
2554,2
2555,4
2556,5
2557,1
2558,2
2559,5
2560,1
2561,3
2562,1
2563,1
2564,2
2565,4
2566,4
2567,5
2568,1
2569,1
2570,3
2571,1
2572,3
2573,3
2574,2
2575,3
2576,1
2577,4
2578,5
2579,4
2580,4
2581,3
2582,2
2583,1
2584,2
2585,1
2586,3
2587,3
2588,5
2589,1
2590,5
2591,2
2592,2
2593,3
2594,4
2595,4
2596,1
2597,2
2598,1
2599,2
2600,3
2601,1
2602,4
2603,1
2604,2
2605,5
2606,3
2607,3
2608,5
2609,5
2610,3
2611,4
2612,3
2613,3
2614,3
2615,5
2616,1
2617,4
2618,1
2619,3
2620,1
2621,5
2622,2
2623,3
2624,1
2625,5
2626,2
2627,1
2628,1
2629,1
2630,4
2631,2
2632,1
2633,2
2634,5
2635,4
2636,4
2637,1
2638,2
2639,2
2640,2
2641,3
2642,3
2643,3
2644,1
2645,4
2646,4
2647,3
2648,5
2649,4
2650,2
2651,5
2652,4
2653,1
2654,3
2655,2
2656,4
2657,4
2658,1
2659,5
2660,5
2661,1
2662,1
2663,2
2664,2
2665,2
2666,2
2667,1
2668,3
2669,5
2670,3
2671,1
2672,2
2673,1
2674,5
2675,5
2676,5
2677,4
2678,5
2679,3
2680,4
2681,5
2682,4
2683,2
2684,4
2685,3
2686,5
2687,5
2688,3
2689,3
2690,4
2691,3
2692,1
2693,3
2694,1
2695,3
2696,4
2697,5
2698,5
2699,5
2700,5
2701,3
2702,2
2703,3
2704,1
2705,5
2706,2
2707,4
2708,1
2709,1
2710,1
2711,5
2712,4
2713,2
2714,2
2715,4
2716,3
2717,3
2718,2
2719,5
2720,3
2721,2
2722,5
2723,5
2724,5
2725,1
2726,4
2727,1
2728,1
2729,1
2730,3
2731,1
2732,1
2733,3
2734,2
2735,4
2736,3
2737,5
2738,5
2739,5
2740,2
2741,3
2742,1
2743,4
2744,4
2745,5
2746,2
2747,4
2748,3
2749,5
2750,5
2751,4
2752,5
2753,4
2754,1
2755,3
2756,4
2757,5
2758,2
2759,2
2760,2
2761,5
2762,1
2763,3
2764,5
2765,4
2766,4
2767,4
2768,2
2769,5
2770,3
2771,5
2772,3
2773,4
2774,1
2775,5
2776,1
2777,4
2778,1
2779,3
2780,2
2781,1
2782,1
2783,5
2784,2
2785,3
2786,2
2787,5
2788,2
2789,4
2790,4
2791,4
2792,4
2793,3
2794,1
2795,4
2796,2
2797,2
2798,5
2799,2
2800,4
2801,3
2802,1
2803,5
2804,4
2805,1
2806,3
2807,5
2808,1
2809,3
2810,3
2811,1
2812,1
2813,3
2814,1
2815,5
2816,5
2817,4
2818,1
2819,3
2820,3
2821,5
2822,3
2823,1
2824,5
2825,1
2826,3
2827,5
2828,1
2829,2
2830,1
2831,1
2832,1
2833,2
2834,3
2835,2
2836,4
2837,2
2838,3
2839,2
2840,3
2841,3
2842,2
2843,1
2844,4
2845,3
2846,4
2847,2
2848,2
2849,4
2850,5
2851,3
2852,2
2853,5
2854,3
2855,1
2856,3
2857,4
2858,1
2859,3
2860,1
2861,4
2862,4
2863,1
2864,5
2865,5
2866,3
2867,5
2868,2
2869,2
2870,4
2871,1
2872,1
2873,4
2874,4
2875,5
2876,5
2877,4
2878,2
2879,1
2880,2
2881,3
2882,2
2883,2
2884,5
2885,2
2886,1
2887,4
2888,3
2889,3
2890,2
2891,5
2892,1
2893,4
2894,5
2895,1
2896,3
2897,1
2898,3
2899,5
2900,2
2901,2
2902,2
2903,3
2904,5
2905,1
2906,4
2907,1
2908,3
2909,4
2910,4
2911,4
2912,5
2913,4
2914,3
2915,1
2916,3
2917,2
2918,2
2919,3
2920,4
2921,2
2922,1
2923,5
2924,4
2925,3
2926,4
2927,5
2928,3
2929,4
2930,5
2931,1
2932,2
2933,1
2934,5
2935,4
2936,1
2937,1
2938,3
2939,4
2940,2
2941,3
2942,4
2943,5
2944,4
2945,4
2946,1
2947,1
2948,5
2949,1
2950,3
2951,4
2952,2
2953,1
2954,5
2955,2
2956,4
2957,5
2958,4
2959,1
2960,4
2961,3
2962,5
2963,5
2964,5
2965,4
2966,2
2967,4
2968,1
2969,5
2970,4
2971,1
2972,5
2973,5
2974,5
2975,3
2976,3
2977,5
2978,4
2979,5
2980,2
2981,1
2982,5
2983,2
2984,5
2985,4
2986,2
2987,1
2988,1
2989,2
2990,2
2991,2
2992,3
2993,5
2994,5
2995,4
2996,1
2997,3
2998,2
2999,5
3000,1
3001,4
3002,1
3003,3
3004,5
3005,2
3006,1
3007,4
3008,1
3009,4
3010,5
3011,3
3012,3
3013,5
3014,1
3015,1
3016,4
3017,1
3018,4
3019,5
3020,1
3021,3
3022,5
3023,2
3024,3
3025,4
3026,1
3027,2
3028,2
3029,1
3030,3
3031,1
3032,4
3033,2
3034,2
3035,4
3036,4
3037,3
3038,5
3039,4
3040,5
3041,3
3042,4
3043,1
3044,3
3045,3
3046,2
3047,5
3048,4
3049,2
3050,3
3051,2
3052,4
3053,3
3054,5
3055,1
3056,2
3057,4
3058,5
3059,1
3060,4
3061,4
3062,4
3063,4
3064,1
3065,1
3066,4
3067,1
3068,1
3069,1
3070,2
3071,3
3072,5
3073,1
3074,4
3075,4
3076,3
3077,2
3078,4
3079,5
3080,4
3081,5
3082,2
3083,2
3084,3
3085,5
3086,5
3087,4
3088,3
3089,3
3090,2
3091,5
3092,3
3093,1
3094,5
3095,3
3096,5
3097,2
3098,3
3099,4
3100,5
3101,1
3102,5
3103,1
3104,3
3105,1
3106,1
3107,3
3108,3
3109,5
3110,5
3111,5
3112,1
3113,4
3114,2
3115,1
3116,3
3117,5
3118,4
3119,4
3120,5
3121,1
3122,5
3123,1
3124,5
3125,1
3126,1
3127,4
3128,2
3129,1
3130,2
3131,2
3132,2
3133,4
3134,5
3135,5
3136,1
3137,2
3138,1
3139,2
3140,2
3141,1
3142,1
3143,5
3144,2
3145,5
3146,3
3147,5
3148,5
3149,1
3150,3
3151,1
3152,3
3153,3
3154,4
3155,2
3156,2
3157,2
3158,4
3159,3
3160,2
3161,5
3162,3
3163,4
3164,2
3165,1
3166,5
3167,2
3168,4
3169,3
3170,3
3171,3
3172,2
3173,3
3174,5
3175,1
3176,1
3177,5
3178,5
3179,4
3180,2
3181,1
3182,1
3183,1
3184,4
3185,5
3186,2
3187,2
3188,1
3189,4
3190,3
3191,5
3192,5
3193,4
3194,1
3195,1
3196,3
3197,4
3198,1
3199,2
3200,4
3201,5
3202,1
3203,4
3204,2
3205,5
3206,4
3207,1
3208,4
3209,1
3210,2
3211,3
3212,5
3213,2
3214,3
3215,1
3216,5
3217,4
3218,5
3219,2
3220,2
3221,2
3222,3
3223,1
3224,2
3225,2
3226,3
3227,5
3228,4
3229,4
3230,4
3231,5
3232,5
3233,5
3234,4
3235,2
3236,2
3237,2
3238,1
3239,3
3240,2
3241,1
3242,1
3243,5
3244,4
3245,3
3246,3
3247,1
3248,4
3249,1
3250,2
3251,1
3252,1
3253,4
3254,2
3255,3
3256,1
3257,4
3258,4
3259,5
3260,2
3261,1
3262,4
3263,2
3264,1
3265,5
3266,2
3267,1
3268,1
3269,5
3270,1
3271,1
3272,3
3273,3
3274,3
3275,5
3276,5
3277,1
3278,2
3279,3
3280,4
3281,5
3282,5
3283,2
3284,5
3285,2
3286,1
3287,1
3288,5
3289,1
3290,5
3291,3
3292,5
3293,5
3294,1
3295,4
3296,4
3297,2
3298,3
3299,4
3300,3
3301,5
3302,3
3303,2
3304,1
3305,3
3306,4
3307,1
3308,5
3309,2
3310,5
3311,1
3312,2
3313,2
3314,3
3315,1
3316,5
3317,4
3318,3
3319,1
3320,4
3321,1
3322,4
3323,3
3324,1
3325,4
3326,3
3327,4
3328,4
3329,4
3330,5
3331,3
3332,3
3333,5
3334,2
3335,1
3336,3
3337,3
3338,2
3339,5
3340,4
3341,4
3342,1
3343,5
3344,3
3345,1
3346,2
3347,1
3348,1
3349,5
3350,2
3351,1
3352,1
3353,1
3354,3
3355,4
3356,2
3357,1
3358,4
3359,1
3360,4
3361,2
3362,1
3363,3
3364,3
3365,3
3366,2
3367,3
3368,4
3369,1
3370,4
3371,1
3372,2
3373,3
3374,1
3375,5
3376,3
3377,3
3378,1
3379,1
3380,2
3381,2
3382,4
3383,3
3384,2
3385,3
3386,5
3387,5
3388,3
3389,3
3390,1
3391,5
3392,2
3393,4
3394,5
3395,2
3396,2
3397,3
3398,2
3399,3
3400,4
3401,4
3402,2
3403,1
3404,5
3405,2
3406,1
3407,5
3408,3
3409,3
3410,3
3411,3
3412,3
3413,4
3414,1
3415,2
3416,1
3417,2
3418,4
3419,5
3420,1
3421,4
3422,1
3423,5
3424,5
3425,4
3426,3
3427,5
3428,3
3429,2
3430,3
3431,4
3432,3
3433,3
3434,5
3435,4
3436,1
3437,2
3438,2
3439,3
3440,4
3441,4
3442,4
3443,4
3444,2
3445,4
3446,5
3447,4
3448,2
3449,2
3450,5
3451,4
3452,1
3453,2
3454,5
3455,2
3456,1
3457,4
3458,4
3459,5
3460,2
3461,5
3462,3
3463,5
3464,4
3465,1
3466,4
3467,4
3468,5
3469,5
3470,5
3471,1
3472,3
3473,2
3474,2
3475,3
3476,4
3477,3
3478,3
3479,1
3480,5
3481,3
3482,1
3483,5
3484,5
3485,2
3486,4
3487,2
3488,4
3489,1
3490,2
3491,2
3492,1
3493,1
3494,1
3495,3
3496,3
3497,1
3498,2
3499,1
3500,5
3501,2
3502,3
3503,1
3504,4
3505,3
3506,4
3507,4
3508,2
3509,2
3510,5
3511,2
3512,4
3513,2
3514,2
3515,2
3516,4
3517,3
3518,2
3519,3
3520,3
3521,3
3522,4
3523,2
3524,3
3525,1
3526,4
3527,4
3528,2
3529,3
3530,1
3531,4
3532,2
3533,4
3534,4
3535,3
3536,2
3537,5
3538,4
3539,5
3540,2
3541,3
3542,1
3543,5
3544,3
3545,2
3546,1
3547,5
3548,4
3549,5
3550,5
3551,5
3552,1
3553,3
3554,2
3555,4
3556,5
3557,4
3558,5
3559,5
3560,3
3561,2
3562,4
3563,4
3564,1
3565,2
3566,5
3567,3
3568,5
3569,1
3570,3
3571,5
3572,2
3573,2
3574,5
3575,2
3576,1
3577,2
3578,4
3579,4
3580,3
3581,2
3582,2
3583,3
3584,3
3585,4
3586,1
3587,2
3588,5
3589,3
3590,1
3591,1
3592,2
3593,3
3594,5
3595,5
3596,4
3597,1
3598,1
3599,2
3600,4
3601,3
3602,5
3603,2
3604,4
3605,3
3606,1
3607,1
3608,2
3609,1
3610,2
3611,2
3612,5
3613,1
3614,5
3615,3
3616,5
3617,1
3618,4
3619,4
3620,3
3621,4
3622,1
3623,3
3624,4
3625,4
3626,2
3627,1
3628,5
3629,1
3630,5
3631,3
3632,5
3633,1
3634,5
3635,4
3636,5
3637,2
3638,4
3639,5
3640,5
3641,1
3642,1
3643,3
3644,2
3645,3
3646,1
3647,2
3648,4
3649,1
3650,1
3651,4
3652,4
3653,2
3654,2
3655,5
3656,5
3657,5
3658,5
3659,4
3660,4
3661,1
3662,2
3663,4
3664,5
3665,3
3666,5
3667,2
3668,2
3669,5
3670,1
3671,2
3672,4
3673,2
3674,2
3675,5
3676,2
3677,4
3678,1
3679,1
3680,2
3681,3
3682,1
3683,2
3684,2
3685,5
3686,3
3687,5
3688,5
3689,1
3690,4
3691,1
3692,2
3693,4
3694,3
3695,1
3696,3
3697,4
3698,4
3699,1
3700,4
3701,4
3702,4
3703,5
3704,3
3705,5
3706,5
3707,5
3708,1
3709,5
3710,5
3711,3
3712,1
3713,2
3714,2
3715,5
3716,1
3717,2
3718,5
3719,5
3720,2
3721,1
3722,4
3723,1
3724,2
3725,3
3726,1
3727,4
3728,4
3729,4
3730,3
3731,3
3732,3
3733,1
3734,3
3735,3
3736,3
3737,5
3738,1
3739,1
3740,2
3741,2
3742,4
3743,5
3744,5
3745,5
3746,1
3747,2
3748,4
3749,3
3750,2
3751,2
3752,3
3753,1
3754,4
3755,2
3756,5
3757,5
3758,1
3759,1
3760,2
3761,2
3762,4
3763,1
3764,5
3765,4
3766,5
3767,4
3768,4
3769,4
3770,1
3771,3
3772,1
3773,4
3774,2
3775,4
3776,4
3777,1
3778,1
3779,3
3780,5
3781,3
3782,1
3783,5
3784,4
3785,3
3786,2
3787,3
3788,5
3789,3
3790,4
3791,2
3792,3
3793,4
3794,5
3795,3
3796,5
3797,3
3798,1
3799,2
3800,5
3801,1
3802,2
3803,3
3804,4
3805,3
3806,2
3807,2
3808,2
3809,1
3810,2
3811,5
3812,3
3813,1
3814,1
3815,5
3816,3
3817,4
3818,1
3819,2
3820,5
3821,1
3822,4
3823,5
3824,3
3825,5
3826,4
3827,5
3828,2
3829,1
3830,2
3831,2
3832,4
3833,3
3834,5
3835,1
3836,4
3837,2
3838,2
3839,3
3840,1
3841,2
3842,1
3843,2
3844,3
3845,5
3846,1
3847,5
3848,1
3849,5
3850,4
3851,4
3852,3
3853,4
3854,1
3855,1
3856,5
3857,2
3858,2
3859,2
3860,3
3861,1
3862,3
3863,4
3864,4
3865,1
3866,2
3867,3
3868,4
3869,5
3870,1
3871,5
3872,3
3873,2
3874,1
3875,3
3876,5
3877,4
3878,5
3879,3
3880,5
3881,3
3882,2
3883,4
3884,5
3885,1
3886,3
3887,3
3888,3
3889,2
3890,5
3891,3
3892,5
3893,2
3894,2
3895,2
3896,5
3897,4
3898,4
3899,4
3900,1
3901,3
3902,5
3903,3
3904,5
3905,5
3906,4
3907,5
3908,4
3909,3
3910,2
3911,5
3912,4
3913,3
3914,1
3915,3
3916,4
3917,5
3918,1
3919,4
3920,2
3921,1
3922,1
3923,1
3924,3
3925,1
3926,3
3927,3
3928,1
3929,3
3930,4
3931,5
3932,4
3933,4
3934,1
3935,5
3936,2
3937,2
3938,1
3939,5
3940,1
3941,1
3942,5
3943,5
3944,1
3945,5
3946,2
3947,2
3948,3
3949,3
3950,4
3951,3
3952,1
3953,2
3954,3
3955,4
3956,5
3957,2
3958,2
3959,4
3960,1
3961,4
3962,1
3963,4
3964,2
3965,1
3966,3
3967,5
3968,4
3969,4
3970,1
3971,2
3972,1
3973,2
3974,4
3975,4
3976,3
3977,1
3978,2
3979,3
3980,1
3981,1
3982,3
3983,5
3984,2
3985,4
3986,4
3987,4
3988,3
3989,5
3990,4
3991,4
3992,2
3993,3
3994,4
3995,1
3996,2
3997,3
3998,1
3999,1
4000,3
4001,5
4002,3
4003,1
4004,4
4005,5
4006,3
4007,3
4008,5
4009,2
4010,3
4011,2
4012,4
4013,1
4014,3
4015,2
4016,3
4017,3
4018,2
4019,4
4020,3
4021,3
4022,3
4023,2
4024,5
4025,4
4026,5
4027,3
4028,4
4029,5
4030,1
4031,3
4032,4
4033,1
4034,5
4035,2
4036,3
4037,5
4038,5
4039,4
4040,5
4041,3
4042,3
4043,1
4044,3
4045,4
4046,5
4047,2
4048,1
4049,1
4050,3
4051,5
4052,2
4053,1
4054,5
4055,2
4056,2
4057,5
4058,2
4059,4
4060,2
4061,3
4062,1
4063,3
4064,3
4065,4
4066,3
4067,4
4068,3
4069,2
4070,5
4071,1
4072,5
4073,5
4074,2
4075,3
4076,3
4077,4
4078,5
4079,2
4080,1
4081,1
4082,4
4083,2
4084,3
4085,5
4086,1
4087,2
4088,1
4089,5
4090,4
4091,1
4092,1
4093,4
4094,2
4095,3
4096,1
4097,2
4098,3
4099,4
4100,4
4101,4
4102,2
4103,1
4104,1
4105,5
4106,1
4107,1
4108,4
4109,3
4110,2
4111,2
4112,3
4113,1
4114,3
4115,5
4116,1
4117,3
4118,1
4119,1
4120,2
4121,1
4122,3
4123,3
4124,5
4125,5
4126,3
4127,5
4128,2
4129,1
4130,4
4131,4
4132,5
4133,5
4134,4
4135,4
4136,3
4137,4
4138,5
4139,1
4140,2
4141,1
4142,2
4143,1
4144,3
4145,5
4146,2
4147,5
4148,3
4149,1
4150,5
4151,5
4152,2
4153,3
4154,2
4155,1
4156,2
4157,1
4158,3
4159,2
4160,5
4161,2
4162,3
4163,3
4164,1
4165,5
4166,2
4167,4
4168,2
4169,5
4170,1
4171,4
4172,5
4173,3
4174,3
4175,5
4176,4
4177,3
4178,3
4179,4
4180,1
4181,4
4182,4
4183,1
4184,3
4185,1
4186,3
4187,5
4188,1
4189,5
4190,3
4191,4
4192,4
4193,2
4194,5
4195,3
4196,4
4197,4
4198,5
4199,3
4200,2
4201,2
4202,4
4203,4
4204,4
4205,5
4206,5
4207,1
4208,4
4209,2
4210,1
4211,5
4212,2
4213,2
4214,2
4215,2
4216,4
4217,2
4218,1
4219,3
4220,2
4221,5
4222,4
4223,1
4224,4
4225,5
4226,2
4227,3
4228,2
4229,5
4230,4
4231,3
4232,4
4233,4
4234,2
4235,3
4236,4
4237,2
4238,4
4239,1
4240,2
4241,4
4242,1
4243,2
4244,3
4245,3
4246,5
4247,3
4248,2
4249,2
4250,5
4251,1
4252,3
4253,3
4254,2
4255,2
4256,5
4257,2
4258,4
4259,5
4260,3
4261,4
4262,4
4263,1
4264,2
4265,4
4266,4
4267,1
4268,3
4269,2
4270,2
4271,4
4272,4
4273,2
4274,3
4275,5
4276,1
4277,4
4278,1
4279,2
4280,5
4281,4
4282,1
4283,3
4284,4
4285,3
4286,3
4287,2
4288,4
4289,1
4290,2
4291,1
4292,4
4293,3
4294,2
4295,4
4296,1
4297,1
4298,1
4299,4
4300,5
4301,2
4302,2
4303,2
4304,3
4305,3
4306,5
4307,2
4308,4
4309,2
4310,2
4311,5
4312,2
4313,4
4314,5
4315,4
4316,1
4317,5
4318,4
4319,1
4320,3
4321,2
4322,3
4323,4
4324,1
4325,4
4326,4
4327,3
4328,3
4329,2
4330,3
4331,3
4332,5
4333,2
4334,3
4335,4
4336,3
4337,4
4338,5
4339,3
4340,1
4341,4
4342,1
4343,1
4344,4
4345,5
4346,2
4347,5
4348,1
4349,2
4350,4
4351,5
4352,5
4353,1
4354,1
4355,2
4356,1
4357,3
4358,5
4359,4
4360,2
4361,5
4362,2
4363,3
4364,5
4365,3
4366,5
4367,2
4368,2
4369,4
4370,2
4371,1
4372,3
4373,2
4374,3
4375,4
4376,1
4377,5
4378,4
4379,5
4380,5
4381,2
4382,3
4383,3
4384,5
4385,2
4386,5
4387,5
4388,1
4389,1
4390,5
4391,1
4392,4
4393,4
4394,4
4395,3
4396,4
4397,1
4398,5
4399,5
4400,2
4401,3
4402,4
4403,4
4404,5
4405,1
4406,1
4407,2
4408,1
4409,3
4410,4
4411,4
4412,4
4413,3
4414,4
4415,1
4416,3
4417,1
4418,4
4419,3
4420,4
4421,5
4422,4
4423,1
4424,4
4425,5
4426,1
4427,5
4428,4
4429,5
4430,3
4431,5
4432,1
4433,4
4434,3
4435,5
4436,3
4437,1
4438,3
4439,4
4440,4
4441,4
4442,2
4443,1
4444,3
4445,2
4446,3
4447,2
4448,1
4449,3
4450,3
4451,3
4452,3
4453,1
4454,4
4455,3
4456,4
4457,2
4458,2
4459,1
4460,3
4461,3
4462,2
4463,3
4464,5
4465,2
4466,2
4467,2
4468,2
4469,3
4470,5
4471,5
4472,1
4473,2
4474,4
4475,1
4476,4
4477,2
4478,3
4479,4
4480,5
4481,3
4482,5
4483,1
4484,5
4485,3
4486,3
4487,2
4488,4
4489,5
4490,3
4491,3
4492,3
4493,2
4494,5
4495,1
4496,3
4497,3
4498,3
4499,5
4500,4
4501,3
4502,3
4503,2
4504,1
4505,4
4506,3
4507,5
4508,5
4509,5
4510,1
4511,3
4512,4
4513,2
4514,4
4515,3
4516,3
4517,4
4518,4
4519,3
4520,4
4521,1
4522,4
4523,2
4524,4
4525,4
4526,3
4527,2
4528,2
4529,3
4530,3
4531,2
4532,4
4533,5
4534,5
4535,2
4536,2
4537,3
4538,4
4539,3
4540,3
4541,2
4542,4
4543,5
4544,3
4545,5
4546,3
4547,2
4548,5
4549,3
4550,4
4551,3
4552,2
4553,5
4554,5
4555,5
4556,4
4557,1
4558,5
4559,3
4560,4
4561,4
4562,5
4563,1
4564,5
4565,2
4566,5
4567,3
4568,3
4569,4
4570,2
4571,4
4572,3
4573,5
4574,3
4575,2
4576,4
4577,3
4578,2
4579,5
4580,5
4581,1
4582,4
4583,1
4584,5
4585,4
4586,1
4587,4
4588,5
4589,1
4590,4
4591,5
4592,3
4593,1
4594,3
4595,5
4596,5
4597,2
4598,5
4599,5
4600,1
4601,3
4602,3
4603,4
4604,5
4605,1
4606,2
4607,3
4608,2
4609,3
4610,3
4611,4
4612,1
4613,2
4614,5
4615,2
4616,3
4617,1
4618,3
4619,5
4620,4
4621,1
4622,4
4623,1
4624,3
4625,2
4626,5
4627,2
4628,1
4629,5
4630,2
4631,4
4632,1
4633,3
4634,2
4635,3
4636,4
4637,2
4638,1
4639,5
4640,3
4641,1
4642,5
4643,3
4644,4
4645,5
4646,5
4647,1
4648,4
4649,1
4650,2
4651,5
4652,4
4653,3
4654,5
4655,2
4656,4
4657,1
4658,1
4659,5
4660,2
4661,5
4662,5
4663,1
4664,4
4665,1
4666,3
4667,3
4668,5
4669,5
4670,2
4671,3
4672,2
4673,1
4674,5
4675,4
4676,3
4677,2
4678,1
4679,1
4680,1
4681,5
4682,2
4683,2
4684,2
4685,3
4686,3
4687,1
4688,4
4689,3
4690,4
4691,5
4692,2
4693,4
4694,1
4695,5
4696,1
4697,3
4698,5
4699,5
4700,5
4701,2
4702,4
4703,5
4704,1
4705,4
4706,2
4707,3
4708,1
4709,2
4710,2
4711,4
4712,2
4713,1
4714,5
4715,5
4716,2
4717,1
4718,5
4719,2
4720,2
4721,1
4722,2
4723,1
4724,5
4725,5
4726,3
4727,2
4728,5
4729,1
4730,4
4731,5
4732,2
4733,2
4734,3
4735,4
4736,1
4737,5
4738,4
4739,4
4740,5
4741,2
4742,5
4743,4
4744,2
4745,1
4746,3
4747,4
4748,2
4749,1
4750,1
4751,5
4752,5
4753,3
4754,1
4755,2
4756,5
4757,1
4758,4
4759,2
4760,4
4761,4
4762,4
4763,2
4764,1
4765,2
4766,5
4767,3
4768,1
4769,5
4770,1
4771,4
4772,3
4773,3
4774,2
4775,2
4776,4
4777,3
4778,4
4779,2
4780,2
4781,1
4782,2
4783,1
4784,1
4785,3
4786,1
4787,5
4788,3
4789,1
4790,3
4791,2
4792,1
4793,1
4794,2
4795,4
4796,2
4797,4
4798,1
4799,4
4800,3
4801,4
4802,1
4803,2
4804,2
4805,3
4806,2
4807,4
4808,5
4809,5
4810,4
4811,4
4812,2
4813,3
4814,5
4815,3
4816,4
4817,3
4818,4
4819,3
4820,4
4821,2
4822,5
4823,5
4824,5
4825,5
4826,3
4827,4
4828,5
4829,5
4830,5
4831,1
4832,2
4833,3
4834,5
4835,5
4836,2
4837,1
4838,2
4839,5
4840,4
4841,5
4842,5
4843,4
4844,5
4845,4
4846,4
4847,3
4848,3
4849,2
4850,3
4851,2
4852,1
4853,4
4854,5
4855,1
4856,4
4857,1
4858,2
4859,4
4860,4
4861,4
4862,2
4863,2
4864,5
4865,1
4866,3
4867,4
4868,5
4869,3
4870,4
4871,3
4872,2
4873,1
4874,2
4875,2
4876,5
4877,1
4878,2
4879,1
4880,4
4881,1
4882,1
4883,1
4884,3
4885,2
4886,5
4887,5
4888,1
4889,5
4890,2
4891,1
4892,3
4893,5
4894,2
4895,4
4896,4
4897,5
4898,1
4899,1
4900,4
4901,5
4902,3
4903,2
4904,3
4905,3
4906,1
4907,5
4908,5
4909,1
4910,5
4911,3
4912,1
4913,4
4914,2
4915,5
4916,1
4917,5
4918,3
4919,3
4920,3
4921,4
4922,4
4923,2
4924,4
4925,5
4926,3
4927,2
4928,1
4929,4
4930,3
4931,1
4932,3
4933,5
4934,3
4935,3
4936,2
4937,4
4938,3
4939,2
4940,1
4941,1
4942,1
4943,3
4944,5
4945,1
4946,4
4947,3
4948,3
4949,1
4950,4
4951,3
4952,5
4953,2
4954,5
4955,3
4956,3
4957,2
4958,1
4959,1
4960,4
4961,3
4962,1
4963,4
4964,1
4965,5
4966,2
4967,3
4968,1
4969,1
4970,5
4971,1
4972,2
4973,1
4974,4
4975,1
4976,1
4977,2
4978,1
4979,1
4980,1
4981,3
4982,5
4983,5
4984,3
4985,1
4986,4
4987,4
4988,1
4989,3
4990,2
4991,5
4992,1
4993,1
4994,1
4995,4
4996,1
4997,1
4998,5
4999,4
5000,4
5001,1
5002,4
5003,2
5004,3
5005,4
5006,1
5007,4
5008,2
5009,4
5010,5
5011,5
5012,5
5013,4
5014,1
5015,2
5016,1
5017,5
5018,2
5019,5
5020,4
5021,5
5022,4
5023,2
5024,4
5025,4
5026,4
5027,2
5028,1
5029,1
5030,1
5031,4
5032,2
5033,3
5034,2
5035,4
5036,3
5037,5
5038,3
5039,1
5040,3
5041,1
5042,3
5043,1
5044,4
5045,1
5046,2
5047,3
5048,4
5049,2
5050,4
5051,5
5052,4
5053,3
5054,3
5055,5
5056,2
5057,1
5058,2
5059,3
5060,3
5061,2
5062,4
5063,3
5064,3
5065,3
5066,1
5067,5
5068,1
5069,5
5070,1
5071,2
5072,1
5073,2
5074,2
5075,5
5076,1
5077,5
5078,5
5079,1
5080,2
5081,4
5082,4
5083,2
5084,1
5085,3
5086,3
5087,2
5088,5
5089,1
5090,2
5091,5
5092,4
5093,5
5094,1
5095,5
5096,3
5097,1
5098,1
5099,4
5100,5
5101,3
5102,2
5103,4
5104,5
5105,5
5106,4
5107,4
5108,4
5109,2
5110,1
5111,5
5112,5
5113,2
5114,3
5115,4
5116,4
5117,1
5118,1
5119,4
5120,5
5121,5
5122,3
5123,4
5124,3
5125,3
5126,5
5127,1
5128,1
5129,3
5130,4
5131,3
5132,2
5133,1
5134,2
5135,1
5136,5
5137,5
5138,2
5139,3
5140,5
5141,2
5142,3
5143,5
5144,3
5145,2
5146,5
5147,3
5148,1
5149,2
5150,5
5151,4
5152,1
5153,5
5154,5
5155,1
5156,5
5157,5
5158,5
5159,3
5160,1
5161,1
5162,1
5163,4
5164,3
5165,5
5166,5
5167,2
5168,4
5169,2
5170,4
5171,1
5172,3
5173,5
5174,2
5175,1
5176,1
5177,4
5178,2
5179,4
5180,3
5181,3
5182,1
5183,1
5184,2
5185,2
5186,1
5187,4
5188,5
5189,2
5190,2
5191,1
5192,4
5193,4
5194,3
5195,5
5196,5
5197,5
5198,5
5199,3
5200,2
5201,1
5202,3
5203,4
5204,1
5205,1
5206,4
5207,1
5208,4
5209,2
5210,2
5211,2
5212,4
5213,1
5214,2
5215,2
5216,4
5217,4
5218,2
5219,1
5220,5
5221,1
5222,1
5223,2
5224,4
5225,3
5226,5
5227,1
5228,5
5229,2
5230,1
5231,3
5232,3
5233,1
5234,5
5235,2
5236,5
5237,4
5238,3
5239,2
5240,3
5241,3
5242,5
5243,5
5244,4
5245,2
5246,5
5247,5
5248,5
5249,3
5250,1
5251,2
5252,2
5253,2
5254,3
5255,2
5256,2
5257,4
5258,3
5259,5
5260,5
5261,3
5262,5
5263,3
5264,5
5265,4
5266,5
5267,4
5268,1
5269,2
5270,2
5271,4
5272,5
5273,2
5274,1
5275,4
5276,2
5277,2
5278,1
5279,3
5280,3
5281,1
5282,5
5283,2
5284,5
5285,2
5286,4
5287,1
5288,4
5289,5
5290,2
5291,3
5292,1
5293,5
5294,1
5295,3
5296,3
5297,4
5298,2
5299,3
5300,3
5301,1
5302,5
5303,3
5304,5
5305,5
5306,2
5307,2
5308,4
5309,1
5310,1
5311,1
5312,5
5313,3
5314,3
5315,3
5316,5
5317,2
5318,3
5319,3
5320,3
5321,5
5322,1
5323,1
5324,4
5325,1
5326,3
5327,3
5328,1
5329,4
5330,1
5331,3
5332,2
5333,4
5334,4
5335,5
5336,4
5337,1
5338,4
5339,4
5340,1
5341,2
5342,3
5343,1
5344,1
5345,3
5346,3
5347,5
5348,5
5349,1
5350,5
5351,2
5352,3
5353,4
5354,1
5355,5
5356,5
5357,3
5358,4
5359,1
5360,2
5361,3
5362,4
5363,2
5364,2
5365,3
5366,5
5367,4
5368,1
5369,3
5370,5
5371,5
5372,3
5373,5
5374,1
5375,2
5376,5
5377,3
5378,3
5379,4
5380,2
5381,4
5382,3
5383,3
5384,4
5385,4
5386,2
5387,1
5388,2
5389,1
5390,3
5391,5
5392,3
5393,4
5394,2
5395,2
5396,4
5397,3
5398,1
5399,5
5400,5
5401,4
5402,1
5403,1
5404,2
5405,3
5406,4
5407,4
5408,5
5409,4
5410,1
5411,2
5412,4
5413,3
5414,1
5415,2
5416,1
5417,3
5418,3
5419,4
5420,1
5421,3
5422,4
5423,2
5424,4
5425,3
5426,2
5427,3
5428,3
5429,4
5430,3
5431,2
5432,1
5433,3
5434,1
5435,4
5436,4
5437,5
5438,1
5439,2
5440,3
5441,2
5442,2
5443,5
5444,3
5445,1
5446,3
5447,1
5448,2
5449,2
5450,5
5451,4
5452,3
5453,3
5454,4
5455,1
5456,5
5457,1
5458,3
5459,2
5460,4
5461,1
5462,1
5463,4
5464,4
5465,5
5466,2
5467,1
5468,5
5469,1
5470,3
5471,5
5472,5
5473,4
5474,1
5475,4
5476,3
5477,4
5478,2
5479,3
5480,4
5481,4
5482,2
5483,4
5484,3
5485,3
5486,2
5487,1
5488,1
5489,4
5490,5
5491,1
5492,1
5493,1
5494,4
5495,3
5496,4
5497,2
5498,1
5499,1
5500,2
5501,5
5502,2
5503,3
5504,5
5505,5
5506,5
5507,1
5508,3
5509,3
5510,1
5511,5
5512,2
5513,2
5514,1
5515,4
5516,1
5517,5
5518,1
5519,1
5520,4
5521,4
5522,1
5523,3
5524,4
5525,1
5526,2
5527,5
5528,5
5529,5
5530,5
5531,3
5532,1
5533,1
5534,4
5535,2
5536,3
5537,3
5538,1
5539,3
5540,2
5541,3
5542,1
5543,4
5544,5
5545,1
5546,2
5547,2
5548,2
5549,4
5550,1
5551,4
5552,4
5553,4
5554,5
5555,2
5556,5
5557,5
5558,3
5559,1
5560,4
5561,1
5562,4
5563,3
5564,5
5565,5
5566,3
5567,4
5568,5
5569,3
5570,4
5571,2
5572,1
5573,4
5574,3
5575,2
5576,5
5577,5
5578,1
5579,3
5580,3
5581,5
5582,3
5583,1
5584,2
5585,2
5586,3
5587,1
5588,5
5589,3
5590,5
5591,2
5592,1
5593,1
5594,1
5595,5
5596,5
5597,5
5598,4
5599,2
5600,3
5601,4
5602,4
5603,1
5604,5
5605,5
5606,3
5607,5
5608,1
5609,4
5610,4
5611,3
5612,2
5613,4
5614,3
5615,3
5616,1
5617,3
5618,5
5619,5
5620,5
5621,2
5622,2
5623,4
5624,4
5625,2
5626,2
5627,4
5628,4
5629,4
5630,1
5631,5
5632,5
5633,2
5634,3
5635,3
5636,2
5637,2
5638,2
5639,1
5640,3
5641,3
5642,1
5643,2
5644,5
5645,2
5646,1
5647,3
5648,2
5649,5
5650,4
5651,3
5652,5
5653,4
5654,5
5655,1
5656,5
5657,4
5658,5
5659,3
5660,5
5661,5
5662,5
5663,1
5664,2
5665,4
5666,1
5667,3
5668,4
5669,3
5670,1
5671,4
5672,2
5673,1
5674,5
5675,4
5676,2
5677,1
5678,2
5679,2
5680,5
5681,5
5682,3
5683,1
5684,4
5685,4
5686,5
5687,3
5688,5
5689,3
5690,4
5691,5
5692,3
5693,1
5694,1
5695,3
5696,1
5697,4
5698,1
5699,2
5700,2
5701,3
5702,5
5703,2
5704,3
5705,5
5706,4
5707,1
5708,2
5709,5
5710,5
5711,2
5712,3
5713,5
5714,4
5715,1
5716,2
5717,2
5718,1
5719,5
5720,1
5721,1
5722,2
5723,2
5724,4
5725,5
5726,1
5727,4
5728,5
5729,3
5730,3
5731,4
5732,1
5733,2
5734,5
5735,2
5736,5
5737,2
5738,3
5739,2
5740,1
5741,2
5742,5
5743,1
5744,1
5745,3
5746,3
5747,2
5748,2
5749,2
5750,4
5751,1
5752,3
5753,1
5754,5
5755,4
5756,1
5757,4
5758,5
5759,4
5760,5
5761,5
5762,5
5763,5
5764,3
5765,1
5766,1
5767,2
5768,2
5769,5
5770,3
5771,3
5772,1
5773,1
5774,1
5775,4
5776,2
5777,4
5778,4
5779,4
5780,2
5781,1
5782,1
5783,5
5784,4
5785,2
5786,3
5787,4
5788,4
5789,4
5790,5
5791,5
5792,3
5793,4
5794,5
5795,4
5796,4
5797,4
5798,3
5799,3
5800,3
5801,5
5802,4
5803,3
5804,1
5805,3
5806,5
5807,2
5808,2
5809,3
5810,4
5811,3
5812,3
5813,1
5814,1
5815,2
5816,2
5817,5
5818,2
5819,5
5820,3
5821,1
5822,3
5823,4
5824,4
5825,1
5826,5
5827,2
5828,1
5829,4
5830,3
5831,5
5832,2
5833,5
5834,5
5835,1
5836,1
5837,5
5838,1
5839,3
5840,4
5841,1
5842,2
5843,3
5844,4
5845,4
5846,2
5847,4
5848,3
5849,2
5850,3
5851,4
5852,4
5853,3
5854,5
5855,3
5856,1
5857,5
5858,4
5859,2
5860,5
5861,3
5862,5
5863,4
5864,4
5865,5
5866,3
5867,3
5868,2
5869,5
5870,4
5871,4
5872,2
5873,4
5874,1
5875,2
5876,1
5877,1
5878,2
5879,4
5880,1
5881,5
5882,5
5883,1
5884,1
5885,2
5886,1
5887,2
5888,2
5889,2
5890,5
5891,4
5892,3
5893,4
5894,5
5895,5
5896,5
5897,1
5898,5
5899,5
5900,4
5901,1
5902,5
5903,5
5904,5
5905,2
5906,2
5907,2
5908,3
5909,4
5910,4
5911,1
5912,4
5913,1
5914,5
5915,5
5916,4
5917,2
5918,4
5919,1
5920,2
5921,4
5922,4
5923,1
5924,1
5925,4
5926,1
5927,4
5928,1
5929,5
5930,4
5931,3
5932,1
5933,1
5934,4
5935,4
5936,2
5937,2
5938,1
5939,5
5940,5
5941,3
5942,5
5943,3
5944,2
5945,2
5946,5
5947,4
5948,1
5949,3
5950,3
5951,5
5952,4
5953,3
5954,2
5955,2
5956,3
5957,5
5958,1
5959,2
5960,1
5961,1
5962,1
5963,3
5964,2
5965,4
5966,3
5967,5
5968,5
5969,3
5970,1
5971,3
5972,1
5973,2
5974,4
5975,4
5976,1
5977,3
5978,3
5979,4
5980,4
5981,2
5982,5
5983,5
5984,4
5985,2
5986,5
5987,2
5988,2
5989,2
5990,3
5991,3
5992,4
5993,5
5994,3
5995,1
5996,1
5997,4
5998,3
5999,5
6000,3
6001,3
6002,3
6003,5
6004,4
6005,4
6006,3
6007,5
6008,5
6009,5
6010,2
6011,3
6012,4
6013,3
6014,2
6015,5
6016,1
6017,4
6018,1
6019,2
6020,1
6021,2
6022,5
6023,1
6024,1
6025,2
6026,2
6027,2
6028,4
6029,4
6030,4
6031,4
6032,5
6033,2
6034,3
6035,1
6036,2
6037,5
6038,5
6039,2
6040,3
6041,5
6042,3
6043,5
6044,4
6045,2
6046,4
6047,3
6048,1
6049,1
6050,5
6051,4
6052,4
6053,2
6054,2
6055,1
6056,3
6057,4
6058,3
6059,2
6060,5
6061,1
6062,1
6063,1
6064,3
6065,3
6066,3
6067,4
6068,5
6069,1
6070,2
6071,1
6072,3
6073,5
6074,2
6075,3
6076,1
6077,5
6078,3
6079,1
6080,1
6081,4
6082,5
6083,5
6084,1
6085,1
6086,5
6087,4
6088,4
6089,4
6090,2
6091,5
6092,1
6093,3
6094,2
6095,4
6096,5
6097,2
6098,3
6099,5
6100,4
6101,4
6102,2
6103,1
6104,2
6105,3
6106,1
6107,1
6108,4
6109,4
6110,4
6111,3
6112,4
6113,2
6114,3
6115,3
6116,4
6117,5
6118,4
6119,3
6120,2
6121,5
6122,4
6123,5
6124,3
6125,1
6126,2
6127,2
6128,2
6129,4
6130,5
6131,3
6132,3
6133,4
6134,2
6135,5
6136,5
6137,3
6138,5
6139,1
6140,2
6141,3
6142,5
6143,4
6144,1
6145,2
6146,1
6147,1
6148,5
6149,4
6150,2
6151,5
6152,1
6153,2
6154,5
6155,3
6156,5
6157,5
6158,5
6159,4
6160,3
6161,1
6162,4
6163,2
6164,3
6165,1
6166,1
6167,5
6168,4
6169,3
6170,3
6171,2
6172,3
6173,1
6174,2
6175,5
6176,1
6177,2
6178,1
6179,1
6180,2
6181,4
6182,4
6183,4
6184,1
6185,4
6186,2
6187,5
6188,4
6189,5
6190,2
6191,1
6192,3
6193,1
6194,4
6195,4
6196,3
6197,2
6198,1
6199,1
6200,5
6201,3
6202,3
6203,1
6204,3
6205,2
6206,3
6207,3
6208,5
6209,2
6210,2
6211,1
6212,4
6213,4
6214,1
6215,5
6216,1
6217,3
6218,3
6219,5
6220,3
6221,1
6222,4
6223,3
6224,5
6225,5
6226,4
6227,4
6228,2
6229,1
6230,3
6231,2
6232,4
6233,5
6234,5
6235,3
6236,1
6237,1
6238,5
6239,4
6240,1
6241,4
6242,2
6243,1
6244,4
6245,2
6246,3
6247,2
6248,5
6249,1
6250,2
6251,1
6252,3
6253,1
6254,4
6255,5
6256,5
6257,1
6258,1
6259,1
6260,3
6261,5
6262,1
6263,3
6264,5
6265,3
6266,2
6267,1
6268,5
6269,5
6270,4
6271,3
6272,3
6273,2
6274,1
6275,3
6276,5
6277,3
6278,3
6279,4
6280,3
6281,3
6282,3
6283,4
6284,2
6285,4
6286,3
6287,1
6288,3
6289,3
6290,4
6291,5
6292,3
6293,2
6294,1
6295,1
6296,1
6297,4
6298,3
6299,4
6300,3
6301,1
6302,2
6303,1
6304,2
6305,3
6306,4
6307,5
6308,5
6309,2
6310,1
6311,2
6312,2
6313,5
6314,3
6315,5
6316,5
6317,2
6318,4
6319,3
6320,2
6321,1
6322,3
6323,1
6324,4
6325,3
6326,5
6327,5
6328,3
6329,3
6330,2
6331,2
6332,1
6333,2
6334,5
6335,4
6336,2
6337,3
6338,5
6339,3
6340,1
6341,3
6342,4
6343,3
6344,4
6345,2
6346,2
6347,1
6348,2
6349,3
6350,1
6351,4
6352,3
6353,3
6354,2
6355,1
6356,2
6357,1
6358,5
6359,5
6360,4
6361,2
6362,2
6363,4
6364,1
6365,5
6366,1
6367,5
6368,1
6369,3
6370,2
6371,1
6372,1
6373,1
6374,3
6375,4
6376,4
6377,3
6378,2
6379,2
6380,4
6381,4
6382,5
6383,2
6384,4
6385,3
6386,3
6387,5
6388,3
6389,3
6390,4
6391,1
6392,4
6393,2
6394,2
6395,5
6396,5
6397,5
6398,4
6399,5
6400,3
6401,2
6402,5
6403,1
6404,1
6405,4
6406,5
6407,5
6408,2
6409,2
6410,4
6411,1
6412,3
6413,1
6414,4
6415,1
6416,1
6417,5
6418,1
6419,1
6420,3
6421,5
6422,3
6423,2
6424,2
6425,2
6426,2
6427,5
6428,4
6429,1
6430,1
6431,4
6432,4
6433,1
6434,5
6435,3
6436,5
6437,2
6438,5
6439,5
6440,5
6441,3
6442,1
6443,3
6444,2
6445,3
6446,3
6447,3
6448,5
6449,3
6450,1
6451,5
6452,3
6453,3
6454,4
6455,3
6456,2
6457,3
6458,3
6459,1
6460,3
6461,1
6462,1
6463,1
6464,3
6465,3
6466,2
6467,2
6468,2
6469,1
6470,5
6471,1
6472,1
6473,3
6474,4
6475,2
6476,3
6477,3
6478,3
6479,5
6480,1
6481,5
6482,4
6483,4
6484,1
6485,3
6486,2
6487,4
6488,3
6489,1
6490,3
6491,5
6492,3
6493,2
6494,2
6495,3
6496,3
6497,4
6498,1
6499,1
6500,1
6501,2
6502,4
6503,4
6504,1
6505,2
6506,3
6507,2
6508,1
6509,4
6510,4
6511,2
6512,4
6513,5
6514,1
6515,1
6516,3
6517,2
6518,1
6519,3
6520,1
6521,1
6522,1
6523,4
6524,3
6525,5
6526,1
6527,1
6528,5
6529,1
6530,2
6531,2
6532,1
6533,2
6534,2
6535,5
6536,2
6537,1
6538,2
6539,1
6540,2
6541,1
6542,5
6543,5
6544,2
6545,3
6546,4
6547,1
6548,3
6549,2
6550,3
6551,1
6552,1
6553,2
6554,4
6555,2
6556,1
6557,4
6558,5
6559,3
6560,4
6561,5
6562,3
6563,4
6564,5
6565,5
6566,5
6567,5
6568,4
6569,4
6570,3
6571,5
6572,5
6573,3
6574,4
6575,3
6576,4
6577,1
6578,1
6579,3
6580,3
6581,2
6582,4
6583,5
6584,2
6585,4
6586,4
6587,5
6588,5
6589,5
6590,5
6591,5
6592,1
6593,1
6594,3
6595,1
6596,1
6597,2
6598,5
6599,5
6600,5
6601,1
6602,5
6603,1
6604,3
6605,4
6606,3
6607,5
6608,5
6609,1
6610,4
6611,1
6612,1
6613,1
6614,1
6615,5
6616,4
6617,2
6618,2
6619,1
6620,2
6621,3
6622,5
6623,2
6624,5
6625,4
6626,2
6627,5
6628,3
6629,5
6630,4
6631,5
6632,4
6633,4
6634,5
6635,1
6636,1
6637,5
6638,1
6639,2
6640,1
6641,4
6642,2
6643,4
6644,3
6645,3
6646,4
6647,2
6648,3
6649,2
6650,4
6651,3
6652,3
6653,4
6654,3
6655,1
6656,4
6657,1
6658,5
6659,1
6660,4
6661,4
6662,1
6663,2
6664,2
6665,3
6666,4
6667,4
6668,4
6669,2
6670,5
6671,2
6672,1
6673,2
6674,5
6675,3
6676,3
6677,5
6678,3
6679,2
6680,4
6681,1
6682,4
6683,2
6684,3
6685,3
6686,5
6687,1
6688,1
6689,3
6690,4
6691,2
6692,2
6693,5
6694,5
6695,1
6696,3
6697,1
6698,1
6699,3
6700,2
6701,1
6702,5
6703,4
6704,3
6705,2
6706,2
6707,2
6708,2
6709,4
6710,2
6711,5
6712,2
6713,2
6714,3
6715,4
6716,5
6717,4
6718,4
6719,2
6720,5
6721,5
6722,1
6723,2
6724,4
6725,4
6726,4
6727,5
6728,1
6729,3
6730,5
6731,5
6732,2
6733,4
6734,5
6735,3
6736,2
6737,3
6738,4
6739,1
6740,5
6741,3
6742,4
6743,1
6744,3
6745,1
6746,4
6747,3
6748,4
6749,3
6750,4
6751,1
6752,3
6753,5
6754,2
6755,2
6756,1
6757,4
6758,3
6759,4
6760,2
6761,4
6762,5
6763,3
6764,4
6765,1
6766,1
6767,2
6768,2
6769,1
6770,2
6771,4
6772,3
6773,3
6774,1
6775,3
6776,2
6777,1
6778,4
6779,4
6780,1
6781,2
6782,3
6783,3
6784,4
6785,1
6786,2
6787,1
6788,2
6789,2
6790,2
6791,4
6792,5
6793,2
6794,1
6795,2
6796,4
6797,2
6798,4
6799,5
6800,3
6801,4
6802,2
6803,3
6804,5
6805,5
6806,2
6807,3
6808,5
6809,4
6810,1
6811,5
6812,5
6813,2
6814,4
6815,4
6816,2
6817,2
6818,3
6819,3
6820,4
6821,1
6822,2
6823,3
6824,1
6825,5
6826,5
6827,4
6828,4
6829,2
6830,4
6831,5
6832,4
6833,1
6834,5
6835,5
6836,4
6837,2
6838,5
6839,4
6840,1
6841,1
6842,1
6843,4
6844,4
6845,4
6846,5
6847,1
6848,2
6849,3
6850,1
6851,1
6852,4
6853,2
6854,1
6855,3
6856,2
6857,4
6858,1
6859,3
6860,2
6861,1
6862,3
6863,3
6864,1
6865,4
6866,5
6867,3
6868,4
6869,1
6870,4
6871,4
6872,3
6873,5
6874,4
6875,2
6876,5
6877,4
6878,4
6879,4
6880,3
6881,4
6882,5
6883,3
6884,3
6885,5
6886,1
6887,4
6888,4
6889,4
6890,3
6891,5
6892,2
6893,1
6894,2
6895,1
6896,5
6897,1
6898,2
6899,1
6900,2
6901,5
6902,3
6903,3
6904,4
6905,3
6906,5
6907,5
6908,1
6909,2
6910,4
6911,4
6912,4
6913,3
6914,5
6915,5
6916,5
6917,3
6918,5
6919,5
6920,2
6921,3
6922,2
6923,1
6924,2
6925,5
6926,2
6927,3
6928,5
6929,5
6930,2
6931,4
6932,2
6933,4
6934,1
6935,5
6936,4
6937,2
6938,3
6939,3
6940,2
6941,2
6942,5
6943,5
6944,1
6945,4
6946,2
6947,5
6948,1
6949,2
6950,3
6951,1
6952,4
6953,1
6954,5
6955,3
6956,1
6957,3
6958,2
6959,2
6960,5
6961,4
6962,3
6963,2
6964,2
6965,3
6966,3
6967,4
6968,2
6969,5
6970,4
6971,2
6972,5
6973,3
6974,1
6975,2
6976,1
6977,5
6978,1
6979,4
6980,1
6981,3
6982,1
6983,2
6984,5
6985,4
6986,5
6987,2
6988,1
6989,5
6990,5
6991,2
6992,2
6993,5
6994,5
6995,5
6996,5
6997,2
6998,1
6999,1
7000,4
7001,1
7002,4
7003,1
7004,5
7005,5
7006,4
7007,4
7008,5
7009,1
7010,5
7011,1
7012,4
7013,1
7014,1
7015,1
7016,5
7017,2
7018,5
7019,2
7020,2
7021,1
7022,3
7023,1
7024,5
7025,4
7026,1
7027,1
7028,1
7029,5
7030,1
7031,1
7032,1
7033,1
7034,2
7035,3
7036,5
7037,2
7038,4
7039,1
7040,4
7041,5
7042,5
7043,2
7044,3
7045,2
7046,1
7047,3
7048,2
7049,5
7050,1
7051,1
7052,1
7053,1
7054,1
7055,3
7056,3
7057,5
7058,4
7059,3
7060,1
7061,1
7062,3
7063,4
7064,2
7065,2
7066,5
7067,4
7068,5
7069,4
7070,5
7071,2
7072,3
7073,2
7074,1
7075,4
7076,4
7077,3
7078,2
7079,1
7080,2
7081,4
7082,5
7083,1
7084,1
7085,4
7086,4
7087,4
7088,1
7089,3
7090,1
7091,2
7092,3
7093,4
7094,1
7095,1
7096,3
7097,5
7098,4
7099,5
7100,4
7101,1
7102,1
7103,4
7104,2
7105,4
7106,2
7107,4
7108,4
7109,1
7110,5
7111,1
7112,1
7113,4
7114,5
7115,2
7116,2
7117,2
7118,3
7119,5
7120,4
7121,5
7122,5
7123,3
7124,5
7125,3
7126,4
7127,1
7128,4
7129,1
7130,2
7131,5
7132,2
7133,1
7134,3
7135,3
7136,3
7137,3
7138,3
7139,2
7140,2
7141,5
7142,3
7143,2
7144,4
7145,1
7146,2
7147,2
7148,4
7149,3
7150,4
7151,3
7152,5
7153,2
7154,2
7155,2
7156,1
7157,3
7158,2
7159,5
7160,5
7161,3
7162,1
7163,5
7164,2
7165,1
7166,1
7167,5
7168,5
7169,3
7170,5
7171,3
7172,5
7173,3
7174,1
7175,3
7176,1
7177,1
7178,1
7179,4
7180,5
7181,3
7182,1
7183,1
7184,1
7185,4
7186,3
7187,1
7188,2
7189,3
7190,3
7191,2
7192,5
7193,2
7194,3
7195,2
7196,5
7197,1
7198,5
7199,1
7200,3
7201,1
7202,4
7203,3
7204,2
7205,2
7206,1
7207,1
7208,5
7209,2
7210,1
7211,4
7212,4
7213,2
7214,2
7215,5
7216,3
7217,2
7218,2
7219,2
7220,1
7221,2
7222,4
7223,4
7224,4
7225,4
7226,5
7227,4
7228,1
7229,2
7230,3
7231,4
7232,1
7233,5
7234,5
7235,4
7236,4
7237,3
7238,3
7239,2
7240,5
7241,3
7242,4
7243,3
7244,3
7245,5
7246,2
7247,3
7248,2
7249,1
7250,4
7251,5
7252,3
7253,4
7254,1
7255,5
7256,1
7257,1
7258,3
7259,5
7260,5
7261,2
7262,4
7263,3
7264,5
7265,4
7266,5
7267,4
7268,4
7269,5
7270,4
7271,1
7272,5
7273,1
7274,5
7275,3
7276,3
7277,3
7278,1
7279,5
7280,2
7281,3
7282,3
7283,5
7284,5
7285,3
7286,5
7287,3
7288,1
7289,2
7290,2
7291,2
7292,5
7293,2
7294,2
7295,5
7296,2
7297,5
7298,3
7299,1
7300,1
7301,1
7302,5
7303,4
7304,4
7305,2
7306,3
7307,5
7308,5
7309,2
7310,3
7311,4
7312,5
7313,1
7314,4
7315,4
7316,2
7317,4
7318,4
7319,1
7320,2
7321,2
7322,1
7323,4
7324,2
7325,3
7326,1
7327,3
7328,1
7329,2
7330,3
7331,4
7332,3
7333,4
7334,5
7335,1
7336,2
7337,3
7338,4
7339,2
7340,4
7341,4
7342,3
7343,4
7344,3
7345,5
7346,3
7347,4
7348,4
7349,5
7350,2
7351,2
7352,3
7353,4
7354,4
7355,3
7356,1
7357,1
7358,5
7359,3
7360,1
7361,3
7362,5
7363,4
7364,2
7365,4
7366,1
7367,4
7368,4
7369,1
7370,5
7371,5
7372,3
7373,1
7374,1
7375,3
7376,4
7377,1
7378,1
7379,4
7380,4
7381,3
7382,1
7383,1
7384,1
7385,3
7386,2
7387,5
7388,5
7389,5
7390,5
7391,5
7392,5
7393,3
7394,3
7395,5
7396,1
7397,5
7398,1
7399,4
7400,3
7401,3
7402,4
7403,1
7404,1
7405,5
7406,5
7407,2
7408,5
7409,3
7410,1
7411,4
7412,2
7413,1
7414,4
7415,3
7416,2
7417,1
7418,4
7419,5
7420,4
7421,4
7422,5
7423,1
7424,4
7425,3
7426,1
7427,5
7428,5
7429,2
7430,3
7431,3
7432,4
7433,3
7434,1
7435,1
7436,5
7437,3
7438,2
7439,2
7440,2
7441,1
7442,4
7443,1
7444,1
7445,4
7446,5
7447,3
7448,5
7449,3
7450,1
7451,1
7452,3
7453,2
7454,4
7455,5
7456,2
7457,5
7458,1
7459,5
7460,3
7461,2
7462,5
7463,5
7464,4
7465,5
7466,5
7467,1
7468,4
7469,5
7470,5
7471,3
7472,5
7473,2
7474,3
7475,1
7476,4
7477,4
7478,1
7479,3
7480,1
7481,3
7482,5
7483,1
7484,5
7485,5
7486,5
7487,5
7488,2
7489,4
7490,4
7491,2
7492,5
7493,1
7494,3
7495,5
7496,5
7497,4
7498,4
7499,4
7500,2
7501,5
7502,4
7503,2
7504,1
7505,3
7506,4
7507,5
7508,3
7509,4
7510,3
7511,4
7512,3
7513,1
7514,2
7515,2
7516,4
7517,2
7518,1
7519,1
7520,3
7521,4
7522,2
7523,3
7524,5
7525,3
7526,4
7527,4
7528,5
7529,4
7530,3
7531,3
7532,4
7533,1
7534,3
7535,4
7536,5
7537,2
7538,1
7539,4
7540,4
7541,2
7542,3
7543,1
7544,5
7545,1
7546,3
7547,3
7548,5
7549,2
7550,5
7551,1
7552,2
7553,3
7554,4
7555,5
7556,3
7557,3
7558,2
7559,3
7560,4
7561,2
7562,5
7563,5
7564,2
7565,3
7566,4
7567,2
7568,1
7569,3
7570,3
7571,5
7572,1
7573,1
7574,2
7575,1
7576,2
7577,5
7578,1
7579,1
7580,2
7581,4
7582,5
7583,1
7584,4
7585,1
7586,1
7587,3
7588,4
7589,1
7590,5
7591,3
7592,5
7593,2
7594,2
7595,5
7596,2
7597,2
7598,3
7599,5
7600,4
7601,4
7602,1
7603,4
7604,5
7605,4
7606,5
7607,2
7608,4
7609,1
7610,3
7611,4
7612,4
7613,3
7614,3
7615,4
7616,1
7617,2
7618,1
7619,2
7620,2
7621,2
7622,3
7623,4
7624,2
7625,1
7626,4
7627,4
7628,3
7629,1
7630,2
7631,4
7632,2
7633,2
7634,3
7635,1
7636,5
7637,2
7638,5
7639,3
7640,3
7641,3
7642,5
7643,4
7644,1
7645,2
7646,4
7647,4
7648,1
7649,4
7650,3
7651,2
7652,5
7653,5
7654,4
7655,2
7656,4
7657,2
7658,3
7659,4
7660,1
7661,5
7662,2
7663,5
7664,5
7665,4
7666,5
7667,3
7668,3
7669,4
7670,3
7671,4
7672,1
7673,2
7674,1
7675,2
7676,2
7677,4
7678,3
7679,5
7680,4
7681,1
7682,2
7683,5
7684,3
7685,5
7686,4
7687,2
7688,2
7689,2
7690,4
7691,4
7692,1
7693,3
7694,3
7695,2
7696,5
7697,1
7698,3
7699,4
7700,2
7701,4
7702,4
7703,1
7704,4
7705,4
7706,3
7707,2
7708,4
7709,5
7710,3
7711,3
7712,4
7713,5
7714,5
7715,3
7716,1
7717,3
7718,2
7719,5
7720,4
7721,3
7722,5
7723,1
7724,4
7725,4
7726,4
7727,5
7728,5
7729,5
7730,5
7731,5
7732,2
7733,2
7734,4
7735,1
7736,4
7737,5
7738,2
7739,5
7740,5
7741,3
7742,2
7743,5
7744,2
7745,1
7746,3
7747,4
7748,4
7749,3
7750,4
7751,4
7752,2
7753,3
7754,4
7755,4
7756,2
7757,3
7758,1
7759,2
7760,5
7761,5
7762,1
7763,2
7764,4
7765,2
7766,2
7767,1
7768,5
7769,1
7770,1
7771,4
7772,5
7773,4
7774,4
7775,3
7776,2
7777,4
7778,3
7779,5
7780,1
7781,3
7782,3
7783,4
7784,3
7785,4
7786,5
7787,1
7788,1
7789,3
7790,4
7791,3
7792,2
7793,5
7794,4
7795,5
7796,2
7797,5
7798,3
7799,4
7800,4
7801,2
7802,3
7803,5
7804,3
7805,3
7806,5
7807,1
7808,2
7809,4
7810,1
7811,1
7812,3
7813,5
7814,1
7815,1
7816,4
7817,3
7818,3
7819,5
7820,1
7821,5
7822,4
7823,3
7824,2
7825,1
7826,3
7827,4
7828,1
7829,5
7830,4
7831,1
7832,1
7833,1
7834,1
7835,3
7836,1
7837,2
7838,5
7839,1
7840,5
7841,5
7842,1
7843,5
7844,4
7845,4
7846,2
7847,5
7848,4
7849,1
7850,4
7851,1
7852,5
7853,2
7854,5
7855,2
7856,4
7857,2
7858,1
7859,1
7860,2
7861,1
7862,5
7863,5
7864,5
7865,4
7866,3
7867,2
7868,1
7869,2
7870,2
7871,5
7872,3
7873,1
7874,1
7875,3
7876,4
7877,5
7878,3
7879,5
7880,1
7881,3
7882,3
7883,2
7884,3
7885,3
7886,1
7887,5
7888,2
7889,2
7890,3
7891,4
7892,4
7893,3
7894,4
7895,2
7896,3
7897,2
7898,4
7899,5
7900,2
7901,2
7902,3
7903,2
7904,4
7905,2
7906,4
7907,4
7908,4
7909,4
7910,5
7911,2
7912,4
7913,2
7914,3
7915,4
7916,3
7917,2
7918,5
7919,3
7920,2
7921,4
7922,4
7923,5
7924,1
7925,3
7926,3
7927,3
7928,5
7929,3
7930,1
7931,2
7932,4
7933,4
7934,1
7935,2
7936,4
7937,5
7938,5
7939,1
7940,4
7941,3
7942,5
7943,1
7944,5
7945,4
7946,4
7947,4
7948,2
7949,4
7950,4
7951,1
7952,1
7953,4
7954,3
7955,3
7956,4
7957,3
7958,1
7959,2
7960,5
7961,1
7962,4
7963,5
7964,5
7965,1
7966,4
7967,1
7968,1
7969,1
7970,5
7971,3
7972,4
7973,5
7974,4
7975,4
7976,4
7977,1
7978,1
7979,3
7980,2
7981,4
7982,3
7983,4
7984,1
7985,4
7986,5
7987,5
7988,1
7989,4
7990,4
7991,1
7992,5
7993,3
7994,3
7995,5
7996,5
7997,2
7998,2
7999,2
8000,5
8001,1
8002,4
8003,4
8004,1
8005,3
8006,4
8007,5
8008,2
8009,5
8010,5
8011,3
8012,4
8013,5
8014,2
8015,5
8016,3
8017,2
8018,5
8019,1
8020,2
8021,2
8022,2
8023,4
8024,3
8025,1
8026,5
8027,3
8028,5
8029,5
8030,5
8031,3
8032,4
8033,2
8034,4
8035,5
8036,1
8037,2
8038,4
8039,5
8040,5
8041,4
8042,1
8043,5
8044,4
8045,3
8046,5
8047,1
8048,2
8049,2
8050,4
8051,5
8052,5
8053,3
8054,1
8055,2
8056,4
8057,2
8058,4
8059,1
8060,4
8061,3
8062,4
8063,4
8064,1
8065,4
8066,5
8067,3
8068,5
8069,2
8070,3
8071,2
8072,2
8073,4
8074,1
8075,2
8076,2
8077,4
8078,3
8079,4
8080,1
8081,4
8082,1
8083,2
8084,4
8085,2
8086,2
8087,3
8088,1
8089,3
8090,5
8091,3
8092,2
8093,2
8094,1
8095,5
8096,2
8097,4
8098,4
8099,5
8100,4
8101,1
8102,4
8103,3
8104,4
8105,5
8106,4
8107,1
8108,1
8109,3
8110,1
8111,3
8112,4
8113,4
8114,4
8115,4
8116,2
8117,3
8118,1
8119,5
8120,3
8121,4
8122,3
8123,1
8124,4
8125,3
8126,5
8127,2
8128,5
8129,2
8130,5
8131,4
8132,1
8133,4
8134,1
8135,2
8136,4
8137,1
8138,1
8139,2
8140,1
8141,3
8142,2
8143,1
8144,1
8145,3
8146,3
8147,2
8148,3
8149,2
8150,2
8151,3
8152,1
8153,2
8154,3
8155,3
8156,3
8157,3
8158,5
8159,5
8160,5
8161,1
8162,2
8163,4
8164,3
8165,1
8166,3
8167,3
8168,3
8169,2
8170,5
8171,2
8172,3
8173,4
8174,2
8175,4
8176,2
8177,2
8178,3
8179,4
8180,4
8181,1
8182,1
8183,2
8184,4
8185,1
8186,1
8187,2
8188,2
8189,2
8190,1
8191,1
8192,1
8193,2
8194,5
8195,1
8196,1
8197,2
8198,3
8199,4
8200,3
8201,5
8202,3
8203,1
8204,5
8205,2
8206,5
8207,1
8208,3
8209,3
8210,3
8211,3
8212,2
8213,2
8214,4
8215,5
8216,3
8217,3
8218,3
8219,2
8220,5
8221,4
8222,3
8223,5
8224,4
8225,5
8226,5
8227,1
8228,2
8229,2
8230,1
8231,2
8232,3
8233,5
8234,4
8235,1
8236,2
8237,2
8238,3
8239,5
8240,4
8241,1
8242,5
8243,4
8244,4
8245,2
8246,5
8247,2
8248,3
8249,3
8250,3
8251,4
8252,4
8253,1
8254,5
8255,1
8256,1
8257,4
8258,5
8259,2
8260,1
8261,2
8262,4
8263,2
8264,4
8265,1
8266,3
8267,2
8268,3
8269,2
8270,1
8271,2
8272,5
8273,3
8274,1
8275,1
8276,2
8277,1
8278,5
8279,4
8280,5
8281,1
8282,2
8283,1
8284,5
8285,5
8286,4
8287,2
8288,4
8289,1
8290,2
8291,1
8292,2
8293,2
8294,1
8295,3
8296,2
8297,2
8298,3
8299,1
8300,3
8301,2
8302,1
8303,2
8304,3
8305,4
8306,1
8307,2
8308,5
8309,5
8310,3
8311,3
8312,4
8313,2
8314,3
8315,4
8316,3
8317,2
8318,2
8319,5
8320,1
8321,3
8322,3
8323,4
8324,1
8325,2
8326,5
8327,2
8328,2
8329,4
8330,2
8331,3
8332,5
8333,5
8334,3
8335,4
8336,5
8337,2
8338,5
8339,2
8340,3
8341,2
8342,1
8343,3
8344,3
8345,4
8346,1
8347,2
8348,4
8349,3
8350,3
8351,4
8352,4
8353,4
8354,4
8355,4
8356,3
8357,2
8358,3
8359,3
8360,3
8361,3
8362,5
8363,4
8364,5
8365,3
8366,3
8367,5
8368,4
8369,3
8370,2
8371,1
8372,4
8373,1
8374,3
8375,1
8376,2
8377,1
8378,3
8379,2
8380,4
8381,3
8382,1
8383,2
8384,4
8385,3
8386,5
8387,2
8388,1
8389,2
8390,2
8391,5
8392,4
8393,3
8394,4
8395,1
8396,2
8397,4
8398,1
8399,5
8400,2
8401,3
8402,1
8403,2
8404,1
8405,4
8406,5
8407,1
8408,4
8409,5
8410,1
8411,2
8412,3
8413,4
8414,3
8415,5
8416,3
8417,4
8418,2
8419,2
8420,1
8421,1
8422,4
8423,1
8424,3
8425,1
8426,5
8427,3
8428,4
8429,1
8430,1
8431,4
8432,4
8433,5
8434,5
8435,2
8436,4
8437,1
8438,5
8439,2
8440,3
8441,3
8442,3
8443,2
8444,1
8445,3
8446,5
8447,1
8448,4
8449,1
8450,1
8451,4
8452,4
8453,2
8454,1
8455,2
8456,2
8457,4
8458,2
8459,5
8460,5
8461,3
8462,4
8463,3
8464,5
8465,5
8466,5
8467,2
8468,2
8469,4
8470,1
8471,5
8472,3
8473,5
8474,2
8475,2
8476,4
8477,1
8478,5
8479,2
8480,3
8481,1
8482,3
8483,1
8484,1
8485,5
8486,1
8487,5
8488,4
8489,4
8490,5
8491,1
8492,2
8493,1
8494,3
8495,3
8496,1
8497,4
8498,1
8499,5
8500,2
8501,1
8502,3
8503,3
8504,5
8505,4
8506,5
8507,3
8508,2
8509,4
8510,5
8511,5
8512,2
8513,5
8514,4
8515,4
8516,5
8517,3
8518,5
8519,4
8520,4
8521,1
8522,4
8523,2
8524,4
8525,3
8526,5
8527,4
8528,4
8529,3
8530,4
8531,4
8532,1
8533,1
8534,5
8535,4
8536,4
8537,1
8538,3
8539,2
8540,5
8541,5
8542,2
8543,5
8544,4
8545,5
8546,2
8547,5
8548,1
8549,4
8550,5
8551,3
8552,2
8553,4
8554,1
8555,2
8556,3
8557,4
8558,4
8559,4
8560,1
8561,2
8562,5
8563,3
8564,2
8565,3
8566,5
8567,3
8568,3
8569,2
8570,4
8571,1
8572,5
8573,1
8574,4
8575,2
8576,2
8577,5
8578,4
8579,3
8580,2
8581,1
8582,3
8583,1
8584,5
8585,3
8586,3
8587,2
8588,5
8589,4
8590,5
8591,5
8592,3
8593,2
8594,2
8595,5
8596,4
8597,1
8598,1
8599,4
8600,5
8601,3
8602,1
8603,3
8604,5
8605,2
8606,4
8607,4
8608,4
8609,5
8610,3
8611,1
8612,2
8613,5
8614,5
8615,1
8616,5
8617,4
8618,4
8619,5
8620,1
8621,2
8622,4
8623,4
8624,1
8625,3
8626,4
8627,1
8628,1
8629,4
8630,3
8631,1
8632,5
8633,1
8634,4
8635,1
8636,3
8637,3
8638,1
8639,2
8640,3
8641,5
8642,1
8643,2
8644,1
8645,3
8646,2
8647,1
8648,3
8649,4
8650,2
8651,1
8652,1
8653,3
8654,2
8655,4
8656,5
8657,5
8658,4
8659,5
8660,3
8661,3
8662,2
8663,3
8664,2
8665,1
8666,5
8667,2
8668,2
8669,3
8670,5
8671,4
8672,3
8673,1
8674,5
8675,1
8676,4
8677,5
8678,1
8679,1
8680,4
8681,5
8682,4
8683,1
8684,2
8685,4
8686,5
8687,3
8688,2
8689,1
8690,1
8691,3
8692,5
8693,1
8694,4
8695,3
8696,1
8697,3
8698,1
8699,4
8700,1
8701,5
8702,5
8703,2
8704,4
8705,1
8706,4
8707,4
8708,1
8709,4
8710,1
8711,1
8712,3
8713,1
8714,3
8715,3
8716,1
8717,3
8718,4
8719,3
8720,2
8721,2
8722,2
8723,5
8724,2
8725,1
8726,5
8727,2
8728,5
8729,1
8730,5
8731,1
8732,4
8733,1
8734,5
8735,2
8736,3
8737,2
8738,3
8739,5
8740,2
8741,4
8742,5
8743,5
8744,5
8745,4
8746,3
8747,1
8748,4
8749,4
8750,1
8751,5
8752,4
8753,5
8754,3
8755,2
8756,2
8757,4
8758,4
8759,2
8760,3
8761,2
8762,3
8763,4
8764,2
8765,5
8766,4
8767,3
8768,3
8769,3
8770,5
8771,4
8772,4
8773,5
8774,5
8775,1
8776,5
8777,4
8778,3
8779,3
8780,2
8781,2
8782,2
8783,5
8784,1
8785,1
8786,1
8787,2
8788,4
8789,3
8790,1
8791,3
8792,2
8793,2
8794,3
8795,1
8796,3
8797,1
8798,1
8799,1
8800,4
8801,5
8802,2
8803,5
8804,1
8805,5
8806,5
8807,3
8808,5
8809,1
8810,2
8811,2
8812,4
8813,4
8814,1
8815,1
8816,5
8817,3
8818,5
8819,3
8820,3
8821,1
8822,3
8823,5
8824,5
8825,3
8826,1
8827,5
8828,5
8829,2
8830,1
8831,1
8832,3
8833,3
8834,3
8835,1
8836,4
8837,4
8838,1
8839,2
8840,1
8841,3
8842,5
8843,2
8844,1
8845,1
8846,4
8847,2
8848,5
8849,3
8850,4
8851,5
8852,2
8853,1
8854,5
8855,2
8856,1
8857,5
8858,5
8859,3
8860,3
8861,1
8862,2
8863,4
8864,5
8865,5
8866,3
8867,5
8868,4
8869,3
8870,3
8871,1
8872,1
8873,1
8874,1
8875,5
8876,4
8877,3
8878,4
8879,5
8880,2
8881,1
8882,3
8883,5
8884,1
8885,3
8886,1
8887,1
8888,5
8889,2
8890,5
8891,3
8892,5
8893,4
8894,2
8895,2
8896,3
8897,3
8898,2
8899,5
8900,4
8901,2
8902,3
8903,4
8904,2
8905,2
8906,5
8907,5
8908,1
8909,4
8910,4
8911,5
8912,4
8913,4
8914,3
8915,5
8916,4
8917,2
8918,5
8919,1
8920,1
8921,5
8922,3
8923,4
8924,1
8925,4
8926,5
8927,3
8928,5
8929,3
8930,4
8931,2
8932,2
8933,3
8934,4
8935,5
8936,5
8937,3
8938,3
8939,2
8940,1
8941,2
8942,4
8943,5
8944,2
8945,3
8946,4
8947,3
8948,5
8949,4
8950,1
8951,3
8952,4
8953,3
8954,2
8955,3
8956,1
8957,2
8958,5
8959,5
8960,1
8961,2
8962,4
8963,4
8964,4
8965,3
8966,5
8967,1
8968,1
8969,3
8970,5
8971,3
8972,2
8973,1
8974,1
8975,1
8976,4
8977,4
8978,2
8979,1
8980,5
8981,2
8982,2
8983,4
8984,5
8985,4
8986,1
8987,4
8988,3
8989,2
8990,5
8991,1
8992,3
8993,2
8994,3
8995,4
8996,4
8997,5
8998,3
8999,5
9000,3
9001,4
9002,3
9003,2
9004,2
9005,4
9006,4
9007,5
9008,1
9009,2
9010,3
9011,3
9012,4
9013,1
9014,1
9015,2
9016,5
9017,3
9018,3
9019,5
9020,3
9021,5
9022,2
9023,1
9024,1
9025,3
9026,4
9027,2
9028,1
9029,4
9030,5
9031,5
9032,5
9033,3
9034,4
9035,3
9036,1
9037,5
9038,5
9039,3
9040,2
9041,3
9042,4
9043,2
9044,4
9045,4
9046,5
9047,4
9048,5
9049,4
9050,5
9051,2
9052,5
9053,2
9054,2
9055,5
9056,1
9057,2
9058,1
9059,2
9060,1
9061,4
9062,4
9063,4
9064,5
9065,4
9066,1
9067,5
9068,3
9069,1
9070,5
9071,4
9072,3
9073,5
9074,3
9075,4
9076,3
9077,5
9078,2
9079,5
9080,3
9081,2
9082,5
9083,3
9084,2
9085,2
9086,2
9087,1
9088,3
9089,3
9090,3
9091,5
9092,3
9093,4
9094,4
9095,1
9096,4
9097,5
9098,5
9099,5
9100,3
9101,1
9102,5
9103,2
9104,1
9105,2
9106,5
9107,2
9108,1
9109,5
9110,1
9111,4
9112,1
9113,2
9114,2
9115,2
9116,2
9117,3
9118,2
9119,4
9120,3
9121,2
9122,5
9123,1
9124,1
9125,5
9126,5
9127,4
9128,5
9129,2
9130,1
9131,4
9132,1
9133,3
9134,4
9135,2
9136,2
9137,1
9138,1
9139,1
9140,4
9141,2
9142,5
9143,5
9144,1
9145,1
9146,2
9147,3
9148,4
9149,4
9150,2
9151,2
9152,4
9153,3
9154,5
9155,2
9156,5
9157,5
9158,1
9159,4
9160,3
9161,1
9162,4
9163,3
9164,5
9165,4
9166,2
9167,1
9168,3
9169,2
9170,4
9171,5
9172,3
9173,4
9174,4
9175,5
9176,5
9177,2
9178,4
9179,3
9180,4
9181,2
9182,2
9183,2
9184,5
9185,5
9186,5
9187,4
9188,3
9189,2
9190,4
9191,4
9192,4
9193,2
9194,3
9195,5
9196,2
9197,3
9198,3
9199,5
9200,4
9201,3
9202,4
9203,1
9204,4
9205,4
9206,1
9207,5
9208,2
9209,2
9210,2
9211,1
9212,1
9213,4
9214,2
9215,4
9216,2
9217,4
9218,5
9219,1
9220,3
9221,1
9222,4
9223,5
9224,4
9225,2
9226,3
9227,3
9228,2
9229,3
9230,1
9231,5
9232,3
9233,2
9234,4
9235,3
9236,4
9237,3
9238,1
9239,1
9240,2
9241,4
9242,3
9243,3
9244,4
9245,1
9246,1
9247,1
9248,3
9249,1
9250,1
9251,3
9252,1
9253,3
9254,5
9255,3
9256,2
9257,2
9258,2
9259,5
9260,3
9261,3
9262,1
9263,3
9264,1
9265,3
9266,2
9267,3
9268,1
9269,1
9270,5
9271,4
9272,2
9273,5
9274,2
9275,1
9276,3
9277,1
9278,3
9279,3
9280,3
9281,3
9282,5
9283,3
9284,5
9285,1
9286,3
9287,1
9288,3
9289,5
9290,1
9291,4
9292,3
9293,4
9294,5
9295,2
9296,5
9297,3
9298,2
9299,5
9300,1
9301,5
9302,3
9303,3
9304,4
9305,2
9306,5
9307,4
9308,1
9309,2
9310,5
9311,1
9312,4
9313,3
9314,5
9315,5
9316,4
9317,4
9318,1
9319,1
9320,1
9321,4
9322,1
9323,1
9324,5
9325,5
9326,3
9327,3
9328,3
9329,3
9330,5
9331,3
9332,3
9333,4
9334,2
9335,4
9336,2
9337,1
9338,3
9339,4
9340,4
9341,2
9342,2
9343,4
9344,3
9345,2
9346,2
9347,1
9348,3
9349,3
9350,2
9351,4
9352,3
9353,3
9354,5
9355,1
9356,4
9357,1
9358,3
9359,2
9360,1
9361,4
9362,2
9363,2
9364,5
9365,1
9366,2
9367,3
9368,5
9369,1
9370,1
9371,3
9372,4
9373,1
9374,3
9375,3
9376,5
9377,5
9378,4
9379,3
9380,1
9381,3
9382,1
9383,3
9384,2
9385,3
9386,5
9387,5
9388,2
9389,5
9390,1
9391,1
9392,2
9393,5
9394,2
9395,5
9396,2
9397,1
9398,4
9399,2
9400,4
9401,2
9402,5
9403,1
9404,4
9405,5
9406,5
9407,5
9408,1
9409,3
9410,1
9411,4
9412,3
9413,4
9414,2
9415,3
9416,3
9417,5
9418,3
9419,3
9420,3
9421,5
9422,4
9423,2
9424,2
9425,2
9426,3
9427,1
9428,5
9429,5
9430,5
9431,4
9432,5
9433,5
9434,4
9435,2
9436,5
9437,4
9438,1
9439,4
9440,2
9441,1
9442,1
9443,4
9444,5
9445,3
9446,4
9447,5
9448,3
9449,3
9450,4
9451,2
9452,5
9453,5
9454,3
9455,5
9456,2
9457,2
9458,3
9459,5
9460,5
9461,1
9462,4
9463,1
9464,1
9465,3
9466,3
9467,3
9468,1
9469,5
9470,5
9471,3
9472,5
9473,2
9474,2
9475,1
9476,1
9477,2
9478,1
9479,1
9480,1
9481,5
9482,2
9483,5
9484,2
9485,5
9486,1
9487,2
9488,3
9489,1
9490,5
9491,5
9492,5
9493,4
9494,5
9495,4
9496,3
9497,5
9498,1
9499,2
9500,3
9501,3
9502,4
9503,1
9504,4
9505,1
9506,4
9507,2
9508,4
9509,4
9510,2
9511,4
9512,3
9513,4
9514,3
9515,2
9516,5
9517,2
9518,3
9519,1
9520,1
9521,2
9522,1
9523,2
9524,2
9525,1
9526,2
9527,2
9528,3
9529,5
9530,5
9531,2
9532,4
9533,2
9534,1
9535,1
9536,4
9537,3
9538,5
9539,4
9540,4
9541,1
9542,4
9543,5
9544,1
9545,2
9546,1
9547,4
9548,2
9549,1
9550,3
9551,1
9552,3
9553,4
9554,2
9555,2
9556,2
9557,4
9558,5
9559,4
9560,5
9561,1
9562,2
9563,4
9564,3
9565,4
9566,5
9567,2
9568,2
9569,2
9570,1
9571,5
9572,2
9573,4
9574,3
9575,1
9576,1
9577,4
9578,4
9579,4
9580,2
9581,4
9582,4
9583,5
9584,1
9585,2
9586,2
9587,3
9588,1
9589,3
9590,2
9591,3
9592,3
9593,5
9594,5
9595,3
9596,1
9597,4
9598,4
9599,5
9600,4
9601,1
9602,1
9603,4
9604,2
9605,2
9606,3
9607,3
9608,4
9609,4
9610,4
9611,4
9612,5
9613,1
9614,4
9615,1
9616,1
9617,5
9618,2
9619,5
9620,1
9621,1
9622,5
9623,4
9624,4
9625,5
9626,2
9627,1
9628,5
9629,1
9630,2
9631,1
9632,4
9633,5
9634,4
9635,1
9636,5
9637,1
9638,2
9639,1
9640,2
9641,4
9642,1
9643,5
9644,2
9645,4
9646,5
9647,5
9648,5
9649,2
9650,3
9651,4
9652,4
9653,5
9654,2
9655,4
9656,2
9657,5
9658,1
9659,3
9660,5
9661,5
9662,4
9663,5
9664,1
9665,2
9666,5
9667,5
9668,4
9669,3
9670,4
9671,3
9672,3
9673,5
9674,1
9675,2
9676,5
9677,5
9678,1
9679,4
9680,1
9681,2
9682,2
9683,5
9684,3
9685,2
9686,4
9687,5
9688,2
9689,2
9690,3
9691,2
9692,1
9693,1
9694,2
9695,2
9696,5
9697,2
9698,4
9699,3
9700,1
9701,3
9702,5
9703,4
9704,3
9705,3
9706,1
9707,5
9708,3
9709,3
9710,1
9711,4
9712,1
9713,1
9714,5
9715,5
9716,4
9717,2
9718,2
9719,4
9720,1
9721,1
9722,3
9723,2
9724,1
9725,3
9726,4
9727,1
9728,5
9729,5
9730,1
9731,4
9732,1
9733,5
9734,4
9735,3
9736,4
9737,2
9738,5
9739,5
9740,5
9741,2
9742,1
9743,4
9744,2
9745,4
9746,4
9747,2
9748,5
9749,4
9750,2
9751,2
9752,3
9753,3
9754,5
9755,5
9756,4
9757,3
9758,3
9759,3
9760,2
9761,1
9762,5
9763,3
9764,4
9765,1
9766,1
9767,4
9768,3
9769,1
9770,1
9771,1
9772,2
9773,4
9774,2
9775,3
9776,3
9777,2
9778,5
9779,5
9780,4
9781,3
9782,2
9783,2
9784,3
9785,5
9786,1
9787,4
9788,4
9789,1
9790,5
9791,3
9792,3
9793,2
9794,5
9795,5
9796,4
9797,5
9798,4
9799,1
9800,5
9801,4
9802,4
9803,2
9804,5
9805,2
9806,2
9807,3
9808,3
9809,1
9810,3
9811,5
9812,3
9813,2
9814,4
9815,2
9816,5
9817,2
9818,4
9819,5
9820,5
9821,4
9822,5
9823,2
9824,5
9825,1
9826,1
9827,1
9828,5
9829,5
9830,4
9831,1
9832,5
9833,3
9834,2
9835,4
9836,2
9837,5
9838,3
9839,2
9840,4
9841,2
9842,5
9843,5
9844,5
9845,5
9846,2
9847,3
9848,1
9849,5
9850,4
9851,4
9852,3
9853,2
9854,2
9855,5
9856,2
9857,5
9858,4
9859,3
9860,4
9861,4
9862,2
9863,2
9864,2
9865,2
9866,1
9867,5
9868,4
9869,5
9870,5
9871,5
9872,2
9873,4
9874,2
9875,2
9876,1
9877,4
9878,3
9879,4
9880,5
9881,5
9882,3
9883,1
9884,5
9885,4
9886,3
9887,4
9888,2
9889,3
9890,2
9891,2
9892,4
9893,3
9894,1
9895,1
9896,1
9897,5
9898,4
9899,2
9900,1
9901,4
9902,4
9903,4
9904,3
9905,1
9906,4
9907,5
9908,4
9909,1
9910,1
9911,4
9912,4
9913,5
9914,2
9915,2
9916,3
9917,2
9918,4
9919,2
9920,2
9921,3
9922,2
9923,1
9924,4
9925,2
9926,4
9927,4
9928,3
9929,1
9930,2
9931,5
9932,4
9933,4
9934,5
9935,5
9936,1
9937,1
9938,5
9939,3
9940,5
9941,3
9942,3
9943,3
9944,1
9945,3
9946,2
9947,4
9948,5
9949,5
9950,2
9951,5
9952,2
9953,3
9954,3
9955,5
9956,2
9957,3
9958,5
9959,4
9960,1
9961,2
9962,3
9963,1
9964,2
9965,5
9966,1
9967,4
9968,1
9969,1
9970,1
9971,2
9972,2
9973,2
9974,5
9975,2
9976,4
9977,1
9978,1
9979,1
9980,1
9981,1
9982,4
9983,2
9984,4
9985,1
9986,4
9987,5
9988,2
9989,2
9990,5
9991,5
9992,2
9993,1
9994,2
9995,4
9996,2
9997,3
9998,3
9999,1
10000,2
10001,1
10002,3
10003,3
10004,1
10005,4
10006,1
10007,1
10008,4
10009,3
10010,3
10011,1
10012,2
10013,3
10014,5
10015,3
10016,3
10017,1
10018,1
10019,2
10020,2
10021,4
10022,3
10023,3
10024,2
10025,4
10026,5
10027,2
10028,5
10029,1
10030,5
10031,4
10032,2
10033,5
10034,1
10035,4
10036,5
10037,2
10038,2
10039,1
10040,1
10041,2
10042,2
10043,3
10044,4
10045,5
10046,4
10047,1
10048,5
10049,3
10050,2
10051,2
10052,3
10053,5
10054,1
10055,1
10056,3
10057,4
10058,2
10059,5
10060,2
10061,2
10062,4
10063,5
10064,5
10065,4
10066,2
10067,3
10068,1
10069,2
10070,3
10071,2
10072,3
10073,5
10074,5
10075,5
10076,1
10077,1
10078,1
10079,4
10080,2
10081,4
10082,1
10083,1
10084,1
10085,1
10086,1
10087,4
10088,2
10089,1
10090,3
10091,3
10092,5
10093,2
10094,2
10095,4
10096,4
10097,1
10098,4
10099,2
10100,1
10101,4
10102,3
10103,1
10104,2
10105,5
10106,1
10107,4
10108,3
10109,4
10110,1
10111,4
10112,4
10113,5
10114,1
10115,3
10116,1
10117,5
10118,1
10119,4
10120,2
10121,4
10122,3
10123,4
10124,2
10125,4
10126,3
10127,4
10128,3
10129,2
10130,5
10131,1
10132,1
10133,1
10134,5
10135,1
10136,3
10137,1
10138,3
10139,4
10140,4
10141,2
10142,5
10143,2
10144,1
10145,2
10146,2
10147,2
10148,3
10149,4
10150,3
10151,2
10152,5
10153,1
10154,3
10155,1
10156,5
10157,3
10158,5
10159,3
10160,2
10161,2
10162,3
10163,2
10164,4
10165,5
10166,2
10167,1
10168,3
10169,4
10170,5
10171,3
10172,2
10173,3
10174,3
10175,2
10176,1
10177,2
10178,5
10179,3
10180,2
10181,3
10182,1
10183,5
10184,2
10185,2
10186,3
10187,4
10188,2
10189,1
10190,3
10191,1
10192,5
10193,3
10194,2
10195,1
10196,2
10197,5
10198,5
10199,3
10200,4
10201,3
10202,2
10203,2
10204,4
10205,4
10206,4
10207,5
10208,1
10209,5
10210,1
10211,2
10212,2
10213,4
10214,5
10215,3
10216,2
10217,2
10218,4
10219,3
10220,2
10221,5
10222,2
10223,3
10224,2
10225,4
10226,1
10227,3
10228,4
10229,5
10230,2
10231,2
10232,5
10233,4
10234,1
10235,1
10236,2
10237,4
10238,3
10239,2
10240,1
10241,1
10242,5
10243,5
10244,4
10245,5
10246,3
10247,2
10248,4
10249,2
10250,5
10251,3
10252,5
10253,2
10254,3
10255,5
10256,5
10257,1
10258,2
10259,1
10260,2
10261,4
10262,1
10263,1
10264,4
10265,5
10266,4
10267,5
10268,3
10269,4
10270,3
10271,2
10272,5
10273,4
10274,1
10275,1
10276,2
10277,4
10278,5
10279,5
10280,4
10281,5
10282,3
10283,2
10284,5
10285,4
10286,1
10287,2
10288,3
10289,5
10290,5
10291,3
10292,4
10293,4
10294,4
10295,2
10296,2
10297,4
10298,5
10299,3
10300,5
10301,5
10302,2
10303,3
10304,3
10305,2
10306,4
10307,1
10308,5
10309,1
10310,4
10311,1
10312,4
10313,1
10314,3
10315,1
10316,3
10317,1
10318,3
10319,4
10320,3
10321,5
10322,1
10323,5
10324,5
10325,4
10326,4
10327,5
10328,2
10329,2
10330,2
10331,2
10332,3
10333,5
10334,3
10335,3
10336,4
10337,4
10338,5
10339,5
10340,4
10341,4
10342,5
10343,1
10344,1
10345,1
10346,2
10347,1
10348,2
10349,5
10350,1
10351,3
10352,3
10353,4
10354,3
10355,3
10356,3
10357,2
10358,4
10359,4
10360,4
10361,5
10362,2
10363,2
10364,3
10365,2
10366,4
10367,4
10368,2
10369,3
10370,5
10371,3
10372,3
10373,4
10374,4
10375,5
10376,4
10377,4
10378,3
10379,4
10380,4
10381,5
10382,3
10383,3
10384,1
10385,3
10386,5
10387,5
10388,1
10389,1
10390,3
10391,4
10392,3
10393,4
10394,1
10395,3
10396,4
10397,1
10398,5
10399,2
10400,3
10401,5
10402,2
10403,1
10404,3
10405,1
10406,2
10407,5
10408,2
10409,1
10410,5
10411,4
10412,3
10413,1
10414,4
10415,2
10416,1
10417,4
10418,3
10419,3
10420,3
10421,4
10422,2
10423,2
10424,1
10425,5
10426,1
10427,3
10428,3
10429,5
10430,1
10431,1
10432,5
10433,1
10434,1
10435,1
10436,2
10437,5
10438,1
10439,3
10440,4
10441,1
10442,4
10443,3
10444,3
10445,2
10446,3
10447,3
10448,1
10449,1
10450,3
10451,1
10452,3
10453,5
10454,1
10455,1
10456,2
10457,4
10458,3
10459,5
10460,5
10461,2
10462,3
10463,2
10464,1
10465,1
10466,5
10467,1
10468,3
10469,1
10470,1
10471,3
10472,1
10473,2
10474,1
10475,3
10476,5
10477,5
10478,5
10479,1
10480,3
10481,5
10482,4
10483,3
10484,3
10485,3
10486,5
10487,4
10488,4
10489,4
10490,2
10491,4
10492,5
10493,3
10494,5
10495,4
10496,1
10497,3
10498,3
10499,4
10500,5
10501,2
10502,2
10503,5
10504,4
10505,5
10506,1
10507,1
10508,4
10509,2
10510,3
10511,3
10512,4
10513,5
10514,2
10515,1
10516,1
10517,3
10518,3
10519,1
10520,2
10521,5
10522,5
10523,5
10524,2
10525,3
10526,3
10527,3
10528,5
10529,4
10530,1
10531,5
10532,4
10533,5
10534,1
10535,1
10536,5
10537,3
10538,2
10539,2
10540,1
10541,1
10542,2
10543,2
10544,5
10545,3
10546,5
10547,2
10548,5
10549,5
10550,2
10551,2
10552,2
10553,1
10554,2
10555,3
10556,1
10557,4
10558,4
10559,1
10560,1
10561,1
10562,4
10563,1
10564,3
10565,5
10566,2
10567,4
10568,3
10569,3
10570,4
10571,1
10572,1
10573,1
10574,5
10575,2
10576,4
10577,1
10578,2
10579,3
10580,5
10581,3
10582,1
10583,2
10584,2
10585,4
10586,5
10587,1
10588,4
10589,1
10590,4
10591,2
10592,5
10593,2
10594,3
10595,2
10596,4
10597,4
10598,1
10599,2
10600,3
10601,3
10602,5
10603,1
10604,2
10605,5
10606,5
10607,4
10608,3
10609,3
10610,2
10611,4
10612,1
10613,3
10614,5
10615,4
10616,3
10617,4
10618,1
10619,1
10620,2
10621,5
10622,2
10623,3
10624,4
10625,3
10626,3
10627,3
10628,3
10629,2
10630,2
10631,5
10632,5
10633,2
10634,2
10635,1
10636,1
10637,5
10638,2
10639,2
10640,2
10641,4
10642,5
10643,1
10644,2
10645,1
10646,2
10647,3
10648,2
10649,5
10650,2
10651,5
10652,4
10653,5
10654,3
10655,1
10656,2
10657,3
10658,1
10659,3
10660,4
10661,5
10662,2
10663,1
10664,1
10665,5
10666,4
10667,5
10668,1
10669,3
10670,1
10671,1
10672,2
10673,2
10674,2
10675,2
10676,1
10677,1
10678,5
10679,2
10680,5
10681,5
10682,5
10683,3
10684,3
10685,5
10686,1
10687,4
10688,2
10689,2
10690,4
10691,1
10692,1
10693,4
10694,1
10695,4
10696,3
10697,2
10698,3
10699,3
10700,5
10701,5
10702,1
10703,2
10704,3
10705,4
10706,3
10707,1
10708,5
10709,4
10710,3
10711,1
10712,5
10713,2
10714,1
10715,2
10716,2
10717,4
10718,3
10719,2
10720,5
10721,5
10722,4
10723,1
10724,1
10725,3
10726,3
10727,2
10728,2
10729,1
10730,2
10731,1
10732,5
10733,4
10734,5
10735,1
10736,5
10737,5
10738,5
10739,5
10740,2
10741,3
10742,1
10743,3
10744,1
10745,5
10746,5
10747,5
10748,4
10749,3
10750,3
10751,1
10752,5
10753,5
10754,5
10755,4
10756,2
10757,2
10758,2
10759,4
10760,1
10761,5
10762,4
10763,1
10764,4
10765,4
10766,4
10767,3
10768,3
10769,5
10770,5
10771,4
10772,5
10773,5
10774,2
10775,4
10776,3
10777,3
10778,4
10779,1
10780,2
10781,2
10782,2
10783,4
10784,2
10785,1
10786,4
10787,1
10788,3
10789,4
10790,5
10791,1
10792,1
10793,2
10794,1
10795,3
10796,2
10797,3
10798,1
10799,5
10800,3
10801,4
10802,5
10803,5
10804,5
10805,2
10806,4
10807,1
10808,5
10809,1
10810,5
10811,4
10812,3
10813,4
10814,5
10815,2
10816,4
10817,4
10818,5
10819,3
10820,4
10821,5
10822,5
10823,2
10824,3
10825,4
10826,4
10827,3
10828,5
10829,5
10830,3
10831,1
10832,2
10833,4
10834,3
10835,5
10836,3
10837,3
10838,2
10839,1
10840,5
10841,1
10842,2
10843,5
10844,5
10845,3
10846,4
10847,1
10848,1
10849,1
10850,2
10851,5
10852,5
10853,4
10854,2
10855,3
10856,2
10857,4
10858,2
10859,2
10860,4
10861,2
10862,5
10863,1
10864,1
10865,5
10866,3
10867,1
10868,2
10869,5
10870,4
10871,4
10872,1
10873,2
10874,3
10875,3
10876,2
10877,3
10878,1
10879,3
10880,1
10881,1
10882,4
10883,3
10884,2
10885,5
10886,3
10887,3
10888,1
10889,1
10890,4
10891,4
10892,3
10893,5
10894,1
10895,3
10896,3
10897,1
10898,2
10899,5
10900,4
10901,5
10902,5
10903,3
10904,5
10905,3
10906,4
10907,2
10908,1
10909,2
10910,5
10911,4
10912,4
10913,5
10914,5
10915,4
10916,3
10917,4
10918,1
10919,3
10920,4
10921,2
10922,2
10923,1
10924,3
10925,1
10926,1
10927,2
10928,5
10929,1
10930,1
10931,5
10932,5
10933,1
10934,2
10935,2
10936,4
10937,4
10938,1
10939,1
10940,4
10941,4
10942,2
10943,2
10944,3
10945,4
10946,3
10947,1
10948,3
10949,4
10950,5
10951,5
10952,4
10953,3
10954,4
10955,3
10956,1
10957,4
10958,5
10959,3
10960,2
10961,3
10962,2
10963,1
10964,3
10965,4
10966,4
10967,3
10968,5
10969,1
10970,3
10971,2
10972,2
10973,1
10974,1
10975,2
10976,2
10977,1
10978,3
10979,3
10980,3
10981,1
10982,4
10983,3
10984,3
10985,4
10986,1
10987,4
10988,2
10989,1
10990,5
10991,1
10992,2
10993,3
10994,5
10995,5
10996,3
10997,2
10998,3
10999,2
11000,1
11001,5
11002,1
11003,2
11004,5
11005,2
11006,3
11007,5
11008,4
11009,3
11010,4
11011,3
11012,4
11013,3
11014,1
11015,5
11016,5
11017,4
11018,2
11019,4
11020,2
11021,4
11022,2
11023,2
11024,2
11025,1
11026,2
11027,2
11028,3
11029,2
11030,5
11031,5
11032,4
11033,3
11034,1
11035,3
11036,5
11037,4
11038,4
11039,3
11040,5
11041,1
11042,1
11043,1
11044,2
11045,1
11046,1
11047,3
11048,5
11049,1
11050,2
11051,3
11052,2
11053,5
11054,1
11055,5
11056,5
11057,3
11058,3
11059,4
11060,3
11061,2
11062,4
11063,1
11064,4
11065,2
11066,2
11067,1
11068,2
11069,2
11070,4
11071,1
11072,1
11073,2
11074,3
11075,1
11076,3
11077,2
11078,5
11079,5
11080,2
11081,1
11082,1
11083,3
11084,4
11085,2
11086,1
11087,2
11088,3
11089,5
11090,5
11091,3
11092,3
11093,5
11094,5
11095,4
11096,1
11097,5
11098,4
11099,3
11100,2
11101,2
11102,1
11103,5
11104,1
11105,1
11106,1
11107,4
11108,1
11109,1
11110,5
11111,1
11112,2
11113,2
11114,1
11115,3
11116,4
11117,5
11118,3
11119,4
11120,1
11121,1
11122,1
11123,4
11124,3
11125,2
11126,1
11127,1
11128,1
11129,4
11130,5
11131,5
11132,1
11133,3
11134,2
11135,3
11136,4
11137,1
11138,4
11139,4
11140,4
11141,4
11142,2
11143,1
11144,4
11145,2
11146,5
11147,1
11148,3
11149,4
11150,1
11151,2
11152,3
11153,4
11154,3
11155,1
11156,2
11157,3
11158,5
11159,4
11160,1
11161,5
11162,1
11163,3
11164,2
11165,3
11166,5
11167,3
11168,5
11169,5
11170,5
11171,1
11172,4
11173,2
11174,2
11175,4
11176,3
11177,3
11178,5
11179,1
11180,1
11181,3
11182,5
11183,2
11184,1
11185,4
11186,2
11187,2
11188,1
11189,1
11190,2
11191,4
11192,1
11193,2
11194,4
11195,1
11196,5
11197,1
11198,1
11199,5
11200,1
11201,3
11202,4
11203,4
11204,2
11205,5
11206,1
11207,2
11208,4
11209,3
11210,1
11211,5
11212,4
11213,5
11214,5
11215,4
11216,1
11217,3
11218,5
11219,1
11220,5
11221,2
11222,5
11223,4
11224,4
11225,5
11226,4
11227,3
11228,5
11229,3
11230,4
11231,1
11232,2
11233,3
11234,3
11235,2
11236,1
11237,4
11238,5
11239,3
11240,4
11241,3
11242,1
11243,5
11244,5
11245,1
11246,5
11247,4
11248,1
11249,2
11250,1
11251,3
11252,1
11253,4
11254,1
11255,5
11256,3
11257,1
11258,1
11259,3
11260,5
11261,4
11262,3
11263,5
11264,5
11265,5
11266,1
11267,2
11268,3
11269,5
11270,4
11271,3
11272,2
11273,4
11274,2
11275,4
11276,4
11277,1
11278,1
11279,5
11280,5
11281,3
11282,2
11283,3
11284,5
11285,5
11286,5
11287,5
11288,4
11289,5
11290,1
11291,1
11292,2
11293,1
11294,4
11295,4
11296,4
11297,2
11298,1
11299,4
11300,3
11301,4
11302,1
11303,1
11304,4
11305,3
11306,4
11307,5
11308,5
11309,3
11310,4
11311,4
11312,5
11313,1
11314,5
11315,4
11316,3
11317,2
11318,3
11319,3
11320,4
11321,5
11322,4
11323,1
11324,3
11325,3
11326,1
11327,2
11328,5
11329,1
11330,1
11331,2
11332,4
11333,1
11334,3
11335,3
11336,2
11337,2
11338,3
11339,5
11340,5
11341,5
11342,5
11343,1
11344,3
11345,1
11346,2
11347,3
11348,1
11349,1
11350,5
11351,5
11352,2
11353,2
11354,4
11355,4
11356,1
11357,5
11358,4
11359,2
11360,1
11361,3
11362,5
11363,1
11364,2
11365,1
11366,4
11367,4
11368,2
11369,4
11370,3
11371,1
11372,4
11373,4
11374,3
11375,2
11376,1
11377,3
11378,2
11379,5
11380,1
11381,1
11382,4
11383,2
11384,2
11385,4
11386,5
11387,5
11388,1
11389,4
11390,5
11391,3
11392,2
11393,3
11394,3
11395,2
11396,2
11397,4
11398,4
11399,2
11400,2
11401,4
11402,4
11403,5
11404,3
11405,1
11406,1
11407,4
11408,3
11409,5
11410,2
11411,4
11412,2
11413,3
11414,2
11415,1
11416,2
11417,4
11418,3
11419,1
11420,5
11421,1
11422,1
11423,2
11424,4
11425,4
11426,5
11427,3
11428,5
11429,1
11430,1
11431,2
11432,5
11433,4
11434,2
11435,1
11436,5
11437,5
11438,3
11439,1
11440,1
11441,4
11442,4
11443,2
11444,4
11445,4
11446,4
11447,1
11448,1
11449,5
11450,2
11451,5
11452,3
11453,5
11454,4
11455,1
11456,4
11457,5
11458,3
11459,5
11460,3
11461,4
11462,5
11463,3
11464,5
11465,1
11466,2
11467,3
11468,3
11469,4
11470,4
11471,4
11472,2
11473,1
11474,2
11475,2
11476,4
11477,1
11478,5
11479,1
11480,4
11481,4
11482,2
11483,1
11484,5
11485,3
11486,3
11487,1
11488,1
11489,2
11490,1
11491,3
11492,4
11493,1
11494,3
11495,4
11496,1
11497,5
11498,2
11499,4
11500,3
11501,2
11502,2
11503,2
11504,4
11505,1
11506,2
11507,2
11508,1
11509,1
11510,1
11511,5
11512,1
11513,2
11514,5
11515,4
11516,1
11517,2
11518,5
11519,1
11520,3
11521,2
11522,5
11523,3
11524,3
11525,2
11526,1
11527,5
11528,1
11529,1
11530,2
11531,3
11532,5
11533,3
11534,1
11535,4
11536,4
11537,3
11538,1
11539,4
11540,3
11541,2
11542,4
11543,3
11544,5
11545,3
11546,5
11547,3
11548,3
11549,4
11550,2
11551,1
11552,5
11553,4
11554,2
11555,4
11556,1
11557,3
11558,4
11559,5
11560,2
11561,4
11562,3
11563,4
11564,4
11565,1
11566,4
11567,4
11568,2
11569,1
11570,4
11571,5
11572,4
11573,5
11574,4
11575,4
11576,2
11577,1
11578,5
11579,1
11580,4
11581,4
11582,5
11583,5
11584,3
11585,1
11586,1
11587,3
11588,1
11589,3
11590,3
11591,3
11592,4
11593,1
11594,5
11595,2
11596,2
11597,4
11598,1
11599,5
11600,4
11601,5
11602,3
11603,3
11604,1
11605,2
11606,3
11607,2
11608,4
11609,5
11610,3
11611,3
11612,1
11613,3
11614,2
11615,4
11616,2
11617,3
11618,1
11619,5
11620,2
11621,2
11622,3
11623,2
11624,3
11625,3
11626,5
11627,2
11628,4
11629,2
11630,1
11631,3
11632,5
11633,2
11634,2
11635,2
11636,2
11637,2
11638,5
11639,3
11640,1
11641,1
11642,3
11643,4
11644,4
11645,3
11646,3
11647,5
11648,4
11649,2
11650,4
11651,2
11652,4
11653,3
11654,3
11655,1
11656,3
11657,2
11658,4
11659,4
11660,2
11661,2
11662,5
11663,1
11664,1
11665,5
11666,1
11667,3
11668,3
11669,2
11670,3
11671,4
11672,1
11673,4
11674,4
11675,4
11676,5
11677,2
11678,5
11679,4
11680,5
11681,2
11682,5
11683,1
11684,1
11685,1
11686,1
11687,2
11688,2
11689,1
11690,5
11691,4
11692,3
11693,2
11694,5
11695,5
11696,1
11697,4
11698,1
11699,3
11700,1
11701,3
11702,2
11703,1
11704,5
11705,2
11706,5
11707,5
11708,3
11709,1
11710,4
11711,5
11712,5
11713,2
11714,3
11715,4
11716,1
11717,3
11718,3
11719,4
11720,5
11721,4
11722,4
11723,5
11724,1
11725,4
11726,5
11727,2
11728,4
11729,3
11730,3
11731,3
11732,3
11733,1
11734,2
11735,2
11736,4
11737,1
11738,1
11739,2
11740,2
11741,2
11742,1
11743,2
11744,5
11745,5
11746,3
11747,5
11748,2
11749,4
11750,1
11751,2
11752,3
11753,1
11754,2
11755,2
11756,2
11757,2
11758,2
11759,5
11760,3
11761,5
11762,5
11763,1
11764,2
11765,1
11766,5
11767,5
11768,1
11769,4
11770,4
11771,5
11772,5
11773,3
11774,4
11775,4
11776,4
11777,4
11778,3
11779,5
11780,4
11781,3
11782,2
11783,3
11784,2
11785,1
11786,2
11787,3
11788,4
11789,1
11790,2
11791,2
11792,5
11793,5
11794,4
11795,2
11796,3
11797,1
11798,5
11799,5
11800,3
11801,1
11802,3
11803,1
11804,4
11805,4
11806,4
11807,2
11808,3
11809,5
11810,1
11811,3
11812,2
11813,5
11814,4
11815,2
11816,1
11817,2
11818,5
11819,3
11820,4
11821,4
11822,5
11823,1
11824,4
11825,1
11826,5
11827,3
11828,1
11829,5
11830,3
11831,3
11832,1
11833,4
11834,5
11835,1
11836,5
11837,2
11838,5
11839,2
11840,2
11841,5
11842,2
11843,4
11844,5
11845,5
11846,1
11847,3
11848,5
11849,4
11850,3
11851,5
11852,1
11853,2
11854,2
11855,4
11856,2
11857,4
11858,1
11859,1
11860,1
11861,4
11862,5
11863,2
11864,3
11865,1
11866,4
11867,1
11868,2
11869,5
11870,5
11871,1
11872,4
11873,2
11874,2
11875,2
11876,5
11877,2
11878,5
11879,4
11880,4
11881,5
11882,5
11883,2
11884,1
11885,2
11886,5
11887,5
11888,3
11889,5
11890,5
11891,5
11892,2
11893,1
11894,2
11895,3
11896,2
11897,3
11898,2
11899,3
11900,1
11901,3
11902,5
11903,1
11904,5
11905,4
11906,2
11907,5
11908,5
11909,5
11910,1
11911,4
11912,2
11913,4
11914,1
11915,2
11916,5
11917,1
11918,5
11919,1
11920,1
11921,4
11922,4
11923,2
11924,5
11925,2
11926,4
11927,3
11928,3
11929,4
11930,4
11931,1
11932,1
11933,2
11934,3
11935,3
11936,2
11937,3
11938,1
11939,4
11940,4
11941,3
11942,1
11943,3
11944,4
11945,5
11946,2
11947,1
11948,2
11949,5
11950,3
11951,4
11952,5
11953,3
11954,4
11955,5
11956,2
11957,1
11958,2
11959,1
11960,5
11961,2
11962,1
11963,4
11964,5
11965,3
11966,4
11967,1
11968,1
11969,2
11970,4
11971,5
11972,3
11973,3
11974,2
11975,2
11976,1
11977,5
11978,1
11979,3
11980,3
11981,3
11982,1
11983,5
11984,1
11985,3
11986,4
11987,1
11988,2
11989,3
11990,5
11991,1
11992,5
11993,5
11994,4
11995,1
11996,2
11997,3
11998,2
11999,1
12000,2
12001,4
12002,5
12003,4
12004,2
12005,2
12006,2
12007,2
12008,1
12009,2
12010,2
12011,4
12012,4
12013,2
12014,2
12015,3
12016,4
12017,4
12018,2
12019,4
12020,5
12021,4
12022,3
12023,4
12024,5
12025,4
12026,5
12027,4
12028,5
12029,3
12030,2
12031,3
12032,3
12033,2
12034,5
12035,2
12036,3
12037,3
12038,2
12039,5
12040,2
12041,3
12042,3
12043,4
12044,2
12045,4
12046,5
12047,2
12048,2
12049,5
12050,3
12051,2
12052,2
12053,2
12054,3
12055,4
12056,5
12057,3
12058,4
12059,2
12060,5
12061,4
12062,3
12063,5
12064,2
12065,5
12066,3
12067,1
12068,5
12069,4
12070,4
12071,3
12072,3
12073,2
12074,2
12075,2
12076,4
12077,5
12078,3
12079,3
12080,5
12081,5
12082,4
12083,3
12084,2
12085,5
12086,4
12087,5
12088,3
12089,4
12090,1
12091,3
12092,4
12093,4
12094,1
12095,4
12096,5
12097,2
12098,4
12099,5
12100,1
12101,1
12102,2
12103,4
12104,3
12105,1
12106,3
12107,2
12108,3
12109,1
12110,5
12111,5
12112,5
12113,4
12114,1
12115,5
12116,3
12117,4
12118,3
12119,4
12120,3
12121,3
12122,4
12123,2
12124,1
12125,1
12126,2
12127,4
12128,4
12129,1
12130,5
12131,1
12132,5
12133,3
12134,3
12135,4
12136,2
12137,4
12138,1
12139,1
12140,2
12141,3
12142,5
12143,2
12144,1
12145,3
12146,1
12147,3
12148,5
12149,4
12150,5
12151,2
12152,4
12153,2
12154,1
12155,1
12156,2
12157,1
12158,4
12159,2
12160,5
12161,2
12162,5
12163,3
12164,2
12165,1
12166,5
12167,2
12168,5
12169,2
12170,5
12171,4
12172,4
12173,3
12174,2
12175,5
12176,1
12177,1
12178,1
12179,4
12180,5
12181,1
12182,5
12183,1
12184,2
12185,4
12186,5
12187,4
12188,3
12189,5
12190,2
12191,1
12192,2
12193,2
12194,3
12195,1
12196,4
12197,3
12198,5
12199,2
12200,4
12201,4
12202,5
12203,5
12204,2
12205,2
12206,5
12207,2
12208,3
12209,1
12210,1
12211,4
12212,4
12213,4
12214,5
12215,1
12216,4
12217,5
12218,3
12219,5
12220,1
12221,1
12222,2
12223,3
12224,4
12225,3
12226,4
12227,4
12228,3
12229,3
12230,5
12231,4
12232,2
12233,2
12234,1
12235,1
12236,2
12237,3
12238,4
12239,5
12240,5
12241,5
12242,3
12243,4
12244,3
12245,4
12246,5
12247,5
12248,5
12249,3
12250,2
12251,1
12252,5
12253,2
12254,2
12255,1
12256,2
12257,3
12258,4
12259,3
12260,1
12261,3
12262,4
12263,4
12264,1
12265,4
12266,4
12267,5
12268,4
12269,5
12270,1
12271,2
12272,1
12273,4
12274,2
12275,3
12276,4
12277,1
12278,1
12279,3
12280,3
12281,3
12282,2
12283,2
12284,2
12285,5
12286,3
12287,5
12288,3
12289,1
12290,1
12291,5
12292,4
12293,1
12294,3
12295,3
12296,4
12297,5
12298,3
12299,1
12300,4
12301,3
12302,4
12303,5
12304,2
12305,2
12306,1
12307,2
12308,3
12309,3
12310,3
12311,4
12312,2
12313,5
12314,1
12315,3
12316,5
12317,2
12318,1
12319,3
12320,4
12321,2
12322,1
12323,5
12324,5
12325,1
12326,1
12327,3
12328,4
12329,5
12330,5
12331,1
12332,5
12333,1
12334,1
12335,5
12336,1
12337,5
12338,1
12339,2
12340,2
12341,2
12342,5
12343,4
12344,5
12345,4
12346,2
12347,3
12348,2
12349,5
12350,3
12351,3
12352,5
12353,2
12354,1
12355,5
12356,3
12357,5
12358,4
12359,3
12360,5
12361,3
12362,4
12363,1
12364,1
12365,4
12366,2
12367,4
12368,1
12369,1
12370,5
12371,2
12372,2
12373,5
12374,4
12375,5
12376,3
12377,2
12378,3
12379,3
12380,1
12381,5
12382,5
12383,5
12384,3
12385,2
12386,4
12387,2
12388,2
12389,2
12390,5
12391,2
12392,1
12393,3
12394,5
12395,4
12396,2
12397,4
12398,3
12399,4
12400,3
12401,5
12402,3
12403,3
12404,3
12405,5
12406,4
12407,3
12408,2
12409,5
12410,2
12411,2
12412,4
12413,1
12414,2
12415,5
12416,3
12417,5
12418,5
12419,1
12420,4
12421,3
12422,1
12423,1
12424,3
12425,2
12426,1
12427,5
12428,1
12429,5
12430,2
12431,1
12432,3
12433,5
12434,4
12435,2
12436,5
12437,2
12438,5
12439,5
12440,2
12441,1
12442,2
12443,1
12444,4
12445,2
12446,5
12447,4
12448,3
12449,4
12450,2
12451,1
12452,2
12453,2
12454,2
12455,3
12456,1
12457,2
12458,4
12459,3
12460,4
12461,4
12462,1
12463,4
12464,3
12465,1
12466,5
12467,3
12468,4
12469,4
12470,3
12471,2
12472,3
12473,3
12474,1
12475,5
12476,2
12477,5
12478,3
12479,5
12480,2
12481,3
12482,3
12483,4
12484,4
12485,1
12486,3
12487,1
12488,2
12489,1
12490,5
12491,3
12492,4
12493,2
12494,2
12495,3
12496,4
12497,2
12498,2
12499,4
12500,4
12501,3
12502,4
12503,1
12504,4
12505,5
12506,2
12507,4
12508,3
12509,2
12510,5
12511,5
12512,3
12513,4
12514,1
12515,3
12516,1
12517,3
12518,3
12519,3
12520,3
12521,2
12522,2
12523,2
12524,2
12525,1
12526,2
12527,2
12528,2
12529,2
12530,5
12531,2
12532,3
12533,3
12534,1
12535,4
12536,5
12537,4
12538,1
12539,5
12540,5
12541,4
12542,4
12543,2
12544,3
12545,2
12546,1
12547,3
12548,4
12549,5
12550,2
12551,4
12552,1
12553,2
12554,5
12555,4
12556,5
12557,4
12558,4
12559,1
12560,5
12561,4
12562,3
12563,4
12564,1
12565,5
12566,4
12567,3
12568,2
12569,1
12570,4
12571,1
12572,4
12573,4
12574,2
12575,4
12576,3
12577,3
12578,2
12579,5
12580,2
12581,5
12582,3
12583,2
12584,3
12585,2
12586,1
12587,5
12588,1
12589,5
12590,4
12591,3
12592,2
12593,5
12594,3
12595,4
12596,2
12597,2
12598,2
12599,3
12600,5
12601,2
12602,3
12603,1
12604,4
12605,4
12606,5
12607,2
12608,1
12609,4
12610,3
12611,1
12612,2
12613,5
12614,1
12615,2
12616,4
12617,1
12618,5
12619,3
12620,3
12621,5
12622,5
12623,2
12624,4
12625,4
12626,2
12627,1
12628,4
12629,3
12630,4
12631,4
12632,3
12633,4
12634,1
12635,3
12636,4
12637,4
12638,4
12639,5
12640,3
12641,2
12642,5
12643,3
12644,1
12645,1
12646,3
12647,3
12648,4
12649,2
12650,1
12651,4
12652,3
12653,4
12654,5
12655,1
12656,1
12657,2
12658,1
12659,2
12660,1
12661,2
12662,5
12663,3
12664,4
12665,2
12666,2
12667,4
12668,2
12669,4
12670,2
12671,3
12672,2
12673,5
12674,2
12675,5
12676,3
12677,5
12678,4
12679,2
12680,1
12681,3
12682,5
12683,5
12684,4
12685,4
12686,5
12687,1
12688,2
12689,1
12690,4
12691,5
12692,1
12693,5
12694,5
12695,5
12696,5
12697,1
12698,5
12699,4
12700,1
12701,5
12702,2
12703,1
12704,2
12705,3
12706,5
12707,3
12708,1
12709,1
12710,1
12711,3
12712,4
12713,5
12714,1
12715,4
12716,5
12717,4
12718,1
12719,3
12720,3
12721,4
12722,5
12723,4
12724,4
12725,5
12726,1
12727,1
12728,3
12729,1
12730,1
12731,4
12732,3
12733,3
12734,1
12735,5
12736,2
12737,1
12738,2
12739,2
12740,5
12741,5
12742,1
12743,4
12744,1
12745,3
12746,2
12747,5
12748,2
12749,2
12750,2
12751,1
12752,2
12753,3
12754,4
12755,5
12756,4
12757,5
12758,2
12759,1
12760,1
12761,3
12762,5
12763,3
12764,5
12765,5
12766,2
12767,1
12768,4
12769,1
12770,4
12771,1
12772,4
12773,5
12774,2
12775,5
12776,3
12777,1
12778,2
12779,4
12780,3
12781,5
12782,5
12783,1
12784,5
12785,3
12786,4
12787,3
12788,3
12789,4
12790,2
12791,1
12792,1
12793,1
12794,4
12795,1
12796,5
12797,2
12798,2
12799,3
12800,5
12801,1
12802,1
12803,2
12804,1
12805,2
12806,4
12807,4
12808,2
12809,5
12810,3
12811,2
12812,2
12813,1
12814,3
12815,1
12816,5
12817,3
12818,5
12819,3
12820,3
12821,4
12822,5
12823,1
12824,4
12825,3
12826,5
12827,4
12828,1
12829,3
12830,5
12831,4
12832,4
12833,2
12834,1
12835,2
12836,5
12837,3
12838,5
12839,2
12840,4
12841,4
12842,1
12843,1
12844,4
12845,4
12846,5
12847,1
12848,1
12849,2
12850,2
12851,4
12852,3
12853,4
12854,3
12855,4
12856,3
12857,2
12858,4
12859,5
12860,5
12861,4
12862,4
12863,3
12864,3
12865,2
12866,4
12867,3
12868,1
12869,3
12870,2
12871,2
12872,2
12873,5
12874,5
12875,5
12876,3
12877,1
12878,1
12879,1
12880,5
12881,1
12882,5
12883,4
12884,5
12885,1
12886,3
12887,4
12888,4
12889,5
12890,1
12891,3
12892,3
12893,3
12894,5
12895,1
12896,1
12897,5
12898,4
12899,2
12900,2
12901,3
12902,3
12903,1
12904,5
12905,5
12906,1
12907,3
12908,5
12909,2
12910,5
12911,2
12912,3
12913,5
12914,5
12915,4
12916,4
12917,3
12918,2
12919,1
12920,1
12921,3
12922,2
12923,5
12924,1
12925,4
12926,1
12927,4
12928,1
12929,2
12930,3
12931,3
12932,3
12933,4
12934,4
12935,3
12936,2
12937,4
12938,4
12939,4
12940,1
12941,3
12942,4
12943,1
12944,1
12945,5
12946,1
12947,5
12948,1
12949,1
12950,2
12951,3
12952,2
12953,1
12954,2
12955,4
12956,2
12957,5
12958,3
12959,1
12960,2
12961,5
12962,1
12963,2
12964,3
12965,4
12966,3
12967,4
12968,1
12969,5
12970,2
12971,2
12972,2
12973,5
12974,4
12975,4
12976,2
12977,5
12978,2
12979,3
12980,2
12981,5
12982,3
12983,5
12984,4
12985,3
12986,4
12987,2
12988,5
12989,1
12990,2
12991,5
12992,1
12993,2
12994,4
12995,1
12996,3
12997,1
12998,4
12999,2
13000,1
13001,3
13002,5
13003,1
13004,5
13005,2
13006,2
13007,3
13008,4
13009,5
13010,2
13011,2
13012,4
13013,2
13014,1
13015,2
13016,3
13017,4
13018,4
13019,3
13020,4
13021,5
13022,1
13023,3
13024,5
13025,1
13026,3
13027,3
13028,4
13029,4
13030,5
13031,2
13032,4
13033,5
13034,1
13035,1
13036,1
13037,3
13038,2
13039,1
13040,1
13041,3
13042,4
13043,5
13044,5
13045,3
13046,2
13047,4
13048,5
13049,2
13050,4
13051,3
13052,5
13053,1
13054,1
13055,1
13056,2
13057,4
13058,2
13059,1
13060,3
13061,1
13062,2
13063,4
13064,5
13065,3
13066,3
13067,5
13068,3
13069,4
13070,3
13071,3
13072,2
13073,3
13074,4
13075,5
13076,2
13077,4
13078,5
13079,5
13080,5
13081,4
13082,2
13083,3
13084,5
13085,1
13086,2
13087,3
13088,2
13089,5
13090,1
13091,5
13092,1
13093,5
13094,1
13095,4
13096,5
13097,4
13098,1
13099,3
13100,2
13101,5
13102,3
13103,4
13104,2
13105,5
13106,5
13107,5
13108,3
13109,2
13110,1
13111,1
13112,5
13113,1
13114,4
13115,4
13116,4
13117,5
13118,1
13119,3
13120,4
13121,2
13122,2
13123,2
13124,4
13125,1
13126,3
13127,3
13128,5
13129,4
13130,5
13131,5
13132,2
13133,2
13134,3
13135,1
13136,2
13137,1
13138,3
13139,2
13140,1
13141,2
13142,3
13143,1
13144,3
13145,3
13146,4
13147,4
13148,3
13149,5
13150,4
13151,3
13152,4
13153,3
13154,4
13155,3
13156,4
13157,1
13158,1
13159,1
13160,3
13161,2
13162,1
13163,4
13164,4
13165,3
13166,2
13167,4
13168,4
13169,5
13170,2
13171,5
13172,1
13173,1
13174,5
13175,4
13176,5
13177,1
13178,5
13179,2
13180,4
13181,2
13182,2
13183,2
13184,1
13185,2
13186,2
13187,4
13188,4
13189,1
13190,4
13191,4
13192,3
13193,5
13194,1
13195,4
13196,5
13197,2
13198,1
13199,5
13200,5
13201,5
13202,4
13203,1
13204,1
13205,5
13206,1
13207,4
13208,3
13209,5
13210,4
13211,3
13212,5
13213,2
13214,2
13215,5
13216,2
13217,2
13218,3
13219,5
13220,3
13221,2
13222,4
13223,2
13224,4
13225,2
13226,1
13227,3
13228,4
13229,5
13230,2
13231,2
13232,2
13233,4
13234,3
13235,5
13236,3
13237,5
13238,3
13239,4
13240,2
13241,2
13242,4
13243,3
13244,3
13245,5
13246,2
13247,5
13248,5
13249,1
13250,2
13251,1
13252,2
13253,4
13254,3
13255,2
13256,4
13257,2
13258,2
13259,3
13260,4
13261,1
13262,2
13263,3
13264,3
13265,3
13266,2
13267,5
13268,4
13269,3
13270,5
13271,1
13272,4
13273,1
13274,4
13275,4
13276,4
13277,5
13278,4
13279,1
13280,4
13281,3
13282,4
13283,3
13284,3
13285,2
13286,4
13287,5
13288,4
13289,4
13290,2
13291,5
13292,5
13293,2
13294,2
13295,5
13296,1
13297,2
13298,5
13299,3
13300,2
13301,1
13302,2
13303,3
13304,4
13305,1
13306,4
13307,1
13308,2
13309,3
13310,1
13311,5
13312,1
13313,3
13314,4
13315,4
13316,4
13317,4
13318,3
13319,1
13320,1
13321,3
13322,4
13323,5
13324,5
13325,5
13326,1
13327,1
13328,2
13329,3
13330,5
13331,4
13332,5
13333,4
13334,3
13335,1
13336,3
13337,3
13338,2
13339,5
13340,2
13341,5
13342,1
13343,3
13344,1
13345,1
13346,4
13347,2
13348,5
13349,5
13350,5
13351,2
13352,4
13353,2
13354,3
13355,1
13356,2
13357,2
13358,2
13359,1
13360,3
13361,4
13362,2
13363,2
13364,3
13365,1
13366,1
13367,1
13368,1
13369,5
13370,4
13371,1
13372,2
13373,3
13374,5
13375,3
13376,2
13377,5
13378,1
13379,1
13380,1
13381,3
13382,3
13383,5
13384,1
13385,1
13386,4
13387,3
13388,1
13389,1
13390,4
13391,4
13392,5
13393,3
13394,1
13395,3
13396,3
13397,2
13398,2
13399,3
13400,2
13401,4
13402,1
13403,1
13404,5
13405,2
13406,5
13407,2
13408,4
13409,3
13410,1
13411,5
13412,2
13413,5
13414,2
13415,1
13416,1
13417,3
13418,3
13419,2
13420,3
13421,5
13422,3
13423,5
13424,1
13425,2
13426,2
13427,2
13428,1
13429,1
13430,4
13431,5
13432,1
13433,1
13434,5
13435,2
13436,4
13437,5
13438,1
13439,5
13440,3
13441,3
13442,2
13443,4
13444,5
13445,1
13446,5
13447,2
13448,2
13449,2
13450,1
13451,3
13452,5
13453,4
13454,5
13455,1
13456,1
13457,1
13458,1
13459,4
13460,1
13461,2
13462,1
13463,2
13464,3
13465,2
13466,1
13467,3
13468,1
13469,1
13470,1
13471,2
13472,2
13473,3
13474,3
13475,5
13476,3
13477,5
13478,2
13479,1
13480,5
13481,5
13482,3
13483,2
13484,3
13485,4
13486,1
13487,2
13488,5
13489,3
13490,1
13491,4
13492,4
13493,1
13494,5
13495,1
13496,1
13497,2
13498,4
13499,4
13500,1
13501,4
13502,2
13503,3
13504,4
13505,2
13506,5
13507,1
13508,2
13509,4
13510,4
13511,2
13512,4
13513,2
13514,4
13515,2
13516,2
13517,2
13518,5
13519,3
13520,5
13521,3
13522,3
13523,3
13524,5
13525,5
13526,5
13527,4
13528,4
13529,5
13530,5
13531,3
13532,3
13533,4
13534,3
13535,5
13536,5
13537,2
13538,3
13539,5
13540,2
13541,1
13542,1
13543,1
13544,3
13545,3
13546,5
13547,1
13548,5
13549,5
13550,3
13551,3
13552,2
13553,4
13554,4
13555,5
13556,4
13557,3
13558,3
13559,5
13560,2
13561,4
13562,1
13563,1
13564,1
13565,1
13566,3
13567,1
13568,4
13569,3
13570,3
13571,1
13572,3
13573,1
13574,1
13575,2
13576,2
13577,2
13578,3
13579,2
13580,5
13581,1
13582,4
13583,4
13584,4
13585,2
13586,3
13587,3
13588,1
13589,3
13590,2
13591,1
13592,2
13593,3
13594,2
13595,5
13596,5
13597,2
13598,4
13599,3
13600,1
13601,1
13602,2
13603,4
13604,5
13605,2
13606,3
13607,5
13608,4
13609,5
13610,3
13611,3
13612,1
13613,5
13614,3
13615,2
13616,3
13617,5
13618,5
13619,1
13620,5
13621,1
13622,4
13623,1
13624,1
13625,5
13626,2
13627,3
13628,1
13629,5
13630,2
13631,3
13632,1
13633,2
13634,3
13635,4
13636,4
13637,5
13638,3
13639,4
13640,3
13641,2
13642,1
13643,3
13644,2
13645,5
13646,5
13647,3
13648,2
13649,5
13650,4
13651,2
13652,1
13653,4
13654,4
13655,4
13656,1
13657,3
13658,2
13659,5
13660,5
13661,5
13662,3
13663,3
13664,2
13665,3
13666,3
13667,2
13668,4
13669,1
13670,1
13671,4
13672,2
13673,2
13674,3
13675,3
13676,2
13677,4
13678,3
13679,5
13680,1
13681,4
13682,2
13683,2
13684,2
13685,5
13686,2
13687,4
13688,4
13689,2
13690,4
13691,2
13692,2
13693,2
13694,4
13695,2
13696,4
13697,5
13698,2
13699,5
13700,2
13701,5
13702,4
13703,2
13704,2
13705,2
13706,3
13707,3
13708,3
13709,4
13710,4
13711,4
13712,3
13713,2
13714,1
13715,2
13716,4
13717,4
13718,2
13719,5
13720,5
13721,5
13722,1
13723,4
13724,2
13725,1
13726,2
13727,3
13728,2
13729,2
13730,5
13731,5
13732,1
13733,5
13734,1
13735,4
13736,1
13737,3
13738,2
13739,1
13740,2
13741,3
13742,1
13743,1
13744,4
13745,2
13746,4
13747,5
13748,5
13749,3
13750,4
13751,3
13752,3
13753,3
13754,4
13755,3
13756,5
13757,4
13758,4
13759,3
13760,5
13761,5
13762,3
13763,2
13764,2
13765,2
13766,2
13767,3
13768,1
13769,3
13770,3
13771,4
13772,1
13773,2
13774,4
13775,1
13776,5
13777,3
13778,5
13779,2
13780,3
13781,4
13782,1
13783,2
13784,4
13785,1
13786,4
13787,2
13788,2
13789,1
13790,2
13791,5
13792,1
13793,3
13794,2
13795,2
13796,1
13797,5
13798,1
13799,1
13800,4
13801,1
13802,4
13803,2
13804,4
13805,3
13806,5
13807,5
13808,5
13809,5
13810,3
13811,4
13812,1
13813,4
13814,4
13815,3
13816,3
13817,1
13818,2
13819,1
13820,4
13821,4
13822,4
13823,4
13824,1
13825,5
13826,5
13827,4
13828,2
13829,2
13830,3
13831,1
13832,4
13833,2
13834,1
13835,1
13836,1
13837,1
13838,2
13839,4
13840,5
13841,3
13842,2
13843,1
13844,4
13845,1
13846,3
13847,2
13848,4
13849,4
13850,1
13851,2
13852,4
13853,3
13854,1
13855,4
13856,3
13857,3
13858,5
13859,3
13860,2
13861,2
13862,2
13863,5
13864,4
13865,2
13866,4
13867,4
13868,4
13869,3
13870,5
13871,1
13872,2
13873,1
13874,3
13875,1
13876,2
13877,3
13878,4
13879,4
13880,2
13881,5
13882,2
13883,1
13884,3
13885,1
13886,2
13887,2
13888,4
13889,3
13890,4
13891,1
13892,5
13893,3
13894,1
13895,2
13896,1
13897,2
13898,3
13899,5
13900,3
13901,5
13902,5
13903,2
13904,3
13905,2
13906,5
13907,2
13908,3
13909,2
13910,2
13911,5
13912,1
13913,1
13914,2
13915,5
13916,4
13917,2
13918,2
13919,5
13920,3
13921,1
13922,4
13923,4
13924,3
13925,2
13926,1
13927,1
13928,3
13929,3
13930,4
13931,5
13932,2
13933,3
13934,2
13935,3
13936,4
13937,1
13938,4
13939,2
13940,2
13941,3
13942,5
13943,3
13944,1
13945,3
13946,1
13947,1
13948,2
13949,3
13950,2
13951,2
13952,1
13953,4
13954,2
13955,5
13956,5
13957,1
13958,3
13959,3
13960,1
13961,3
13962,2
13963,4
13964,2
13965,2
13966,4
13967,1
13968,5
13969,5
13970,4
13971,5
13972,4
13973,3
13974,3
13975,1
13976,4
13977,4
13978,1
13979,3
13980,3
13981,4
13982,1
13983,1
13984,3
13985,5
13986,1
13987,4
13988,5
13989,4
13990,5
13991,4
13992,2
13993,1
13994,3
13995,4
13996,1
13997,5
13998,5
13999,5
14000,4
14001,3
14002,2
14003,5
14004,1
14005,4
14006,4
14007,2
14008,4
14009,5
14010,4
14011,3
14012,1
14013,1
14014,1
14015,3
14016,1
14017,2
14018,5
14019,5
14020,2
14021,5
14022,4
14023,5
14024,4
14025,3
14026,5
14027,5
14028,2
14029,5
14030,4
14031,3
14032,4
14033,5
14034,4
14035,2
14036,2
14037,4
14038,4
14039,1
14040,2
14041,1
14042,1
14043,3
14044,2
14045,3
14046,5
14047,3
14048,1
14049,2
14050,5
14051,3
14052,3
14053,5
14054,4
14055,2
14056,2
14057,1
14058,4
14059,2
14060,2
14061,4
14062,5
14063,3
14064,4
14065,2
14066,2
14067,3
14068,2
14069,3
14070,2
14071,3
14072,5
14073,3
14074,1
14075,5
14076,4
14077,4
14078,4
14079,2
14080,3
14081,2
14082,1
14083,5
14084,1
14085,3
14086,1
14087,5
14088,3
14089,5
14090,3
14091,4
14092,2
14093,3
14094,2
14095,4
14096,5
14097,5
14098,5
14099,5
14100,5
14101,4
14102,2
14103,4
14104,2
14105,3
14106,4
14107,1
14108,3
14109,3
14110,3
14111,1
14112,4
14113,4
14114,3
14115,3
14116,4
14117,1
14118,4
14119,5
14120,4
14121,5
14122,1
14123,1
14124,4
14125,1
14126,1
14127,2
14128,2
14129,5
14130,4
14131,5
14132,4
14133,2
14134,2
14135,3
14136,5
14137,5
14138,4
14139,4
14140,3
14141,5
14142,1
14143,4
14144,1
14145,2
14146,4
14147,4
14148,4
14149,4
14150,1
14151,4
14152,1
14153,3
14154,2
14155,4
14156,2
14157,4
14158,5
14159,2
14160,1
14161,3
14162,1
14163,5
14164,5
14165,2
14166,4
14167,1
14168,4
14169,5
14170,5
14171,1
14172,2
14173,5
14174,2
14175,4
14176,4
14177,5
14178,2
14179,4
14180,5
14181,3
14182,5
14183,3
14184,4
14185,4
14186,5
14187,4
14188,4
14189,1
14190,2
14191,5
14192,5
14193,2
14194,4
14195,5
14196,1
14197,4
14198,2
14199,1
14200,3
14201,4
14202,2
14203,4
14204,3
14205,2
14206,2
14207,2
14208,5
14209,5
14210,3
14211,3
14212,2
14213,2
14214,5
14215,5
14216,1
14217,3
14218,5
14219,5
14220,1
14221,3
14222,5
14223,2
14224,2
14225,5
14226,3
14227,2
14228,3
14229,5
14230,1
14231,3
14232,3
14233,2
14234,3
14235,2
14236,3
14237,2
14238,1
14239,1
14240,1
14241,4
14242,4
14243,5
14244,1
14245,2
14246,1
14247,4
14248,2
14249,3
14250,2
14251,3
14252,4
14253,3
14254,3
14255,1
14256,3
14257,4
14258,2
14259,2
14260,5
14261,3
14262,2
14263,3
14264,5
14265,4
14266,1
14267,5
14268,1
14269,5
14270,2
14271,4
14272,3
14273,3
14274,3
14275,1
14276,4
14277,2
14278,5
14279,5
14280,5
14281,4
14282,5
14283,1
14284,2
14285,1
14286,5
14287,1
14288,2
14289,5
14290,2
14291,3
14292,5
14293,4
14294,2
14295,4
14296,4
14297,2
14298,1
14299,1
14300,1
14301,5
14302,3
14303,1
14304,1
14305,3
14306,1
14307,4
14308,4
14309,1
14310,2
14311,4
14312,2
14313,2
14314,2
14315,3
14316,1
14317,3
14318,3
14319,2
14320,2
14321,2
14322,5
14323,3
14324,5
14325,5
14326,3
14327,5
14328,3
14329,3
14330,1
14331,3
14332,1
14333,5
14334,3
14335,5
14336,1
14337,5
14338,5
14339,3
14340,5
14341,2
14342,3
14343,2
14344,5
14345,2
14346,1
14347,2
14348,2
14349,5
14350,4
14351,3
14352,3
14353,1
14354,5
14355,5
14356,1
14357,5
14358,4
14359,4
14360,5
14361,3
14362,4
14363,1
14364,1
14365,4
14366,1
14367,2
14368,3
14369,4
14370,2
14371,2
14372,3
14373,2
14374,1
14375,2
14376,4
14377,3
14378,2
14379,2
14380,3
14381,3
14382,4
14383,1
14384,3
14385,1
14386,1
14387,4
14388,3
14389,5
14390,5
14391,2
14392,4
14393,5
14394,2
14395,4
14396,1
14397,1
14398,4
14399,2
14400,2
14401,1
14402,2
14403,3
14404,1
14405,3
14406,3
14407,1
14408,1
14409,1
14410,4
14411,1
14412,1
14413,2
14414,5
14415,3
14416,1
14417,5
14418,4
14419,4
14420,3
14421,2
14422,2
14423,1
14424,1
14425,3
14426,4
14427,4
14428,4
14429,3
14430,1
14431,5
14432,1
14433,5
14434,5
14435,2
14436,2
14437,4
14438,1
14439,5
14440,1
14441,1
14442,3
14443,5
14444,3
14445,2
14446,3
14447,2
14448,5
14449,4
14450,3
14451,2
14452,4
14453,4
14454,1
14455,1
14456,5
14457,4
14458,2
14459,5
14460,1
14461,5
14462,1
14463,3
14464,4
14465,2
14466,2
14467,1
14468,1
14469,5
14470,5
14471,4
14472,3
14473,2
14474,5
14475,1
14476,2
14477,2
14478,5
14479,4
14480,5
14481,2
14482,4
14483,5
14484,3
14485,4
14486,1
14487,5
14488,1
14489,4
14490,4
14491,2
14492,4
14493,2
14494,1
14495,5
14496,2
14497,4
14498,1
14499,1
14500,2
14501,5
14502,4
14503,4
14504,3
14505,4
14506,4
14507,3
14508,1
14509,4
14510,2
14511,1
14512,1
14513,1
14514,2
14515,5
14516,2
14517,5
14518,1
14519,4
14520,5
14521,1
14522,3
14523,1
14524,2
14525,2
14526,1
14527,4
14528,3
14529,3
14530,3
14531,4
14532,1
14533,3
14534,2
14535,4
14536,3
14537,5
14538,5
14539,5
14540,2
14541,4
14542,1
14543,4
14544,2
14545,2
14546,2
14547,1
14548,1
14549,4
14550,3
14551,1
14552,2
14553,3
14554,1
14555,1
14556,4
14557,4
14558,1
14559,4
14560,3
14561,1
14562,1
14563,5
14564,4
14565,3
14566,1
14567,3
14568,3
14569,1
14570,3
14571,2
14572,4
14573,4
14574,3
14575,5
14576,3
14577,2
14578,2
14579,5
14580,5
14581,3
14582,5
14583,1
14584,5
14585,2
14586,4
14587,4
14588,2
14589,5
14590,3
14591,3
14592,5
14593,3
14594,4
14595,2
14596,5
14597,3
14598,4
14599,1
14600,4
14601,1
14602,4
14603,1
14604,3
14605,5
14606,1
14607,1
14608,4
14609,4
14610,4
14611,4
14612,2
14613,3
14614,1
14615,2
14616,4
14617,4
14618,3
14619,3
14620,3
14621,5
14622,1
14623,1
14624,1
14625,1
14626,3
14627,4
14628,3
14629,4
14630,4
14631,3
14632,5
14633,5
14634,5
14635,4
14636,5
14637,4
14638,3
14639,5
14640,4
14641,5
14642,2
14643,4
14644,1
14645,3
14646,2
14647,5
14648,1
14649,3
14650,1
14651,2
14652,3
14653,4
14654,4
14655,4
14656,2
14657,3
14658,1
14659,2
14660,1
14661,1
14662,1
14663,3
14664,3
14665,3
14666,3
14667,2
14668,4
14669,4
14670,5
14671,4
14672,5
14673,5
14674,5
14675,2
14676,4
14677,5
14678,1
14679,1
14680,1
14681,3
14682,3
14683,4
14684,1
14685,2
14686,3
14687,1
14688,1
14689,2
14690,3
14691,4
14692,5
14693,4
14694,5
14695,4
14696,3
14697,5
14698,4
14699,3
14700,1
14701,4
14702,3
14703,3
14704,5
14705,3
14706,3
14707,1
14708,4
14709,3
14710,4
14711,2
14712,3
14713,1
14714,5
14715,1
14716,4
14717,4
14718,5
14719,2
14720,1
14721,4
14722,4
14723,4
14724,2
14725,4
14726,4
14727,1
14728,1
14729,2
14730,5
14731,1
14732,1
14733,4
14734,5
14735,4
14736,1
14737,3
14738,1
14739,2
14740,1
14741,4
14742,3
14743,2
14744,3
14745,2
14746,1
14747,3
14748,5
14749,4
14750,4
14751,1
14752,1
14753,2
14754,5
14755,4
14756,4
14757,2
14758,1
14759,4
14760,1
14761,1
14762,1
14763,3
14764,4
14765,2
14766,5
14767,2
14768,4
14769,5
14770,5
14771,2
14772,4
14773,1
14774,2
14775,5
14776,1
14777,4
14778,1
14779,1
14780,1
14781,2
14782,2
14783,5
14784,5
14785,5
14786,4
14787,4
14788,1
14789,5
14790,3
14791,3
14792,2
14793,3
14794,4
14795,2
14796,2
14797,3
14798,2
14799,3
14800,1
14801,5
14802,1
14803,3
14804,1
14805,4
14806,3
14807,5
14808,3
14809,2
14810,4
14811,5
14812,3
14813,4
14814,4
14815,2
14816,5
14817,4
14818,2
14819,5
14820,2
14821,1
14822,4
14823,3
14824,5
14825,2
14826,5
14827,1
14828,4
14829,4
14830,3
14831,1
14832,1
14833,4
14834,1
14835,2
14836,3
14837,3
14838,3
14839,4
14840,2
14841,3
14842,5
14843,4
14844,2
14845,3
14846,3
14847,5
14848,4
14849,1
14850,4
14851,5
14852,4
14853,4
14854,3
14855,2
14856,3
14857,2
14858,1
14859,2
14860,3
14861,2
14862,3
14863,5
14864,5
14865,1
14866,1
14867,5
14868,5
14869,4
14870,2
14871,3
14872,1
14873,2
14874,1
14875,3
14876,2
14877,3
14878,4
14879,1
14880,4
14881,4
14882,4
14883,3
14884,1
14885,1
14886,3
14887,1
14888,5
14889,2
14890,2
14891,3
14892,3
14893,1
14894,3
14895,3
14896,3
14897,4
14898,1
14899,2
14900,2
14901,2
14902,3
14903,2
14904,3
14905,1
14906,1
14907,4
14908,3
14909,4
14910,5
14911,4
14912,3
14913,5
14914,1
14915,2
14916,5
14917,2
14918,1
14919,3
14920,4
14921,3
14922,4
14923,3
14924,5
14925,2
14926,2
14927,4
14928,5
14929,4
14930,2
14931,4
14932,4
14933,4
14934,5
14935,4
14936,4
14937,3
14938,4
14939,1
14940,5
14941,5
14942,2
14943,1
14944,2
14945,4
14946,5
14947,1
14948,4
14949,1
14950,2
14951,4
14952,1
14953,2
14954,5
14955,1
14956,4
14957,4
14958,4
14959,5
14960,4
14961,3
14962,4
14963,3
14964,5
14965,4
14966,1
14967,3
14968,2
14969,1
14970,1
14971,3
14972,1
14973,5
14974,5
14975,2
14976,3
14977,1
14978,2
14979,2
14980,2
14981,3
14982,3
14983,3
14984,5
14985,4
14986,1
14987,3
14988,3
14989,2
14990,3
14991,2
14992,4
14993,3
14994,2
14995,5
14996,1
14997,4
14998,5
14999,1
15000,2
15001,2
15002,5
15003,4
15004,5
15005,4
15006,5
15007,1
15008,4
15009,1
15010,2
15011,3
15012,3
15013,4
15014,2
15015,4
15016,2
15017,4
15018,1
15019,5
15020,2
15021,1
15022,2
15023,4
15024,1
15025,1
15026,5
15027,3
15028,3
15029,3
15030,2
15031,4
15032,5
15033,1
15034,4
15035,2
15036,4
15037,1
15038,3
15039,3
15040,5
15041,5
15042,5
15043,3
15044,3
15045,4
15046,4
15047,1
15048,1
15049,4
15050,4
15051,5
15052,5
15053,1
15054,3
15055,2
15056,1
15057,2
15058,1
15059,2
15060,1
15061,5
15062,5
15063,1
15064,3
15065,4
15066,2
15067,1
15068,3
15069,2
15070,1
15071,4
15072,1
15073,2
15074,5
15075,1
15076,3
15077,4
15078,4
15079,2
15080,1
15081,1
15082,2
15083,5
15084,4
15085,2
15086,4
15087,4
15088,1
15089,1
15090,2
15091,5
15092,2
15093,3
15094,2
15095,5
15096,3
15097,5
15098,3
15099,1
15100,1
15101,3
15102,2
15103,2
15104,5
15105,5
15106,4
15107,4
15108,3
15109,3
15110,2
15111,1
15112,4
15113,4
15114,2
15115,2
15116,4
15117,1
15118,4
15119,5
15120,2
15121,1
15122,5
15123,2
15124,2
15125,1
15126,3
15127,2
15128,3
15129,1
15130,1
15131,2
15132,3
15133,5
15134,2
15135,4
15136,2
15137,1
15138,3
15139,2
15140,3
15141,1
15142,1
15143,4
15144,5
15145,5
15146,1
15147,1
15148,2
15149,1
15150,4
15151,4
15152,3
15153,1
15154,2
15155,2
15156,4
15157,5
15158,2
15159,4
15160,2
15161,2
15162,3
15163,5
15164,2
15165,2
15166,1
15167,4
15168,5
15169,2
15170,5
15171,2
15172,3
15173,3
15174,1
15175,2
15176,2
15177,4
15178,1
15179,5
15180,4
15181,1
15182,2
15183,4
15184,2
15185,3
15186,4
15187,1
15188,5
15189,2
15190,1
15191,3
15192,3
15193,1
15194,5
15195,4
15196,3
15197,1
15198,4
15199,1
15200,5
15201,1
15202,4
15203,1
15204,2
15205,5
15206,4
15207,1
15208,3
15209,5
15210,5
15211,2
15212,2
15213,4
15214,1
15215,4
15216,4
15217,2
15218,5
15219,4
15220,5
15221,2
15222,1
15223,2
15224,3
15225,2
15226,4
15227,1
15228,5
15229,3
15230,3
15231,4
15232,5
15233,2
15234,2
15235,4
15236,3
15237,5
15238,5
15239,1
15240,5
15241,1
15242,2
15243,3
15244,1
15245,2
15246,4
15247,2
15248,2
15249,5
15250,3
15251,3
15252,1
15253,1
15254,5
15255,3
15256,2
15257,4
15258,5
15259,4
15260,4
15261,1
15262,2
15263,4
15264,2
15265,2
15266,3
15267,3
15268,4
15269,4
15270,2
15271,2
15272,3
15273,1
15274,5
15275,3
15276,3
15277,2
15278,1
15279,2
15280,5
15281,2
15282,2
15283,1
15284,1
15285,2
15286,3
15287,3
15288,1
15289,1
15290,1
15291,1
15292,1
15293,3
15294,3
15295,5
15296,1
15297,4
15298,2
15299,4
15300,2
15301,1
15302,2
15303,2
15304,4
15305,3
15306,2
15307,1
15308,3
15309,3
15310,3
15311,1
15312,1
15313,4
15314,4
15315,4
15316,5
15317,1
15318,3
15319,1
15320,4
15321,1
15322,1
15323,4
15324,1
15325,3
15326,2
15327,3
15328,3
15329,2
15330,3
15331,4
15332,5
15333,3
15334,1
15335,1
15336,1
15337,1
15338,4
15339,5
15340,3
15341,3
15342,3
15343,1
15344,3
15345,5
15346,3
15347,4
15348,1
15349,5
15350,1
15351,3
15352,2
15353,5
15354,2
15355,1
15356,2
15357,3
15358,1
15359,2
15360,4
15361,2
15362,1
15363,1
15364,1
15365,1
15366,2
15367,4
15368,4
15369,2
15370,4
15371,5
15372,4
15373,2
15374,2
15375,4
15376,5
15377,5
15378,3
15379,3
15380,5
15381,5
15382,4
15383,2
15384,1
15385,3
15386,2
15387,5
15388,2
15389,5
15390,1
15391,1
15392,2
15393,4
15394,1
15395,1
15396,2
15397,5
15398,3
15399,3
15400,1
15401,4
15402,3
15403,1
15404,3
15405,5
15406,5
15407,2
15408,5
15409,1
15410,2
15411,3
15412,1
15413,4
15414,1
15415,2
15416,5
15417,3
15418,3
15419,2
15420,3
15421,3
15422,1
15423,4
15424,1
15425,4
15426,4
15427,5
15428,4
15429,2
15430,1
15431,3
15432,4
15433,4
15434,1
15435,1
15436,5
15437,3
15438,2
15439,5
15440,1
15441,5
15442,3
15443,3
15444,3
15445,2
15446,2
15447,1
15448,1
15449,1
15450,1
15451,2
15452,5
15453,2
15454,3
15455,5
15456,4
15457,2
15458,2
15459,3
15460,1
15461,3
15462,4
15463,2
15464,2
15465,2
15466,4
15467,3
15468,4
15469,1
15470,1
15471,4
15472,2
15473,3
15474,4
15475,2
15476,2
15477,4
15478,2
15479,5
15480,5
15481,3
15482,4
15483,2
15484,4
15485,5
15486,1
15487,2
15488,1
15489,5
15490,5
15491,4
15492,3
15493,4
15494,2
15495,2
15496,5
15497,4
15498,5
15499,3
15500,3
15501,2
15502,4
15503,3
15504,4
15505,2
15506,3
15507,5
15508,2
15509,3
15510,1
15511,2
15512,4
15513,3
15514,4
15515,2
15516,2
15517,4
15518,3
15519,5
15520,1
15521,2
15522,3
15523,3
15524,4
15525,2
15526,4
15527,1
15528,5
15529,4
15530,4
15531,3
15532,3
15533,1
15534,1
15535,4
15536,1
15537,3
15538,5
15539,2
15540,5
15541,5
15542,2
15543,5
15544,1
15545,5
15546,1
15547,4
15548,4
15549,2
15550,4
15551,4
15552,3
15553,1
15554,3
15555,4
15556,5
15557,1
15558,4
15559,2
15560,3
15561,2
15562,2
15563,5
15564,2
15565,3
15566,4
15567,4
15568,5
15569,4
15570,2
15571,4
15572,2
15573,2
15574,1
15575,3
15576,1
15577,5
15578,4
15579,5
15580,1
15581,3
15582,1
15583,3
15584,2
15585,1
15586,3
15587,1
15588,5
15589,4
15590,4
15591,1
15592,1
15593,4
15594,2
15595,2
15596,5
15597,3
15598,2
15599,2
15600,4
15601,1
15602,2
15603,4
15604,3
15605,3
15606,1
15607,5
15608,2
15609,4
15610,5
15611,3
15612,5
15613,1
15614,4
15615,5
15616,4
15617,4
15618,3
15619,5
15620,4
15621,5
15622,4
15623,4
15624,5
15625,1
15626,1
15627,2
15628,3
15629,4
15630,5
15631,3
15632,5
15633,3
15634,5
15635,5
15636,4
15637,4
15638,5
15639,3
15640,5
15641,5
15642,5
15643,1
15644,4
15645,2
15646,4
15647,2
15648,4
15649,5
15650,3
15651,5
15652,1
15653,1
15654,2
15655,1
15656,3
15657,2
15658,5
15659,5
15660,5
15661,4
15662,5
15663,4
15664,3
15665,4
15666,3
15667,3
15668,5
15669,5
15670,3
15671,3
15672,4
15673,4
15674,5
15675,2
15676,2
15677,1
15678,3
15679,4
15680,2
15681,4
15682,4
15683,4
15684,2
15685,1
15686,3
15687,1
15688,2
15689,3
15690,4
15691,2
15692,5
15693,4
15694,4
15695,3
15696,2
15697,1
15698,3
15699,4
15700,5
15701,2
15702,4
15703,3
15704,5
15705,5
15706,2
15707,2
15708,3
15709,5
15710,1
15711,1
15712,3
15713,3
15714,5
15715,2
15716,1
15717,4
15718,4
15719,2
15720,2
15721,4
15722,4
15723,3
15724,2
15725,3
15726,1
15727,2
15728,2
15729,5
15730,2
15731,1
15732,1
15733,5
15734,5
15735,2
15736,1
15737,1
15738,3
15739,5
15740,2
15741,4
15742,5
15743,1
15744,4
15745,1
15746,4
15747,4
15748,1
15749,5
15750,1
15751,3
15752,4
15753,2
15754,1
15755,4
15756,1
15757,1
15758,4
15759,1
15760,3
15761,1
15762,5
15763,2
15764,3
15765,2
15766,3
15767,2
15768,5
15769,5
15770,4
15771,4
15772,5
15773,5
15774,3
15775,5
15776,3
15777,1
15778,2
15779,3
15780,4
15781,5
15782,4
15783,2
15784,2
15785,3
15786,5
15787,4
15788,5
15789,1
15790,3
15791,3
15792,2
15793,4
15794,2
15795,4
15796,1
15797,5
15798,4
15799,3
15800,1
15801,5
15802,3
15803,2
15804,5
15805,1
15806,1
15807,4
15808,2
15809,2
15810,2
15811,2
15812,2
15813,1
15814,3
15815,2
15816,2
15817,5
15818,1
15819,4
15820,5
15821,3
15822,1
15823,4
15824,5
15825,4
15826,4
15827,3
15828,4
15829,2
15830,5
15831,2
15832,1
15833,4
15834,4
15835,5
15836,2
15837,4
15838,2
15839,4
15840,2
15841,3
15842,5
15843,3
15844,4
15845,1
15846,2
15847,4
15848,2
15849,2
15850,1
15851,2
15852,3
15853,2
15854,4
15855,4
15856,1
15857,2
15858,3
15859,2
15860,1
15861,3
15862,1
15863,5
15864,1
15865,3
15866,2
15867,5
15868,4
15869,1
15870,4
15871,3
15872,5
15873,1
15874,4
15875,3
15876,3
15877,3
15878,2
15879,4
15880,1
15881,3
15882,2
15883,1
15884,3
15885,2
15886,5
15887,5
15888,4
15889,4
15890,2
15891,2
15892,3
15893,5
15894,3
15895,4
15896,3
15897,2
15898,3
15899,3
15900,2
15901,5
15902,3
15903,1
15904,3
15905,5
15906,2
15907,2
15908,3
15909,2
15910,5
15911,1
15912,1
15913,4
15914,4
15915,5
15916,1
15917,5
15918,5
15919,5
15920,2
15921,2
15922,4
15923,5
15924,2
15925,5
15926,3
15927,1
15928,5
15929,5
15930,5
15931,3
15932,3
15933,1
15934,2
15935,5
15936,2
15937,3
15938,4
15939,4
15940,1
15941,5
15942,5
15943,5
15944,1
15945,1
15946,4
15947,2
15948,3
15949,5
15950,2
15951,3
15952,3
15953,5
15954,1
15955,2
15956,1
15957,4
15958,4
15959,3
15960,3
15961,1
15962,3
15963,2
15964,4
15965,5
15966,4
15967,1
15968,1
15969,1
15970,5
15971,5
15972,2
15973,1
15974,2
15975,2
15976,5
15977,3
15978,4
15979,3
15980,5
15981,2
15982,2
15983,5
15984,3
15985,2
15986,1
15987,4
15988,2
15989,5
15990,4
15991,4
15992,2
15993,5
15994,4
15995,5
15996,4
15997,4
15998,4
15999,1
16000,1
16001,3
16002,4
16003,3
16004,5
16005,3
16006,5
16007,1
16008,4
16009,5
16010,5
16011,2
16012,3
16013,5
16014,5
16015,3
16016,1
16017,4
16018,5
16019,5
16020,1
16021,3
16022,3
16023,4
16024,5
16025,4
16026,1
16027,5
16028,1
16029,2
16030,1
16031,2
16032,5
16033,4
16034,2
16035,5
16036,2
16037,2
16038,5
16039,5
16040,3
16041,4
16042,4
16043,5
16044,2
16045,1
16046,3
16047,1
16048,2
16049,4
16050,2
16051,2
16052,2
16053,5
16054,4
16055,2
16056,1
16057,3
16058,2
16059,5
16060,5
16061,4
16062,4
16063,3
16064,1
16065,4
16066,5
16067,1
16068,2
16069,4
16070,1
16071,4
16072,2
16073,1
16074,4
16075,4
16076,5
16077,5
16078,3
16079,2
16080,2
16081,1
16082,2
16083,1
16084,3
16085,1
16086,4
16087,2
16088,5
16089,3
16090,4
16091,3
16092,5
16093,4
16094,2
16095,3
16096,3
16097,4
16098,2
16099,1
16100,1
16101,4
16102,3
16103,2
16104,2
16105,1
16106,3
16107,1
16108,1
16109,5
16110,4
16111,2
16112,4
16113,4
16114,1
16115,5
16116,5
16117,2
16118,3
16119,3
16120,2
16121,2
16122,1
16123,5
16124,1
16125,2
16126,2
16127,5
16128,5
16129,4
16130,4
16131,5
16132,3
16133,4
16134,5
16135,4
16136,5
16137,2
16138,3
16139,3
16140,1
16141,1
16142,1
16143,5
16144,3
16145,5
16146,1
16147,5
16148,1
16149,3
16150,3
16151,5
16152,2
16153,1
16154,5
16155,1
16156,2
16157,5
16158,2
16159,4
16160,4
16161,1
16162,5
16163,5
16164,3
16165,4
16166,5
16167,1
16168,5
16169,2
16170,1
16171,3
16172,2
16173,4
16174,4
16175,2
16176,4
16177,5
16178,1
16179,4
16180,4
16181,1
16182,4
16183,1
16184,5
16185,5
16186,4
16187,2
16188,1
16189,2
16190,1
16191,3
16192,2
16193,5
16194,1
16195,4
16196,5
16197,5
16198,5
16199,1
16200,5
16201,1
16202,2
16203,4
16204,1
16205,3
16206,3
16207,3
16208,4
16209,3
16210,2
16211,3
16212,5
16213,5
16214,5
16215,5
16216,1
16217,3
16218,2
16219,1
16220,1
16221,4
16222,3
16223,5
16224,2
16225,5
16226,5
16227,3
16228,1
16229,2
16230,3
16231,5
16232,5
16233,3
16234,1
16235,1
16236,2
16237,4
16238,3
16239,3
16240,5
16241,2
16242,2
16243,5
16244,1
16245,3
16246,1
16247,3
16248,5
16249,3
16250,1
16251,5
16252,1
16253,3
16254,3
16255,5
16256,3
16257,4
16258,5
16259,3
16260,1
16261,5
16262,4
16263,2
16264,3
16265,4
16266,5
16267,2
16268,2
16269,4
16270,4
16271,5
16272,5
16273,5
16274,5
16275,4
16276,4
16277,1
16278,4
16279,4
16280,2
16281,3
16282,5
16283,5
16284,2
16285,2
16286,3
16287,2
16288,4
16289,4
16290,1
16291,5
16292,2
16293,2
16294,2
16295,1
16296,3
16297,5
16298,5
16299,3
16300,5
16301,3
16302,2
16303,1
16304,4
16305,4
16306,2
16307,5
16308,2
16309,3
16310,4
16311,1
16312,4
16313,3
16314,5
16315,1
16316,4
16317,2
16318,5
16319,5
16320,3
16321,5
16322,3
16323,4
16324,2
16325,4
16326,5
16327,2
16328,4
16329,1
16330,5
16331,2
16332,1
16333,4
16334,2
16335,5
16336,4
16337,1
16338,5
16339,3
16340,2
16341,5
16342,2
16343,4
16344,2
16345,4
16346,5
16347,5
16348,1
16349,3
16350,1
16351,1
16352,1
16353,4
16354,5
16355,4
16356,5
16357,5
16358,4
16359,2
16360,1
16361,2
16362,1
16363,2
16364,5
16365,3
16366,5
16367,5
16368,5
16369,1
16370,5
16371,4
16372,4
16373,5
16374,4
16375,1
16376,1
16377,2
16378,1
16379,1
16380,3
16381,5
16382,2
16383,1
16384,1
16385,2
16386,4
16387,2
16388,5
16389,1
16390,3
16391,1
16392,4
16393,2
16394,2
16395,1
16396,2
16397,3
16398,4
16399,1
16400,3
16401,4
16402,4
16403,4
16404,3
16405,2
16406,5
16407,3
16408,1
16409,4
16410,1
16411,1
16412,4
16413,3
16414,4
16415,5
16416,1
16417,2
16418,2
16419,5
16420,1
16421,4
16422,1
16423,5
16424,5
16425,4
16426,1
16427,4
16428,1
16429,1
16430,4
16431,5
16432,2
16433,5
16434,1
16435,1
16436,5
16437,1
16438,5
16439,4
16440,1
16441,5
16442,2
16443,4
16444,3
16445,3
16446,1
16447,5
16448,3
16449,3
16450,3
16451,2
16452,2
16453,2
16454,2
16455,1
16456,2
16457,5
16458,4
16459,3
16460,3
16461,3
16462,4
16463,1
16464,4
16465,1
16466,5
16467,5
16468,2
16469,2
16470,3
16471,4
16472,5
16473,1
16474,5
16475,1
16476,3
16477,3
16478,4
16479,4
16480,4
16481,5
16482,1
16483,4
16484,2
16485,3
16486,2
16487,2
16488,4
16489,5
16490,3
16491,5
16492,3
16493,5
16494,4
16495,2
16496,1
16497,5
16498,2
16499,5
16500,1
16501,3
16502,3
16503,3
16504,5
16505,5
16506,2
16507,5
16508,5
16509,4
16510,2
16511,4
16512,4
16513,4
16514,5
16515,2
16516,3
16517,1
16518,1
16519,4
16520,5
16521,2
16522,4
16523,2
16524,3
16525,3
16526,2
16527,5
16528,1
16529,1
16530,5
16531,3
16532,1
16533,2
16534,3
16535,2
16536,1
16537,5
16538,1
16539,4
16540,4
16541,5
16542,3
16543,4
16544,4
16545,1
16546,5
16547,4
16548,4
16549,4
16550,4
16551,1
16552,1
16553,3
16554,4
16555,4
16556,1
16557,3
16558,4
16559,2
16560,3
16561,3
16562,5
16563,3
16564,3
16565,4
16566,1
16567,1
16568,3
16569,1
16570,4
16571,5
16572,1
16573,2
16574,5
16575,3
16576,1
16577,3
16578,2
16579,2
16580,1
16581,5
16582,3
16583,4
16584,1
16585,3
16586,1
16587,2
16588,5
16589,4
16590,1
16591,4
16592,5
16593,3
16594,2
16595,4
16596,1
16597,2
16598,3
16599,3
16600,4
16601,4
16602,1
16603,4
16604,4
16605,5
16606,5
16607,1
16608,4
16609,1
16610,4
16611,5
16612,4
16613,4
16614,3
16615,3
16616,2
16617,5
16618,3
16619,5
16620,2
16621,2
16622,3
16623,3
16624,4
16625,4
16626,1
16627,1
16628,2
16629,1
16630,3
16631,4
16632,5
16633,4
16634,3
16635,5
16636,4
16637,4
16638,3
16639,2
16640,5
16641,2
16642,2
16643,1
16644,2
16645,1
16646,3
16647,1
16648,2
16649,1
16650,4
16651,5
16652,2
16653,4
16654,1
16655,1
16656,5
16657,5
16658,1
16659,1
16660,2
16661,5
16662,1
16663,4
16664,1
16665,1
16666,3
16667,5
16668,2
16669,4
16670,3
16671,2
16672,5
16673,4
16674,3
16675,5
16676,1
16677,3
16678,2
16679,5
16680,5
16681,4
16682,3
16683,5
16684,1
16685,1
16686,3
16687,3
16688,1
16689,5
16690,1
16691,3
16692,1
16693,5
16694,1
16695,5
16696,4
16697,4
16698,2
16699,1
16700,4
16701,2
16702,4
16703,5
16704,4
16705,2
16706,4
16707,4
16708,5
16709,1
16710,5
16711,3
16712,5
16713,4
16714,5
16715,3
16716,4
16717,1
16718,2
16719,3
16720,4
16721,5
16722,5
16723,4
16724,4
16725,1
16726,1
16727,5
16728,3
16729,3
16730,1
16731,4
16732,4
16733,4
16734,1
16735,4
16736,1
16737,1
16738,3
16739,4
16740,5
16741,4
16742,3
16743,3
16744,5
16745,5
16746,4
16747,2
16748,2
16749,5
16750,1
16751,2
16752,5
16753,3
16754,3
16755,4
16756,1
16757,2
16758,5
16759,5
16760,3
16761,5
16762,3
16763,2
16764,4
16765,4
16766,1
16767,4
16768,5
16769,5
16770,1
16771,4
16772,4
16773,1
16774,1
16775,4
16776,5
16777,5
16778,5
16779,1
16780,2
16781,3
16782,5
16783,5
16784,2
16785,5
16786,3
16787,2
16788,1
16789,3
16790,1
16791,4
16792,1
16793,2
16794,4
16795,2
16796,5
16797,2
16798,4
16799,1
16800,2
16801,4
16802,5
16803,3
16804,5
16805,5
16806,4
16807,3
16808,2
16809,2
16810,2
16811,5
16812,5
16813,2
16814,2
16815,4
16816,3
16817,1
16818,1
16819,1
16820,5
16821,5
16822,2
16823,3
16824,4
16825,4
16826,5
16827,4
16828,1
16829,3
16830,1
16831,2
16832,2
16833,2
16834,4
16835,5
16836,2
16837,5
16838,5
16839,2
16840,2
16841,5
16842,2
16843,2
16844,5
16845,2
16846,1
16847,2
16848,4
16849,1
16850,4
16851,5
16852,5
16853,3
16854,5
16855,5
16856,1
16857,2
16858,3
16859,3
16860,4
16861,5
16862,1
16863,4
16864,2
16865,5
16866,1
16867,5
16868,2
16869,5
16870,1
16871,3
16872,1
16873,2
16874,2
16875,4
16876,1
16877,5
16878,2
16879,1
16880,2
16881,3
16882,5
16883,1
16884,5
16885,5
16886,3
16887,1
16888,5
16889,3
16890,1
16891,2
16892,5
16893,4
16894,3
16895,3
16896,3
16897,5
16898,3
16899,1
16900,5
16901,3
16902,5
16903,1
16904,3
16905,4
16906,1
16907,1
16908,1
16909,1
16910,4
16911,5
16912,1
16913,3
16914,3
16915,4
16916,5
16917,3
16918,1
16919,2
16920,1
16921,5
16922,1
16923,1
16924,3
16925,5
16926,4
16927,4
16928,2
16929,4
16930,5
16931,4
16932,5
16933,1
16934,3
16935,2
16936,1
16937,1
16938,2
16939,4
16940,3
16941,5
16942,2
16943,5
16944,4
16945,5
16946,4
16947,4
16948,4
16949,2
16950,2
16951,4
16952,4
16953,3
16954,2
16955,3
16956,4
16957,1
16958,5
16959,3
16960,3
16961,1
16962,5
16963,4
16964,1
16965,5
16966,3
16967,5
16968,3
16969,2
16970,2
16971,4
16972,4
16973,5
16974,5
16975,3
16976,1
16977,4
16978,5
16979,4
16980,1
16981,3
16982,3
16983,5
16984,3
16985,5
16986,5
16987,5
16988,2
16989,5
16990,4
16991,2
16992,3
16993,5
16994,2
16995,2
16996,4
16997,5
16998,3
16999,4
17000,4
17001,5
17002,3
17003,5
17004,5
17005,4
17006,5
17007,2
17008,3
17009,2
17010,5
17011,5
17012,5
17013,3
17014,2
17015,2
17016,3
17017,1
17018,2
17019,2
17020,2
17021,3
17022,5
17023,4
17024,2
17025,5
17026,1
17027,3
17028,4
17029,2
17030,5
17031,3
17032,4
17033,3
17034,5
17035,3
17036,2
17037,5
17038,3
17039,4
17040,1
17041,2
17042,1
17043,2
17044,1
17045,2
17046,3
17047,3
17048,1
17049,4
17050,2
17051,3
17052,5
17053,4
17054,1
17055,3
17056,4
17057,5
17058,5
17059,4
17060,1
17061,1
17062,2
17063,1
17064,1
17065,4
17066,1
17067,2
17068,3
17069,2
17070,1
17071,1
17072,4
17073,3
17074,2
17075,1
17076,2
17077,4
17078,5
17079,4
17080,1
17081,3
17082,5
17083,1
17084,1
17085,5
17086,3
17087,3
17088,5
17089,3
17090,5
17091,3
17092,3
17093,1
17094,3
17095,4
17096,1
17097,3
17098,5
17099,1
17100,3
17101,3
17102,3
17103,4
17104,2
17105,4
17106,4
17107,4
17108,1
17109,5
17110,1
17111,3
17112,4
17113,1
17114,2
17115,1
17116,2
17117,5
17118,2
17119,4
17120,4
17121,4
17122,2
17123,4
17124,5
17125,3
17126,2
17127,1
17128,4
17129,1
17130,4
17131,2
17132,3
17133,2
17134,4
17135,5
17136,3
17137,3
17138,3
17139,5
17140,4
17141,1
17142,5
17143,1
17144,5
17145,5
17146,4
17147,1
17148,3
17149,1
17150,3
17151,3
17152,5
17153,2
17154,2
17155,2
17156,5
17157,2
17158,3
17159,2
17160,2
17161,5
17162,2
17163,5
17164,2
17165,5
17166,2
17167,4
17168,2
17169,1
17170,3
17171,1
17172,5
17173,2
17174,3
17175,3
17176,4
17177,5
17178,1
17179,4
17180,3
17181,5
17182,3
17183,1
17184,2
17185,2
17186,4
17187,1
17188,1
17189,3
17190,2
17191,4
17192,3
17193,5
17194,4
17195,2
17196,5
17197,1
17198,1
17199,3
17200,2
17201,4
17202,1
17203,4
17204,3
17205,2
17206,3
17207,5
17208,3
17209,5
17210,3
17211,1
17212,2
17213,4
17214,1
17215,3
17216,3
17217,5
17218,1
17219,2
17220,5
17221,5
17222,1
17223,1
17224,3
17225,5
17226,5
17227,5
17228,2
17229,2
17230,4
17231,4
17232,1
17233,4
17234,1
17235,4
17236,3
17237,5
17238,2
17239,4
17240,3
17241,4
17242,4
17243,1
17244,5
17245,4
17246,4
17247,1
17248,5
17249,5
17250,5
17251,3
17252,2
17253,4
17254,3
17255,4
17256,4
17257,2
17258,3
17259,4
17260,3
17261,5
17262,4
17263,5
17264,2
17265,2
17266,5
17267,5
17268,1
17269,1
17270,1
17271,5
17272,5
17273,3
17274,2
17275,3
17276,3
17277,1
17278,3
17279,5
17280,4
17281,3
17282,5
17283,5
17284,4
17285,2
17286,1
17287,2
17288,1
17289,2
17290,5
17291,1
17292,4
17293,3
17294,4
17295,5
17296,1
17297,1
17298,3
17299,1
17300,3
17301,4
17302,4
17303,4
17304,2
17305,3
17306,2
17307,1
17308,2
17309,3
17310,4
17311,2
17312,3
17313,1
17314,3
17315,5
17316,5
17317,1
17318,2
17319,2
17320,1
17321,5
17322,5
17323,1
17324,4
17325,5
17326,2
17327,3
17328,3
17329,3
17330,2
17331,2
17332,4
17333,1
17334,3
17335,3
17336,5
17337,5
17338,2
17339,5
17340,1
17341,5
17342,2
17343,2
17344,4
17345,1
17346,3
17347,1
17348,3
17349,1
17350,5
17351,2
17352,5
17353,5
17354,2
17355,2
17356,2
17357,3
17358,2
17359,4
17360,5
17361,2
17362,3
17363,1
17364,5
17365,2
17366,2
17367,5
17368,3
17369,1
17370,3
17371,2
17372,3
17373,4
17374,4
17375,5
17376,2
17377,4
17378,5
17379,2
17380,1
17381,2
17382,3
17383,4
17384,3
17385,5
17386,3
17387,3
17388,3
17389,3
17390,2
17391,3
17392,1
17393,1
17394,5
17395,4
17396,2
17397,3
17398,5
17399,1
17400,2
17401,1
17402,2
17403,1
17404,1
17405,2
17406,1
17407,2
17408,2
17409,5
17410,3
17411,5
17412,3
17413,3
17414,2
17415,2
17416,3
17417,2
17418,5
17419,4
17420,2
17421,3
17422,2
17423,1
17424,1
17425,4
17426,1
17427,5
17428,5
17429,5
17430,5
17431,1
17432,3
17433,1
17434,4
17435,4
17436,1
17437,2
17438,2
17439,1
17440,4
17441,5
17442,1
17443,2
17444,2
17445,4
17446,3
17447,4
17448,2
17449,1
17450,5
17451,3
17452,3
17453,1
17454,5
17455,4
17456,4
17457,4
17458,5
17459,5
17460,1
17461,4
17462,1
17463,2
17464,3
17465,5
17466,5
17467,5
17468,5
17469,1
17470,3
17471,3
17472,3
17473,2
17474,1
17475,2
17476,5
17477,4
17478,5
17479,5
17480,1
17481,3
17482,4
17483,5
17484,2
17485,3
17486,4
17487,4
17488,5
17489,2
17490,4
17491,2
17492,5
17493,3
17494,3
17495,1
17496,3
17497,2
17498,1
17499,3
17500,4
17501,1
17502,3
17503,3
17504,3
17505,2
17506,1
17507,5
17508,1
17509,2
17510,1
17511,3
17512,5
17513,5
17514,1
17515,3
17516,3
17517,2
17518,5
17519,1
17520,3
17521,3
17522,5
17523,1
17524,3
17525,3
17526,4
17527,1
17528,4
17529,2
17530,2
17531,5
17532,2
17533,3
17534,1
17535,3
17536,4
17537,4
17538,5
17539,2
17540,3
17541,3
17542,5
17543,4
17544,3
17545,5
17546,1
17547,2
17548,3
17549,3
17550,4
17551,3
17552,5
17553,4
17554,3
17555,1
17556,4
17557,5
17558,1
17559,1
17560,5
17561,4
17562,2
17563,4
17564,5
17565,3
17566,1
17567,3
17568,5
17569,1
17570,2
17571,2
17572,4
17573,5
17574,1
17575,5
17576,4
17577,1
17578,4
17579,4
17580,4
17581,3
17582,5
17583,3
17584,3
17585,5
17586,4
17587,5
17588,1
17589,5
17590,3
17591,2
17592,4
17593,2
17594,3
17595,3
17596,3
17597,1
17598,5
17599,4
17600,1
17601,5
17602,5
17603,5
17604,4
17605,1
17606,5
17607,5
17608,5
17609,3
17610,5
17611,1
17612,3
17613,1
17614,1
17615,2
17616,4
17617,5
17618,1
17619,4
17620,4
17621,4
17622,2
17623,4
17624,5
17625,3
17626,4
17627,5
17628,5
17629,5
17630,5
17631,3
17632,2
17633,5
17634,2
17635,3
17636,2
17637,5
17638,5
17639,1
17640,1
17641,1
17642,1
17643,5
17644,5
17645,2
17646,3
17647,2
17648,5
17649,3
17650,1
17651,3
17652,1
17653,4
17654,4
17655,1
17656,3
17657,5
17658,1
17659,4
17660,5
17661,3
17662,1
17663,2
17664,3
17665,3
17666,1
17667,5
17668,3
17669,5
17670,2
17671,4
17672,4
17673,5
17674,5
17675,4
17676,5
17677,2
17678,4
17679,2
17680,1
17681,3
17682,5
17683,2
17684,5
17685,5
17686,2
17687,1
17688,2
17689,1
17690,1
17691,1
17692,3
17693,3
17694,3
17695,4
17696,4
17697,2
17698,5
17699,3
17700,3
17701,3
17702,1
17703,5
17704,4
17705,5
17706,5
17707,1
17708,2
17709,3
17710,5
17711,4
17712,4
17713,4
17714,4
17715,5
17716,2
17717,2
17718,3
17719,2
17720,4
17721,4
17722,1
17723,1
17724,3
17725,2
17726,3
17727,2
17728,2
17729,3
17730,2
17731,3
17732,5
17733,3
17734,2
17735,1
17736,1
17737,5
17738,2
17739,1
17740,1
17741,2
17742,5
17743,3
17744,2
17745,4
17746,3
17747,4
17748,1
17749,2
17750,2
17751,5
17752,2
17753,4
17754,4
17755,1
17756,5
17757,3
17758,3
17759,5
17760,1
17761,5
17762,2
17763,1
17764,1
17765,1
17766,2
17767,3
17768,1
17769,2
17770,1
17771,1
17772,2
17773,5
17774,4
17775,1
17776,5
17777,4
17778,2
17779,2
17780,3
17781,3
17782,3
17783,1
17784,2
17785,2
17786,1
17787,1
17788,2
17789,3
17790,2
17791,4
17792,2
17793,1
17794,4
17795,2
17796,5
17797,1
17798,2
17799,2
17800,5
17801,5
17802,4
17803,2
17804,1
17805,1
17806,2
17807,4
17808,4
17809,5
17810,1
17811,5
17812,2
17813,3
17814,5
17815,2
17816,4
17817,1
17818,3
17819,2
17820,1
17821,3
17822,5
17823,3
17824,2
17825,5
17826,5
17827,2
17828,5
17829,5
17830,2
17831,5
17832,2
17833,1
17834,4
17835,1
17836,4
17837,3
17838,3
17839,5
17840,3
17841,3
17842,4
17843,3
17844,3
17845,5
17846,3
17847,5
17848,2
17849,3
17850,4
17851,3
17852,5
17853,1
17854,3
17855,4
17856,5
17857,4
17858,4
17859,2
17860,1
17861,4
17862,5
17863,1
17864,3
17865,3
17866,1
17867,5
17868,1
17869,4
17870,5
17871,5
17872,3
17873,1
17874,1
17875,5
17876,4
17877,5
17878,5
17879,5
17880,1
17881,5
17882,1
17883,4
17884,4
17885,3
17886,2
17887,3
17888,1
17889,5
17890,1
17891,5
17892,2
17893,3
17894,2
17895,4
17896,4
17897,5
17898,3
17899,2
17900,2
17901,2
17902,2
17903,5
17904,4
17905,4
17906,3
17907,5
17908,5
17909,4
17910,3
17911,2
17912,3
17913,1
17914,1
17915,5
17916,3
17917,5
17918,2
17919,2
17920,2
17921,1
17922,4
17923,5
17924,3
17925,4
17926,3
17927,4
17928,1
17929,2
17930,4
17931,4
17932,2
17933,5
17934,2
17935,1
17936,3
17937,3
17938,3
17939,1
17940,1
17941,5
17942,5
17943,3
17944,2
17945,1
17946,1
17947,5
17948,5
17949,5
17950,3
17951,5
17952,3
17953,2
17954,2
17955,1
17956,4
17957,1
17958,3
17959,2
17960,2
17961,5
17962,4
17963,2
17964,5
17965,1
17966,2
17967,4
17968,1
17969,2
17970,5
17971,2
17972,5
17973,2
17974,3
17975,3
17976,4
17977,3
17978,4
17979,1
17980,4
17981,5
17982,3
17983,3
17984,3
17985,2
17986,2
17987,3
17988,2
17989,5
17990,2
17991,3
17992,4
17993,4
17994,5
17995,2
17996,1
17997,3
17998,5
17999,2
18000,3
18001,2
18002,1
18003,2
18004,5
18005,1
18006,4
18007,3
18008,4
18009,1
18010,5
18011,3
18012,3
18013,5
18014,5
18015,5
18016,5
18017,2
18018,5
18019,3
18020,4
18021,5
18022,1
18023,2
18024,2
18025,3
18026,4
18027,2
18028,5
18029,3
18030,4
18031,2
18032,4
18033,1
18034,5
18035,3
18036,5
18037,4
18038,1
18039,1
18040,5
18041,5
18042,4
18043,3
18044,4
18045,2
18046,3
18047,1
18048,1
18049,2
18050,5
18051,1
18052,4
18053,1
18054,5
18055,2
18056,2
18057,2
18058,1
18059,3
18060,4
18061,3
18062,3
18063,1
18064,3
18065,4
18066,2
18067,4
18068,3
18069,2
18070,1
18071,2
18072,1
18073,3
18074,4
18075,2
18076,1
18077,3
18078,3
18079,4
18080,5
18081,3
18082,2
18083,2
18084,2
18085,5
18086,4
18087,2
18088,5
18089,5
18090,1
18091,4
18092,4
18093,3
18094,1
18095,1
18096,4
18097,1
18098,3
18099,4
18100,3
18101,3
18102,3
18103,2
18104,2
18105,1
18106,5
18107,2
18108,5
18109,2
18110,3
18111,4
18112,3
18113,4
18114,2
18115,2
18116,3
18117,2
18118,3
18119,2
18120,2
18121,4
18122,2
18123,1
18124,1
18125,5
18126,1
18127,5
18128,2
18129,3
18130,5
18131,2
18132,4
18133,4
18134,4
18135,4
18136,3
18137,2
18138,4
18139,4
18140,1
18141,3
18142,1
18143,5
18144,3
18145,3
18146,4
18147,5
18148,5
18149,1
18150,3
18151,1
18152,1
18153,2
18154,4
18155,3
18156,5
18157,4
18158,1
18159,1
18160,4
18161,5
18162,5
18163,5
18164,3
18165,5
18166,4
18167,1
18168,4
18169,4
18170,5
18171,2
18172,2
18173,2
18174,4
18175,4
18176,5
18177,4
18178,5
18179,3
18180,1
18181,1
18182,4
18183,4
18184,3
18185,5
18186,4
18187,5
18188,4
18189,1
18190,1
18191,4
18192,3
18193,4
18194,5
18195,5
18196,5
18197,4
18198,1
18199,4
18200,1
18201,1
18202,3
18203,2
18204,4
18205,3
18206,1
18207,3
18208,3
18209,1
18210,3
18211,3
18212,4
18213,5
18214,1
18215,2
18216,1
18217,1
18218,2
18219,3
18220,3
18221,2
18222,2
18223,3
18224,5
18225,1
18226,5
18227,4
18228,1
18229,5
18230,2
18231,4
18232,2
18233,2
18234,1
18235,1
18236,3
18237,5
18238,2
18239,1
18240,2
18241,1
18242,5
18243,3
18244,5
18245,5
18246,2
18247,1
18248,1
18249,2
18250,3
18251,5
18252,3
18253,3
18254,2
18255,1
18256,1
18257,2
18258,5
18259,4
18260,1
18261,5
18262,2
18263,4
18264,3
18265,5
18266,3
18267,1
18268,3
18269,1
18270,4
18271,5
18272,2
18273,4
18274,3
18275,2
18276,2
18277,1
18278,4
18279,4
18280,3
18281,3
18282,4
18283,1
18284,1
18285,1
18286,3
18287,2
18288,2
18289,1
18290,5
18291,4
18292,1
18293,3
18294,5
18295,4
18296,1
18297,3
18298,2
18299,2
18300,1
18301,4
18302,5
18303,1
18304,4
18305,2
18306,3
18307,4
18308,1
18309,3
18310,1
18311,2
18312,1
18313,2
18314,4
18315,2
18316,4
18317,4
18318,3
18319,4
18320,4
18321,3
18322,4
18323,4
18324,2
18325,3
18326,4
18327,2
18328,2
18329,5
18330,4
18331,3
18332,4
18333,3
18334,3
18335,1
18336,3
18337,4
18338,4
18339,4
18340,3
18341,1
18342,5
18343,2
18344,4
18345,4
18346,3
18347,3
18348,4
18349,1
18350,4
18351,5
18352,4
18353,2
18354,1
18355,5
18356,3
18357,3
18358,2
18359,1
18360,1
18361,1
18362,3
18363,3
18364,1
18365,3
18366,5
18367,2
18368,3
18369,3
18370,2
18371,5
18372,1
18373,3
18374,5
18375,1
18376,2
18377,2
18378,3
18379,2
18380,5
18381,2
18382,1
18383,1
18384,3
18385,1
18386,4
18387,2
18388,3
18389,5
18390,4
18391,5
18392,2
18393,3
18394,2
18395,1
18396,3
18397,4
18398,4
18399,5
18400,2
18401,5
18402,2
18403,5
18404,2
18405,3
18406,4
18407,5
18408,3
18409,5
18410,1
18411,3
18412,3
18413,1
18414,1
18415,5
18416,1
18417,3
18418,5
18419,1
18420,2
18421,1
18422,5
18423,1
18424,2
18425,2
18426,3
18427,5
18428,5
18429,1
18430,4
18431,1
18432,3
18433,5
18434,3
18435,3
18436,4
18437,2
18438,4
18439,5
18440,4
18441,3
18442,5
18443,4
18444,4
18445,3
18446,2
18447,4
18448,5
18449,1
18450,2
18451,5
18452,2
18453,5
18454,4
18455,5
18456,3
18457,2
18458,4
18459,4
18460,2
18461,3
18462,2
18463,2
18464,5
18465,4
18466,2
18467,3
18468,2
18469,4
18470,5
18471,3
18472,3
18473,5
18474,4
18475,1
18476,1
18477,5
18478,3
18479,1
18480,1
18481,5
18482,4
18483,1
18484,5
18485,2
18486,1
18487,1
18488,2
18489,5
18490,4
18491,5
18492,4
18493,2
18494,5
18495,4
18496,5
18497,3
18498,3
18499,2
18500,5
18501,2
18502,1
18503,3
18504,4
18505,4
18506,2
18507,4
18508,1
18509,4
18510,3
18511,2
18512,2
18513,3
18514,2
18515,5
18516,4
18517,1
18518,2
18519,5
18520,2
18521,1
18522,2
18523,3
18524,2
18525,2
18526,3
18527,1
18528,2
18529,2
18530,2
18531,3
18532,1
18533,3
18534,2
18535,4
18536,5
18537,2
18538,2
18539,2
18540,2
18541,1
18542,5
18543,2
18544,5
18545,2
18546,2
18547,1
18548,4
18549,3
18550,1
18551,2
18552,4
18553,4
18554,3
18555,5
18556,2
18557,3
18558,4
18559,3
18560,4
18561,5
18562,1
18563,4
18564,2
18565,3
18566,4
18567,3
18568,2
18569,2
18570,1
18571,2
18572,4
18573,2
18574,4
18575,1
18576,2
18577,3
18578,2
18579,2
18580,4
18581,4
18582,5
18583,2
18584,2
18585,5
18586,2
18587,3
18588,4
18589,2
18590,2
18591,1
18592,3
18593,3
18594,2
18595,4
18596,2
18597,4
18598,4
18599,5
18600,4
18601,5
18602,5
18603,3
18604,1
18605,3
18606,1
18607,1
18608,4
18609,2
18610,4
18611,5
18612,5
18613,3
18614,5
18615,2
18616,1
18617,5
18618,2
18619,3
18620,2
18621,2
18622,2
18623,2
18624,5
18625,2
18626,5
18627,2
18628,4
18629,3
18630,5
18631,2
18632,4
18633,4
18634,1
18635,4
18636,4
18637,1
18638,5
18639,4
18640,2
18641,1
18642,2
18643,1
18644,5
18645,5
18646,5
18647,4
18648,2
18649,5
18650,4
18651,3
18652,1
18653,2
18654,1
18655,2
18656,1
18657,1
18658,4
18659,1
18660,2
18661,3
18662,2
18663,4
18664,1
18665,2
18666,5
18667,4
18668,3
18669,4
18670,2
18671,4
18672,4
18673,2
18674,4
18675,5
18676,5
18677,5
18678,5
18679,1
18680,1
18681,4
18682,5
18683,4
18684,3
18685,1
18686,3
18687,2
18688,1
18689,5
18690,3
18691,2
18692,4
18693,4
18694,3
18695,3
18696,4
18697,3
18698,3
18699,2
18700,1
18701,2
18702,5
18703,4
18704,5
18705,2
18706,3
18707,1
18708,1
18709,2
18710,4
18711,2
18712,3
18713,1
18714,1
18715,4
18716,2
18717,4
18718,4
18719,4
18720,1
18721,2
18722,2
18723,1
18724,5
18725,3
18726,3
18727,2
18728,5
18729,1
18730,3
18731,3
18732,1
18733,4
18734,4
18735,1
18736,4
18737,5
18738,1
18739,5
18740,1
18741,4
18742,2
18743,2
18744,1
18745,2
18746,1
18747,1
18748,4
18749,2
18750,1
18751,4
18752,4
18753,3
18754,4
18755,5
18756,2
18757,2
18758,4
18759,4
18760,2
18761,4
18762,5
18763,3
18764,4
18765,2
18766,5
18767,3
18768,5
18769,3
18770,3
18771,5
18772,4
18773,1
18774,4
18775,4
18776,2
18777,3
18778,2
18779,3
18780,5
18781,3
18782,1
18783,5
18784,4
18785,4
18786,2
18787,4
18788,3
18789,3
18790,4
18791,4
18792,5
18793,4
18794,1
18795,5
18796,5
18797,4
18798,2
18799,2
18800,4
18801,1
18802,4
18803,3
18804,1
18805,5
18806,3
18807,2
18808,2
18809,5
18810,4
18811,5
18812,1
18813,5
18814,1
18815,3
18816,5
18817,5
18818,1
18819,1
18820,1
18821,3
18822,2
18823,2
18824,1
18825,3
18826,3
18827,1
18828,5
18829,2
18830,2
18831,2
18832,5
18833,4
18834,1
18835,2
18836,4
18837,3
18838,1
18839,5
18840,5
18841,2
18842,1
18843,4
18844,5
18845,3
18846,4
18847,1
18848,3
18849,4
18850,4
18851,3
18852,3
18853,3
18854,4
18855,2
18856,4
18857,3
18858,4
18859,5
18860,2
18861,3
18862,4
18863,2
18864,1
18865,1
18866,1
18867,4
18868,2
18869,4
18870,4
18871,4
18872,5
18873,5
18874,2
18875,4
18876,2
18877,1
18878,4
18879,5
18880,2
18881,1
18882,3
18883,3
18884,3
18885,5
18886,5
18887,2
18888,4
18889,1
18890,4
18891,1
18892,3
18893,2
18894,1
18895,1
18896,3
18897,3
18898,5
18899,3
18900,5
18901,4
18902,5
18903,2
18904,3
18905,4
18906,2
18907,3
18908,5
18909,4
18910,2
18911,3
18912,1
18913,4
18914,1
18915,1
18916,2
18917,5
18918,2
18919,3
18920,4
18921,4
18922,3
18923,1
18924,4
18925,1
18926,3
18927,4
18928,5
18929,4
18930,3
18931,1
18932,3
18933,1
18934,4
18935,1
18936,5
18937,1
18938,5
18939,1
18940,2
18941,5
18942,1
18943,2
18944,2
18945,4
18946,4
18947,2
18948,1
18949,5
18950,2
18951,4
18952,4
18953,1
18954,3
18955,1
18956,1
18957,3
18958,4
18959,4
18960,5
18961,1
18962,4
18963,5
18964,2
18965,4
18966,1
18967,1
18968,2
18969,4
18970,1
18971,5
18972,4
18973,4
18974,3
18975,3
18976,4
18977,2
18978,5
18979,2
18980,5
18981,4
18982,5
18983,3
18984,2
18985,4
18986,2
18987,5
18988,3
18989,4
18990,3
18991,3
18992,2
18993,3
18994,5
18995,3
18996,2
18997,2
18998,1
18999,5
19000,1
19001,1
19002,1
19003,1
19004,2
19005,5
19006,5
19007,1
19008,1
19009,1
19010,2
19011,4
19012,4
19013,2
19014,2
19015,3
19016,2
19017,4
19018,2
19019,5
19020,1
19021,5
19022,3
19023,2
19024,2
19025,3
19026,4
19027,5
19028,1
19029,4
19030,5
19031,2
19032,4
19033,4
19034,3
19035,4
19036,2
19037,1
19038,4
19039,4
19040,1
19041,5
19042,3
19043,5
19044,5
19045,2
19046,5
19047,5
19048,5
19049,4
19050,4
19051,2
19052,1
19053,4
19054,4
19055,4
19056,4
19057,4
19058,5
19059,5
19060,2
19061,2
19062,1
19063,1
19064,1
19065,4
19066,5
19067,1
19068,5
19069,1
19070,5
19071,5
19072,5
19073,1
19074,5
19075,4
19076,3
19077,1
19078,4
19079,2
19080,3
19081,5
19082,2
19083,3
19084,4
19085,5
19086,3
19087,4
19088,3
19089,5
19090,5
19091,1
19092,4
19093,2
19094,4
19095,3
19096,4
19097,1
19098,5
19099,1
19100,5
19101,2
19102,3
19103,1
19104,3
19105,5
19106,3
19107,5
19108,3
19109,3
19110,1
19111,5
19112,3
19113,4
19114,1
19115,4
19116,5
19117,1
19118,3
19119,3
19120,1
19121,5
19122,1
19123,4
19124,1
19125,1
19126,1
19127,1
19128,1
19129,1
19130,5
19131,5
19132,1
19133,4
19134,4
19135,4
19136,1
19137,2
19138,2
19139,2
19140,4
19141,2
19142,2
19143,4
19144,1
19145,4
19146,4
19147,3
19148,2
19149,4
19150,2
19151,1
19152,3
19153,4
19154,5
19155,1
19156,2
19157,3
19158,1
19159,5
19160,2
19161,2
19162,3
19163,5
19164,2
19165,1
19166,2
19167,1
19168,1
19169,4
19170,1
19171,2
19172,4
19173,1
19174,2
19175,5
19176,4
19177,4
19178,4
19179,2
19180,3
19181,1
19182,5
19183,5
19184,4
19185,5
19186,5
19187,2
19188,5
19189,5
19190,1
19191,1
19192,3
19193,5
19194,4
19195,5
19196,4
19197,5
19198,3
19199,3
19200,4
19201,5
19202,4
19203,4
19204,3
19205,1
19206,3
19207,4
19208,3
19209,5
19210,2
19211,5
19212,5
19213,5
19214,2
19215,3
19216,2
19217,2
19218,3
19219,4
19220,3
19221,4
19222,3
19223,1
19224,2
19225,5
19226,3
19227,3
19228,2
19229,4
19230,2
19231,1
19232,2
19233,2
19234,2
19235,4
19236,3
19237,2
19238,2
19239,2
19240,2
19241,2
19242,2
19243,4
19244,5
19245,3
19246,5
19247,5
19248,1
19249,3
19250,2
19251,2
19252,2
19253,2
19254,2
19255,5
19256,5
19257,3
19258,5
19259,5
19260,3
19261,2
19262,3
19263,3
19264,3
19265,3
19266,4
19267,4
19268,4
19269,3
19270,1
19271,3
19272,1
19273,4
19274,2
19275,2
19276,2
19277,4
19278,4
19279,5
19280,1
19281,4
19282,4
19283,4
19284,4
19285,4
19286,1
19287,1
19288,4
19289,1
19290,4
19291,3
19292,2
19293,2
19294,5
19295,3
19296,1
19297,1
19298,3
19299,1
19300,5
19301,4
19302,3
19303,1
19304,4
19305,3
19306,1
19307,2
19308,5
19309,2
19310,5
19311,5
19312,1
19313,1
19314,2
19315,5
19316,2
19317,4
19318,5
19319,2
19320,2
19321,2
19322,1
19323,2
19324,2
19325,3
19326,3
19327,2
19328,2
19329,2
19330,2
19331,3
19332,4
19333,1
19334,4
19335,5
19336,2
19337,5
19338,5
19339,4
19340,3
19341,5
19342,4
19343,2
19344,4
19345,4
19346,1
19347,3
19348,4
19349,1
19350,5
19351,4
19352,3
19353,5
19354,1
19355,2
19356,4
19357,5
19358,2
19359,2
19360,5
19361,5
19362,3
19363,3
19364,4
19365,1
19366,5
19367,4
19368,5
19369,2
19370,4
19371,3
19372,1
19373,5
19374,5
19375,4
19376,1
19377,3
19378,4
19379,5
19380,5
19381,1
19382,3
19383,4
19384,2
19385,1
19386,1
19387,4
19388,3
19389,4
19390,3
19391,2
19392,1
19393,2
19394,2
19395,1
19396,3
19397,2
19398,5
19399,1
19400,4
19401,2
19402,3
19403,2
19404,1
19405,5
19406,1
19407,4
19408,5
19409,5
19410,2
19411,2
19412,1
19413,4
19414,1
19415,4
19416,4
19417,1
19418,3
19419,3
19420,4
19421,5
19422,4
19423,1
19424,3
19425,3
19426,5
19427,3
19428,1
19429,4
19430,2
19431,4
19432,2
19433,4
19434,3
19435,2
19436,4
19437,1
19438,4
19439,4
19440,3
19441,1
19442,2
19443,1
19444,4
19445,5
19446,4
19447,3
19448,3
19449,3
19450,1
19451,3
19452,3
19453,2
19454,5
19455,1
19456,1
19457,5
19458,2
19459,5
19460,2
19461,4
19462,5
19463,4
19464,1
19465,2
19466,5
19467,5
19468,3
19469,5
19470,5
19471,3
19472,3
19473,4
19474,2
19475,5
19476,1
19477,4
19478,4
19479,4
19480,3
19481,5
19482,5
19483,2
19484,4
19485,3
19486,2
19487,2
19488,5
19489,3
19490,4
19491,3
19492,3
19493,1
19494,3
19495,1
19496,1
19497,5
19498,2
19499,1
19500,1
19501,3
19502,3
19503,1
19504,4
19505,3
19506,5
19507,3
19508,1
19509,3
19510,5
19511,4
19512,4
19513,5
19514,1
19515,5
19516,4
19517,3
19518,5
19519,4
19520,5
19521,2
19522,2
19523,5
19524,1
19525,5
19526,5
19527,2
19528,5
19529,2
19530,1
19531,5
19532,5
19533,3
19534,1
19535,1
19536,2
19537,5
19538,1
19539,2
19540,2
19541,3
19542,1
19543,4
19544,1
19545,3
19546,4
19547,2
19548,3
19549,1
19550,3
19551,5
19552,4
19553,5
19554,4
19555,2
19556,1
19557,2
19558,5
19559,2
19560,5
19561,1
19562,3
19563,5
19564,2
19565,1
19566,2
19567,2
19568,5
19569,1
19570,2
19571,4
19572,2
19573,1
19574,2
19575,4
19576,1
19577,5
19578,4
19579,3
19580,5
19581,5
19582,2
19583,2
19584,2
19585,4
19586,5
19587,2
19588,4
19589,2
19590,5
19591,2
19592,2
19593,2
19594,5
19595,3
19596,2
19597,4
19598,5
19599,5
19600,4
19601,5
19602,4
19603,3
19604,2
19605,3
19606,4
19607,1
19608,4
19609,1
19610,5
19611,2
19612,5
19613,4
19614,1
19615,1
19616,5
19617,2
19618,4
19619,2
19620,2
19621,4
19622,3
19623,2
19624,5
19625,5
19626,5
19627,5
19628,2
19629,2
19630,1
19631,3
19632,3
19633,5
19634,2
19635,5
19636,1
19637,5
19638,5
19639,1
19640,3
19641,4
19642,1
19643,1
19644,5
19645,1
19646,2
19647,2
19648,4
19649,4
19650,4
19651,2
19652,2
19653,4
19654,5
19655,3
19656,1
19657,3
19658,5
19659,1
19660,4
19661,4
19662,5
19663,3
19664,5
19665,5
19666,1
19667,3
19668,3
19669,5
19670,3
19671,3
19672,4
19673,2
19674,4
19675,4
19676,2
19677,2
19678,3
19679,5
19680,1
19681,1
19682,3
19683,4
19684,3
19685,5
19686,2
19687,4
19688,2
19689,2
19690,2
19691,5
19692,2
19693,5
19694,1
19695,3
19696,2
19697,5
19698,5
19699,3
19700,1
19701,2
19702,1
19703,5
19704,1
19705,1
19706,4
19707,5
19708,2
19709,1
19710,2
19711,5
19712,5
19713,5
19714,5
19715,5
19716,4
19717,4
19718,2
19719,1
19720,5
19721,1
19722,2
19723,4
19724,5
19725,5
19726,2
19727,3
19728,4
19729,2
19730,1
19731,2
19732,1
19733,2
19734,4
19735,3
19736,2
19737,5
19738,2
19739,4
19740,1
19741,1
19742,4
19743,1
19744,2
19745,3
19746,5
19747,1
19748,1
19749,4
19750,4
19751,4
19752,4
19753,3
19754,3
19755,4
19756,3
19757,4
19758,4
19759,4
19760,3
19761,4
19762,5
19763,3
19764,2
19765,5
19766,3
19767,2
19768,2
19769,2
19770,2
19771,1
19772,1
19773,5
19774,2
19775,2
19776,2
19777,1
19778,1
19779,2
19780,5
19781,1
19782,3
19783,5
19784,2
19785,1
19786,3
19787,5
19788,2
19789,2
19790,4
19791,4
19792,2
19793,3
19794,2
19795,5
19796,4
19797,1
19798,2
19799,5
19800,3
19801,4
19802,1
19803,1
19804,5
19805,4
19806,1
19807,3
19808,4
19809,2
19810,3
19811,3
19812,2
19813,1
19814,3
19815,2
19816,5
19817,4
19818,4
19819,1
19820,3
19821,3
19822,3
19823,1
19824,3
19825,3
19826,5
19827,4
19828,1
19829,2
19830,5
19831,5
19832,1
19833,3
19834,4
19835,4
19836,1
19837,4
19838,3
19839,4
19840,4
19841,2
19842,1
19843,1
19844,4
19845,3
19846,5
19847,5
19848,1
19849,5
19850,2
19851,5
19852,5
19853,5
19854,3
19855,2
19856,5
19857,2
19858,3
19859,4
19860,3
19861,4
19862,4
19863,5
19864,3
19865,3
19866,2
19867,2
19868,3
19869,2
19870,2
19871,5
19872,3
19873,5
19874,2
19875,1
19876,2
19877,1
19878,2
19879,4
19880,4
19881,5
19882,5
19883,3
19884,5
19885,3
19886,2
19887,5
19888,5
19889,3
19890,4
19891,3
19892,3
19893,5
19894,1
19895,3
19896,1
19897,2
19898,5
19899,1
19900,5
19901,3
19902,3
19903,5
19904,4
19905,2
19906,5
19907,5
19908,1
19909,5
19910,2
19911,4
19912,5
19913,5
19914,3
19915,4
19916,5
19917,3
19918,4
19919,5
19920,1
19921,1
19922,5
19923,3
19924,5
19925,1
19926,4
19927,1
19928,5
19929,3
19930,2
19931,4
19932,1
19933,4
19934,4
19935,2
19936,2
19937,2
19938,2
19939,2
19940,5
19941,5
19942,5
19943,5
19944,4
19945,1
19946,2
19947,1
19948,5
19949,3
19950,2
19951,2
19952,4
19953,1
19954,2
19955,5
19956,1
19957,4
19958,1
19959,4
19960,3
19961,4
19962,1
19963,2
19964,3
19965,2
19966,4
19967,5
19968,5
19969,1
19970,3
19971,3
19972,1
19973,4
19974,3
19975,4
19976,1
19977,2
19978,1
19979,2
19980,3
19981,4
19982,1
19983,1
19984,4
19985,5
19986,1
19987,5
19988,2
19989,5
19990,1
19991,2
19992,5
19993,2
19994,5
19995,4
19996,5
19997,3
19998,1
19999,5
20000,3
20001,5
20002,2
20003,2
20004,1
20005,1
20006,4
20007,4
20008,3
20009,1
20010,4
20011,2
20012,5
20013,1
20014,5
20015,1
20016,1
20017,5
20018,3
20019,3
20020,5
20021,2
20022,2
20023,4
20024,4
20025,4
20026,3
20027,5
20028,3
20029,4
20030,3
20031,2
20032,3
20033,5
20034,3
20035,2
20036,1
20037,3
20038,5
20039,5
20040,4
20041,2
20042,2
20043,3
20044,2
20045,4
20046,2
20047,5
20048,1
20049,1
20050,3
20051,4
20052,4
20053,5
20054,1
20055,5
20056,5
20057,2
20058,5
20059,2
20060,5
20061,5
20062,2
20063,1
20064,1
20065,2
20066,5
20067,3
20068,1
20069,4
20070,4
20071,2
20072,4
20073,5
20074,3
20075,5
20076,5
20077,2
20078,1
20079,1
20080,2
20081,2
20082,3
20083,1
20084,3
20085,4
20086,3
20087,4
20088,2
20089,2
20090,4
20091,3
20092,2
20093,1
20094,4
20095,3
20096,4
20097,2
20098,3
20099,3
20100,4
20101,4
20102,2
20103,2
20104,4
20105,3
20106,3
20107,4
20108,2
20109,3
20110,2
20111,1
20112,2
20113,2
20114,3
20115,4
20116,2
20117,1
20118,3
20119,1
20120,2
20121,2
20122,5
20123,2
20124,4
20125,1
20126,1
20127,4
20128,5
20129,4
20130,2
20131,1
20132,1
20133,1
20134,5
20135,5
20136,3
20137,5
20138,2
20139,4
20140,3
20141,5
20142,1
20143,1
20144,5
20145,3
20146,1
20147,3
20148,5
20149,1
20150,5
20151,3
20152,5
20153,1
20154,2
20155,5
20156,3
20157,2
20158,2
20159,2
20160,1
20161,2
20162,4
20163,1
20164,3
20165,3
20166,3
20167,5
20168,4
20169,1
20170,3
20171,2
20172,4
20173,5
20174,3
20175,2
20176,4
20177,4
20178,1
20179,3
20180,2
20181,3
20182,2
20183,1
20184,4
20185,4
20186,4
20187,3
20188,1
20189,2
20190,1
20191,5
20192,3
20193,1
20194,1
20195,5
20196,2
20197,3
20198,1
20199,3
20200,1
20201,2
20202,4
20203,2
20204,2
20205,3
20206,3
20207,2
20208,4
20209,5
20210,5
20211,2
20212,5
20213,2
20214,4
20215,1
20216,5
20217,5
20218,2
20219,4
20220,5
20221,5
20222,4
20223,5
20224,5
20225,4
20226,5
20227,5
20228,2
20229,2
20230,3
20231,3
20232,2
20233,4
20234,3
20235,1
20236,3
20237,1
20238,3
20239,2
20240,3
20241,1
20242,3
20243,4
20244,1
20245,3
20246,2
20247,5
20248,4
20249,2
20250,4
20251,3
20252,1
20253,4
20254,3
20255,4
20256,2
20257,5
20258,1
20259,2
20260,1
20261,4
20262,5
20263,2
20264,2
20265,5
20266,5
20267,4
20268,3
20269,3
20270,4
20271,4
20272,5
20273,5
20274,2
20275,1
20276,2
20277,5
20278,2
20279,4
20280,4
20281,2
20282,5
20283,4
20284,3
20285,1
20286,2
20287,3
20288,1
20289,4
20290,5
20291,2
20292,5
20293,5
20294,5
20295,4
20296,4
20297,1
20298,1
20299,3
20300,4
20301,2
20302,2
20303,5
20304,2
20305,5
20306,2
20307,5
20308,5
20309,1
20310,4
20311,3
20312,3
20313,3
20314,2
20315,3
20316,3
20317,3
20318,5
20319,3
20320,5
20321,1
20322,5
20323,1
20324,2
20325,2
20326,1
20327,3
20328,4
20329,1
20330,4
20331,3
20332,4
20333,5
20334,4
20335,5
20336,2
20337,5
20338,2
20339,3
20340,1
20341,4
20342,4
20343,5
20344,5
20345,3
20346,3
20347,4
20348,5
20349,5
20350,5
20351,4
20352,4
20353,5
20354,4
20355,5
20356,2
20357,3
20358,1
20359,5
20360,3
20361,4
20362,1
20363,1
20364,1
20365,5
20366,3
20367,4
20368,2
20369,3
20370,5
20371,2
20372,3
20373,2
20374,5
20375,3
20376,4
20377,4
20378,3
20379,2
20380,4
20381,1
20382,1
20383,3
20384,2
20385,4
20386,4
20387,4
20388,1
20389,1
20390,2
20391,1
20392,2
20393,3
20394,1
20395,5
20396,2
20397,3
20398,5
20399,1
20400,1
20401,1
20402,5
20403,4
20404,4
20405,5
20406,5
20407,4
20408,3
20409,5
20410,4
20411,3
20412,4
20413,1
20414,3
20415,3
20416,4
20417,3
20418,1
20419,1
20420,3
20421,5
20422,3
20423,2
20424,4
20425,5
20426,4
20427,5
20428,3
20429,4
20430,5
20431,1
20432,3
20433,3
20434,4
20435,4
20436,5
20437,4
20438,2
20439,4
20440,2
20441,2
20442,2
20443,3
20444,4
20445,3
20446,1
20447,4
20448,2
20449,3
20450,1
20451,1
20452,3
20453,1
20454,1
20455,1
20456,2
20457,2
20458,3
20459,4
20460,3
20461,1
20462,2
20463,3
20464,2
20465,3
20466,1
20467,1
20468,5
20469,3
20470,3
20471,1
20472,2
20473,2
20474,4
20475,3
20476,4
20477,4
20478,1
20479,5
20480,1
20481,5
20482,1
20483,2
20484,4
20485,4
20486,3
20487,1
20488,2
20489,5
20490,3
20491,2
20492,5
20493,5
20494,3
20495,4
20496,4
20497,4
20498,1
20499,4
20500,2
20501,5
20502,4
20503,2
20504,2
20505,2
20506,2
20507,2
20508,2
20509,3
20510,1
20511,3
20512,3
20513,1
20514,4
20515,4
20516,4
20517,3
20518,2
20519,2
20520,3
20521,1
20522,2
20523,3
20524,2
20525,5
20526,1
20527,4
20528,2
20529,1
20530,1
20531,5
20532,2
20533,2
20534,1
20535,3
20536,2
20537,5
20538,2
20539,2
20540,4
20541,5
20542,3
20543,2
20544,1
20545,5
20546,5
20547,3
20548,1
20549,4
20550,1
20551,5
20552,3
20553,3
20554,4
20555,2
20556,2
20557,3
20558,4
20559,1
20560,5
20561,3
20562,5
20563,1
20564,4
20565,1
20566,2
20567,1
20568,2
20569,4
20570,5
20571,2
20572,2
20573,4
20574,1
20575,4
20576,4
20577,3
20578,2
20579,3
20580,2
20581,1
20582,2
20583,5
20584,5
20585,4
20586,2
20587,1
20588,2
20589,3
20590,2
20591,1
20592,4
20593,5
20594,4
20595,1
20596,3
20597,1
20598,1
20599,2
20600,3
20601,4
20602,4
20603,2
20604,3
20605,4
20606,4
20607,1
20608,5
20609,3
20610,4
20611,4
20612,2
20613,5
20614,4
20615,5
20616,5
20617,5
20618,5
20619,2
20620,2
20621,1
20622,3
20623,2
20624,4
20625,1
20626,5
20627,3
20628,5
20629,2
20630,5
20631,2
20632,3
20633,5
20634,5
20635,3
20636,4
20637,1
20638,4
20639,3
20640,2
20641,2
20642,3
20643,4
20644,2
20645,2
20646,3
20647,2
20648,3
20649,4
20650,4
20651,4
20652,4
20653,2
20654,1
20655,3
20656,3
20657,2
20658,1
20659,5
20660,4
20661,3
20662,1
20663,2
20664,1
20665,2
20666,5
20667,2
20668,3
20669,4
20670,1
20671,3
20672,3
20673,2
20674,1
20675,3
20676,1
20677,5
20678,3
20679,2
20680,2
20681,5
20682,3
20683,4
20684,3
20685,5
20686,4
20687,5
20688,1
20689,2
20690,3
20691,4
20692,5
20693,5
20694,2
20695,4
20696,4
20697,5
20698,1
20699,5
20700,4
20701,5
20702,2
20703,3
20704,1
20705,2
20706,2
20707,1
20708,4
20709,2
20710,4
20711,4
20712,3
20713,4
20714,3
20715,4
20716,2
20717,2
20718,3
20719,4
20720,5
20721,2
20722,5
20723,3
20724,5
20725,3
20726,5
20727,3
20728,5
20729,5
20730,3
20731,2
20732,3
20733,1
20734,5
20735,5
20736,2
20737,4
20738,3
20739,2
20740,2
20741,1
20742,5
20743,5
20744,5
20745,4
20746,2
20747,3
20748,1
20749,4
20750,2
20751,2
20752,3
20753,2
20754,3
20755,2
20756,4
20757,4
20758,1
20759,2
20760,5
20761,2
20762,4
20763,2
20764,4
20765,2
20766,2
20767,1
20768,1
20769,1
20770,3
20771,1
20772,4
20773,1
20774,5
20775,3
20776,5
20777,3
20778,4
20779,5
20780,3
20781,4
20782,2
20783,3
20784,2
20785,1
20786,4
20787,5
20788,3
20789,5
20790,3
20791,2
20792,3
20793,4
20794,2
20795,3
20796,3
20797,4
20798,2
20799,1
20800,2
20801,5
20802,5
20803,4
20804,4
20805,4
20806,1
20807,1
20808,1
20809,1
20810,4
20811,1
20812,1
20813,3
20814,1
20815,4
20816,1
20817,5
20818,1
20819,1
20820,4
20821,5
20822,1
20823,4
20824,1
20825,1
20826,2
20827,3
20828,5
20829,2
20830,1
20831,1
20832,4
20833,3
20834,3
20835,1
20836,1
20837,2
20838,5
20839,3
20840,2
20841,4
20842,1
20843,5
20844,5
20845,5
20846,4
20847,5
20848,3
20849,4
20850,2
20851,5
20852,3
20853,5
20854,5
20855,3
20856,3
20857,5
20858,3
20859,2
20860,1
20861,4
20862,1
20863,5
20864,1
20865,2
20866,2
20867,2
20868,2
20869,5
20870,1
20871,5
20872,5
20873,4
20874,5
20875,4
20876,5
20877,3
20878,2
20879,5
20880,5
20881,5
20882,4
20883,3
20884,5
20885,2
20886,2
20887,5
20888,5
20889,2
20890,3
20891,2
20892,1
20893,3
20894,5
20895,3
20896,4
20897,3
20898,3
20899,2
20900,3
20901,2
20902,4
20903,3
20904,3
20905,5
20906,4
20907,4
20908,2
20909,4
20910,4
20911,3
20912,2
20913,3
20914,1
20915,3
20916,1
20917,3
20918,4
20919,2
20920,4
20921,2
20922,2
20923,4
20924,4
20925,3
20926,4
20927,2
20928,5
20929,2
20930,1
20931,5
20932,2
20933,5
20934,3
20935,4
20936,1
20937,1
20938,5
20939,1
20940,4
20941,5
20942,1
20943,3
20944,5
20945,5
20946,1
20947,5
20948,1
20949,4
20950,5
20951,2
20952,3
20953,1
20954,5
20955,4
20956,4
20957,5
20958,5
20959,2
20960,3
20961,1
20962,1
20963,1
20964,5
20965,4
20966,2
20967,3
20968,5
20969,4
20970,2
20971,1
20972,5
20973,2
20974,4
20975,3
20976,5
20977,3
20978,5
20979,4
20980,5
20981,2
20982,5
20983,5
20984,5
20985,4
20986,1
20987,3
20988,1
20989,1
20990,5
20991,5
20992,1
20993,1
20994,5
20995,2
20996,4
20997,5
20998,3
20999,4
21000,1
21001,3
21002,3
21003,1
21004,2
21005,5
21006,3
21007,5
21008,2
21009,2
21010,3
21011,1
21012,5
21013,4
21014,4
21015,5
21016,2
21017,4
21018,2
21019,3
21020,4
21021,5
21022,5
21023,5
21024,5
21025,1
21026,5
21027,5
21028,1
21029,1
21030,2
21031,3
21032,1
21033,4
21034,5
21035,1
21036,3
21037,1
21038,1
21039,4
21040,3
21041,4
21042,2
21043,3
21044,1
21045,2
21046,2
21047,3
21048,4
21049,2
21050,1
21051,5
21052,3
21053,3
21054,5
21055,3
21056,3
21057,5
21058,4
21059,4
21060,1
21061,5
21062,3
21063,1
21064,5
21065,4
21066,4
21067,1
21068,3
21069,1
21070,3
21071,3
21072,2
21073,5
21074,3
21075,1
21076,4
21077,4
21078,2
21079,3
21080,5
21081,2
21082,2
21083,3
21084,5
21085,2
21086,4
21087,5
21088,4
21089,4
21090,1
21091,4
21092,4
21093,4
21094,1
21095,2
21096,1
21097,5
21098,2
21099,3
21100,5
21101,2
21102,5
21103,5
21104,2
21105,3
21106,5
21107,3
21108,1
21109,5
21110,1
21111,3
21112,1
21113,4
21114,3
21115,5
21116,3
21117,2
21118,1
21119,3
21120,4
21121,2
21122,5
21123,4
21124,5
21125,3
21126,4
21127,2
21128,3
21129,3
21130,1
21131,5
21132,5
21133,5
21134,2
21135,2
21136,4
21137,2
21138,2
21139,1
21140,5
21141,1
21142,4
21143,5
21144,3
21145,1
21146,3
21147,3
21148,2
21149,1
21150,3
21151,1
21152,2
21153,4
21154,3
21155,3
21156,1
21157,2
21158,5
21159,2
21160,4
21161,5
21162,1
21163,4
21164,1
21165,2
21166,4
21167,5
21168,3
21169,5
21170,1
21171,4
21172,2
21173,4
21174,4
21175,3
21176,3
21177,4
21178,3
21179,4
21180,2
21181,3
21182,2
21183,3
21184,1
21185,1
21186,3
21187,4
21188,5
21189,4
21190,4
21191,3
21192,1
21193,2
21194,2
21195,3
21196,2
21197,1
21198,5
21199,2
21200,5
21201,1
21202,4
21203,1
21204,3
21205,5
21206,5
21207,1
21208,5
21209,4
21210,5
21211,2
21212,4
21213,4
21214,5
21215,2
21216,1
21217,4
21218,4
21219,3
21220,4
21221,1
21222,3
21223,5
21224,1
21225,5
21226,2
21227,1
21228,3
21229,3
21230,2
21231,5
21232,2
21233,2
21234,3
21235,4
21236,2
21237,2
21238,1
21239,1
21240,4
21241,3
21242,1
21243,2
21244,4
21245,4
21246,1
21247,5
21248,2
21249,2
21250,4
21251,1
21252,1
21253,3
21254,2
21255,2
21256,4
21257,4
21258,4
21259,2
21260,1
21261,1
21262,2
21263,3
21264,3
21265,3
21266,3
21267,1
21268,4
21269,4
21270,4
21271,1
21272,2
21273,1
21274,2
21275,2
21276,5
21277,1
21278,3
21279,1
21280,2
21281,3
21282,4
21283,1
21284,3
21285,5
21286,5
21287,3
21288,3
21289,2
21290,4
21291,2
21292,4
21293,4
21294,2
21295,4
21296,2
21297,3
21298,2
21299,4
21300,5
21301,2
21302,5
21303,2
21304,1
21305,2
21306,3
21307,2
21308,4
21309,2
21310,3
21311,3
21312,1
21313,5
21314,1
21315,1
21316,1
21317,1
21318,5
21319,5
21320,2
21321,3
21322,2
21323,3
21324,2
21325,1
21326,4
21327,2
21328,3
21329,2
21330,4
21331,2
21332,3
21333,5
21334,4
21335,4
21336,5
21337,3
21338,4
21339,4
21340,1
21341,4
21342,3
21343,5
21344,3
21345,1
21346,3
21347,2
21348,4
21349,3
21350,4
21351,3
21352,2
21353,1
21354,5
21355,5
21356,1
21357,1
21358,5
21359,4
21360,1
21361,3
21362,1
21363,3
21364,3
21365,1
21366,3
21367,2
21368,1
21369,5
21370,5
21371,3
21372,1
21373,5
21374,1
21375,2
21376,1
21377,5
21378,5
21379,3
21380,3
21381,2
21382,1
21383,3
21384,3
21385,1
21386,5
21387,3
21388,4
21389,2
21390,2
21391,2
21392,5
21393,3
21394,5
21395,3
21396,1
21397,5
21398,1
21399,2
21400,4
21401,3
21402,4
21403,3
21404,3
21405,4
21406,4
21407,1
21408,3
21409,2
21410,2
21411,5
21412,5
21413,1
21414,3
21415,3
21416,2
21417,5
21418,2
21419,2
21420,2
21421,3
21422,1
21423,3
21424,4
21425,4
21426,5
21427,4
21428,5
21429,3
21430,1
21431,5
21432,2
21433,5
21434,5
21435,2
21436,3
21437,3
21438,3
21439,3
21440,5
21441,5
21442,1
21443,2
21444,1
21445,5
21446,3
21447,1
21448,3
21449,5
21450,2
21451,3
21452,4
21453,5
21454,3
21455,4
21456,4
21457,3
21458,3
21459,3
21460,1
21461,3
21462,2
21463,5
21464,1
21465,1
21466,1
21467,2
21468,3
21469,2
21470,4
21471,4
21472,5
21473,5
21474,5
21475,2
21476,1
21477,1
21478,5
21479,5
21480,5
21481,2
21482,3
21483,5
21484,1
21485,2
21486,4
21487,3
21488,5
21489,3
21490,3
21491,5
21492,3
21493,5
21494,2
21495,1
21496,2
21497,3
21498,2
21499,3
21500,5
21501,5
21502,5
21503,3
21504,5
21505,4
21506,5
21507,3
21508,4
21509,4
21510,1
21511,4
21512,1
21513,3
21514,4
21515,5
21516,3
21517,4
21518,3
21519,4
21520,3
21521,1
21522,1
21523,1
21524,3
21525,3
21526,4
21527,1
21528,3
21529,5
21530,2
21531,2
21532,1
21533,2
21534,4
21535,4
21536,1
21537,5
21538,2
21539,1
21540,4
21541,5
21542,4
21543,1
21544,3
21545,3
21546,1
21547,2
21548,3
21549,4
21550,5
21551,4
21552,4
21553,4
21554,2
21555,3
21556,2
21557,1
21558,3
21559,5
21560,5
21561,3
21562,1
21563,4
21564,3
21565,2
21566,4
21567,4
21568,5
21569,4
21570,4
21571,5
21572,2
21573,3
21574,3
21575,4
21576,1
21577,5
21578,4
21579,2
21580,3
21581,2
21582,5
21583,1
21584,4
21585,4
21586,3
21587,1
21588,3
21589,3
21590,2
21591,2
21592,3
21593,2
21594,1
21595,4
21596,1
21597,2
21598,5
21599,2
21600,2
21601,2
21602,3
21603,5
21604,1
21605,5
21606,4
21607,5
21608,2
21609,4
21610,2
21611,5
21612,2
21613,3
21614,1
21615,5
21616,4
21617,2
21618,2
21619,1
21620,1
21621,2
21622,4
21623,4
21624,2
21625,5
21626,1
21627,2
21628,3
21629,4
21630,2
21631,4
21632,4
21633,3
21634,1
21635,5
21636,1
21637,5
21638,1
21639,5
21640,1
21641,5
21642,1
21643,4
21644,5
21645,1
21646,2
21647,2
21648,4
21649,4
21650,2
21651,2
21652,5
21653,2
21654,5
21655,2
21656,3
21657,1
21658,4
21659,1
21660,4
21661,2
21662,3
21663,2
21664,3
21665,3
21666,3
21667,5
21668,1
21669,3
21670,5
21671,5
21672,1
21673,4
21674,2
21675,4
21676,1
21677,2
21678,1
21679,5
21680,1
21681,1
21682,5
21683,4
21684,2
21685,4
21686,3
21687,4
21688,1
21689,5
21690,2
21691,2
21692,4
21693,4
21694,3
21695,1
21696,1
21697,4
21698,5
21699,4
21700,4
21701,5
21702,4
21703,2
21704,1
21705,2
21706,1
21707,5
21708,4
21709,1
21710,1
21711,5
21712,1
21713,1
21714,2
21715,3
21716,1
21717,3
21718,3
21719,4
21720,1
21721,5
21722,1
21723,2
21724,1
21725,3
21726,2
21727,5
21728,4
21729,3
21730,1
21731,2
21732,2
21733,2
21734,1
21735,5
21736,1
21737,2
21738,3
21739,4
21740,5
21741,3
21742,1
21743,5
21744,3
21745,5
21746,5
21747,3
21748,2
21749,4
21750,4
21751,2
21752,3
21753,5
21754,1
21755,4
21756,5
21757,3
21758,3
21759,3
21760,5
21761,5
21762,1
21763,5
21764,3
21765,3
21766,4
21767,2
21768,4
21769,4
21770,1
21771,4
21772,3
21773,2
21774,1
21775,4
21776,1
21777,1
21778,4
21779,2
21780,4
21781,4
21782,2
21783,3
21784,3
21785,1
21786,2
21787,1
21788,2
21789,3
21790,5
21791,2
21792,2
21793,2
21794,2
21795,2
21796,5
21797,5
21798,2
21799,1
21800,2
21801,2
21802,1
21803,3
21804,1
21805,2
21806,4
21807,2
21808,1
21809,2
21810,3
21811,1
21812,5
21813,1
21814,2
21815,2
21816,5
21817,3
21818,3
21819,4
21820,3
21821,3
21822,1
21823,2
21824,2
21825,2
21826,2
21827,3
21828,4
21829,5
21830,3
21831,3
21832,3
21833,5
21834,5
21835,5
21836,1
21837,2
21838,5
21839,2
21840,2
21841,2
21842,2
21843,3
21844,2
21845,2
21846,5
21847,4
21848,1
21849,2
21850,5
21851,3
21852,5
21853,1
21854,2
21855,1
21856,1
21857,2
21858,3
21859,5
21860,4
21861,4
21862,5
21863,3
21864,5
21865,5
21866,2
21867,5
21868,4
21869,1
21870,2
21871,1
21872,1
21873,3
21874,2
21875,4
21876,2
21877,4
21878,2
21879,4
21880,4
21881,4
21882,5
21883,4
21884,3
21885,3
21886,2
21887,2
21888,3
21889,2
21890,2
21891,3
21892,1
21893,3
21894,4
21895,3
21896,4
21897,5
21898,4
21899,4
21900,1
21901,1
21902,5
21903,4
21904,4
21905,4
21906,2
21907,2
21908,1
21909,2
21910,2
21911,5
21912,1
21913,1
21914,2
21915,3
21916,5
21917,2
21918,1
21919,4
21920,3
21921,5
21922,5
21923,1
21924,3
21925,5
21926,3
21927,3
21928,2
21929,4
21930,1
21931,4
21932,1
21933,4
21934,1
21935,1
21936,5
21937,4
21938,2
21939,4
21940,4
21941,2
21942,1
21943,3
21944,5
21945,2
21946,5
21947,1
21948,5
21949,4
21950,3
21951,2
21952,4
21953,2
21954,4
21955,4
21956,2
21957,5
21958,1
21959,1
21960,5
21961,5
21962,4
21963,2
21964,2
21965,3
21966,3
21967,2
21968,2
21969,4
21970,3
21971,2
21972,2
21973,4
21974,5
21975,1
21976,4
21977,5
21978,2
21979,1
21980,5
21981,5
21982,5
21983,5
21984,4
21985,1
21986,3
21987,5
21988,5
21989,4
21990,5
21991,1
21992,2
21993,2
21994,4
21995,4
21996,4
21997,5
21998,4
21999,2
22000,4
22001,4
22002,1
22003,4
22004,1
22005,4
22006,2
22007,5
22008,1
22009,5
22010,2
22011,1
22012,4
22013,2
22014,5
22015,4
22016,1
22017,5
22018,4
22019,1
22020,2
22021,3
22022,4
22023,2
22024,5
22025,2
22026,4
22027,3
22028,1
22029,3
22030,2
22031,1
22032,2
22033,5
22034,2
22035,5
22036,1
22037,3
22038,2
22039,3
22040,1
22041,1
22042,5
22043,3
22044,2
22045,2
22046,2
22047,5
22048,3
22049,5
22050,2
22051,3
22052,3
22053,4
22054,3
22055,4
22056,3
22057,1
22058,1
22059,5
22060,3
22061,2
22062,4
22063,3
22064,3
22065,2
22066,3
22067,1
22068,4
22069,4
22070,5
22071,3
22072,1
22073,3
22074,4
22075,1
22076,1
22077,4
22078,5
22079,5
22080,3
22081,5
22082,2
22083,3
22084,2
22085,5
22086,1
22087,2
22088,3
22089,1
22090,5
22091,5
22092,1
22093,3
22094,4
22095,4
22096,4
22097,5
22098,1
22099,4
22100,4
22101,2
22102,3
22103,1
22104,1
22105,3
22106,5
22107,2
22108,1
22109,4
22110,4
22111,5
22112,2
22113,3
22114,1
22115,2
22116,5
22117,3
22118,4
22119,2
22120,2
22121,4
22122,2
22123,3
22124,2
22125,2
22126,2
22127,1
22128,2
22129,2
22130,2
22131,4
22132,2
22133,4
22134,5
22135,3
22136,2
22137,2
22138,5
22139,3
22140,3
22141,4
22142,2
22143,3
22144,1
22145,5
22146,4
22147,4
22148,1
22149,1
22150,1
22151,3
22152,5
22153,4
22154,5
22155,2
22156,4
22157,3
22158,4
22159,2
22160,2
22161,4
22162,2
22163,4
22164,5
22165,3
22166,4
22167,4
22168,2
22169,1
22170,4
22171,2
22172,1
22173,1
22174,3
22175,4
22176,1
22177,5
22178,5
22179,5
22180,5
22181,4
22182,2
22183,3
22184,2
22185,3
22186,3
22187,3
22188,4
22189,4
22190,1
22191,1
22192,2
22193,3
22194,2
22195,3
22196,5
22197,3
22198,5
22199,5
22200,3
22201,3
22202,3
22203,2
22204,5
22205,1
22206,1
22207,4
22208,3
22209,4
22210,4
22211,4
22212,2
22213,5
22214,2
22215,5
22216,1
22217,1
22218,3
22219,5
22220,3
22221,3
22222,4
22223,3
22224,1
22225,3
22226,2
22227,1
22228,4
22229,5
22230,4
22231,3
22232,5
22233,1
22234,1
22235,2
22236,3
22237,3
22238,5
22239,2
22240,4
22241,1
22242,2
22243,1
22244,3
22245,5
22246,1
22247,2
22248,3
22249,2
22250,4
22251,1
22252,2
22253,4
22254,3
22255,5
22256,2
22257,3
22258,5
22259,5
22260,2
22261,4
22262,4
22263,5
22264,4
22265,3
22266,5
22267,3
22268,5
22269,5
22270,5
22271,2
22272,2
22273,5
22274,2
22275,1
22276,3
22277,1
22278,4
22279,1
22280,2
22281,2
22282,2
22283,2
22284,1
22285,2
22286,2
22287,3
22288,4
22289,2
22290,2
22291,2
22292,1
22293,5
22294,1
22295,4
22296,3
22297,4
22298,1
22299,1
22300,5
22301,3
22302,4
22303,2
22304,3
22305,3
22306,3
22307,1
22308,4
22309,1
22310,1
22311,2
22312,1
22313,5
22314,3
22315,2
22316,3
22317,5
22318,1
22319,5
22320,3
22321,1
22322,5
22323,4
22324,2
22325,4
22326,4
22327,2
22328,2
22329,5
22330,2
22331,3
22332,1
22333,4
22334,4
22335,4
22336,1
22337,2
22338,1
22339,1
22340,3
22341,1
22342,3
22343,2
22344,4
22345,5
22346,2
22347,3
22348,2
22349,4
22350,3
22351,4
22352,5
22353,4
22354,1
22355,1
22356,5
22357,2
22358,3
22359,1
22360,2
22361,2
22362,5
22363,5
22364,3
22365,3
22366,2
22367,2
22368,3
22369,4
22370,4
22371,5
22372,3
22373,1
22374,1
22375,5
22376,3
22377,4
22378,4
22379,3
22380,4
22381,5
22382,4
22383,1
22384,1
22385,4
22386,5
22387,3
22388,3
22389,1
22390,1
22391,1
22392,4
22393,3
22394,1
22395,2
22396,5
22397,5
22398,3
22399,4
22400,4
22401,3
22402,4
22403,2
22404,4
22405,2
22406,1
22407,2
22408,2
22409,5
22410,1
22411,1
22412,5
22413,2
22414,4
22415,1
22416,2
22417,1
22418,2
22419,1
22420,3
22421,3
22422,1
22423,4
22424,3
22425,4
22426,1
22427,5
22428,3
22429,2
22430,4
22431,1
22432,3
22433,3
22434,5
22435,4
22436,4
22437,5
22438,2
22439,2
22440,4
22441,2
22442,3
22443,4
22444,2
22445,4
22446,4
22447,5
22448,5
22449,4
22450,5
22451,1
22452,3
22453,1
22454,2
22455,4
22456,1
22457,5
22458,1
22459,1
22460,2
22461,4
22462,2
22463,3
22464,2
22465,1
22466,3
22467,1
22468,3
22469,5
22470,3
22471,2
22472,2
22473,3
22474,3
22475,5
22476,5
22477,2
22478,4
22479,2
22480,2
22481,5
22482,5
22483,1
22484,2
22485,2
22486,1
22487,1
22488,2
22489,1
22490,3
22491,1
22492,4
22493,3
22494,5
22495,4
22496,2
22497,4
22498,5
22499,2
22500,3
22501,4
22502,2
22503,1
22504,4
22505,4
22506,4
22507,2
22508,5
22509,3
22510,1
22511,5
22512,2
22513,1
22514,2
22515,4
22516,3
22517,4
22518,1
22519,2
22520,1
22521,4
22522,3
22523,1
22524,3
22525,5
22526,5
22527,5
22528,5
22529,1
22530,5
22531,3
22532,3
22533,1
22534,4
22535,2
22536,2
22537,5
22538,4
22539,5
22540,3
22541,2
22542,1
22543,3
22544,3
22545,2
22546,1
22547,3
22548,2
22549,3
22550,1
22551,3
22552,5
22553,5
22554,4
22555,1
22556,1
22557,5
22558,4
22559,3
22560,3
22561,3
22562,3
22563,5
22564,1
22565,1
22566,3
22567,2
22568,1
22569,3
22570,2
22571,1
22572,1
22573,1
22574,2
22575,1
22576,5
22577,1
22578,4
22579,4
22580,4
22581,3
22582,5
22583,5
22584,5
22585,1
22586,5
22587,4
22588,2
22589,2
22590,3
22591,1
22592,5
22593,2
22594,1
22595,3
22596,3
22597,3
22598,5
22599,4
22600,5
22601,1
22602,1
22603,1
22604,3
22605,1
22606,3
22607,2
22608,3
22609,3
22610,1
22611,2
22612,3
22613,1
22614,4
22615,1
22616,1
22617,3
22618,1
22619,5
22620,5
22621,5
22622,4
22623,4
22624,2
22625,4
22626,3
22627,2
22628,3
22629,2
22630,3
22631,3
22632,5
22633,2
22634,3
22635,4
22636,2
22637,5
22638,5
22639,4
22640,3
22641,2
22642,1
22643,2
22644,1
22645,2
22646,1
22647,3
22648,3
22649,5
22650,4
22651,5
22652,5
22653,1
22654,5
22655,2
22656,2
22657,2
22658,3
22659,1
22660,1
22661,4
22662,4
22663,3
22664,2
22665,3
22666,2
22667,3
22668,5
22669,1
22670,3
22671,1
22672,5
22673,1
22674,1
22675,3
22676,4
22677,3
22678,3
22679,2
22680,1
22681,1
22682,5
22683,5
22684,3
22685,4
22686,1
22687,1
22688,5
22689,1
22690,5
22691,2
22692,5
22693,2
22694,1
22695,4
22696,4
22697,4
22698,2
22699,4
22700,1
22701,2
22702,2
22703,2
22704,4
22705,5
22706,5
22707,5
22708,3
22709,1
22710,5
22711,1
22712,2
22713,2
22714,3
22715,3
22716,5
22717,4
22718,5
22719,5
22720,4
22721,1
22722,4
22723,1
22724,1
22725,5
22726,4
22727,4
22728,4
22729,2
22730,3
22731,3
22732,5
22733,5
22734,1
22735,2
22736,3
22737,1
22738,5
22739,1
22740,4
22741,3
22742,1
22743,4
22744,5
22745,3
22746,1
22747,4
22748,1
22749,5
22750,4
22751,4
22752,3
22753,2
22754,1
22755,1
22756,4
22757,1
22758,3
22759,3
22760,2
22761,4
22762,4
22763,3
22764,4
22765,4
22766,2
22767,1
22768,4
22769,1
22770,1
22771,5
22772,2
22773,5
22774,4
22775,4
22776,1
22777,2
22778,2
22779,2
22780,4
22781,4
22782,4
22783,5
22784,5
22785,1
22786,2
22787,1
22788,4
22789,2
22790,2
22791,3
22792,3
22793,5
22794,2
22795,2
22796,3
22797,3
22798,1
22799,1
22800,5
22801,5
22802,5
22803,2
22804,4
22805,4
22806,2
22807,3
22808,2
22809,2
22810,1
22811,1
22812,3
22813,3
22814,3
22815,1
22816,2
22817,4
22818,5
22819,3
22820,4
22821,4
22822,4
22823,1
22824,2
22825,4
22826,5
22827,2
22828,3
22829,3
22830,4
22831,4
22832,5
22833,3
22834,1
22835,5
22836,3
22837,2
22838,5
22839,1
22840,2
22841,2
22842,3
22843,1
22844,1
22845,3
22846,3
22847,2
22848,3
22849,1
22850,1
22851,5
22852,4
22853,3
22854,5
22855,5
22856,3
22857,4
22858,3
22859,4
22860,3
22861,1
22862,2
22863,3
22864,4
22865,5
22866,1
22867,2
22868,1
22869,5
22870,2
22871,5
22872,5
22873,4
22874,5
22875,3
22876,4
22877,3
22878,3
22879,3
22880,3
22881,4
22882,3
22883,5
22884,5
22885,2
22886,5
22887,4
22888,4
22889,4
22890,3
22891,2
22892,4
22893,3
22894,3
22895,3
22896,4
22897,2
22898,1
22899,5
22900,3
22901,4
22902,4
22903,1
22904,5
22905,2
22906,3
22907,2
22908,5
22909,3
22910,3
22911,5
22912,3
22913,5
22914,2
22915,2
22916,2
22917,4
22918,4
22919,3
22920,3
22921,1
22922,3
22923,5
22924,4
22925,4
22926,2
22927,4
22928,2
22929,5
22930,3
22931,4
22932,4
22933,5
22934,2
22935,3
22936,3
22937,2
22938,5
22939,1
22940,5
22941,3
22942,3
22943,1
22944,4
22945,4
22946,3
22947,3
22948,4
22949,1
22950,5
22951,4
22952,5
22953,4
22954,3
22955,4
22956,1
22957,1
22958,1
22959,5
22960,4
22961,1
22962,1
22963,5
22964,2
22965,1
22966,3
22967,1
22968,5
22969,1
22970,1
22971,1
22972,2
22973,2
22974,4
22975,4
22976,4
22977,2
22978,1
22979,4
22980,5
22981,4
22982,3
22983,3
22984,5
22985,1
22986,5
22987,2
22988,2
22989,2
22990,1
22991,5
22992,4
22993,4
22994,5
22995,3
22996,4
22997,3
22998,1
22999,3
23000,3
23001,4
23002,2
23003,1
23004,5
23005,1
23006,5
23007,4
23008,3
23009,2
23010,2
23011,4
23012,5
23013,2
23014,4
23015,4
23016,5
23017,5
23018,3
23019,4
23020,1
23021,4
23022,2
23023,4
23024,2
23025,5
23026,5
23027,3
23028,5
23029,2
23030,5
23031,5
23032,4
23033,1
23034,2
23035,1
23036,3
23037,2
23038,4
23039,2
23040,5
23041,3
23042,3
23043,3
23044,3
23045,3
23046,1
23047,5
23048,4
23049,4
23050,5
23051,2
23052,3
23053,5
23054,4
23055,2
23056,5
23057,5
23058,1
23059,5
23060,4
23061,5
23062,3
23063,2
23064,3
23065,3
23066,3
23067,4
23068,4
23069,4
23070,1
23071,4
23072,4
23073,5
23074,2
23075,5
23076,5
23077,5
23078,5
23079,2
23080,2
23081,1
23082,1
23083,4
23084,3
23085,1
23086,4
23087,5
23088,3
23089,2
23090,4
23091,4
23092,5
23093,3
23094,3
23095,5
23096,3
23097,5
23098,2
23099,2
23100,5
23101,4
23102,1
23103,1
23104,5
23105,3
23106,3
23107,4
23108,1
23109,2
23110,5
23111,3
23112,1
23113,5
23114,5
23115,3
23116,5
23117,2
23118,3
23119,4
23120,2
23121,4
23122,3
23123,2
23124,5
23125,5
23126,1
23127,4
23128,4
23129,5
23130,3
23131,5
23132,2
23133,4
23134,5
23135,4
23136,5
23137,1
23138,2
23139,2
23140,3
23141,4
23142,1
23143,1
23144,2
23145,3
23146,1
23147,3
23148,5
23149,3
23150,4
23151,4
23152,3
23153,2
23154,5
23155,1
23156,1
23157,4
23158,2
23159,2
23160,3
23161,1
23162,5
23163,5
23164,1
23165,5
23166,4
23167,3
23168,5
23169,1
23170,2
23171,2
23172,4
23173,4
23174,4
23175,3
23176,2
23177,3
23178,5
23179,1
23180,1
23181,5
23182,3
23183,3
23184,1
23185,4
23186,5
23187,1
23188,5
23189,1
23190,4
23191,1
23192,3
23193,1
23194,4
23195,3
23196,1
23197,1
23198,2
23199,3
23200,3
23201,5
23202,4
23203,5
23204,1
23205,4
23206,1
23207,5
23208,1
23209,3
23210,3
23211,3
23212,4
23213,3
23214,2
23215,2
23216,2
23217,3
23218,1
23219,3
23220,2
23221,2
23222,4
23223,4
23224,2
23225,4
23226,5
23227,2
23228,5
23229,1
23230,2
23231,2
23232,4
23233,4
23234,2
23235,4
23236,3
23237,5
23238,5
23239,5
23240,2
23241,2
23242,2
23243,5
23244,5
23245,5
23246,5
23247,5
23248,3
23249,1
23250,5
23251,1
23252,2
23253,2
23254,4
23255,1
23256,2
23257,4
23258,2
23259,1
23260,5
23261,1
23262,3
23263,5
23264,3
23265,5
23266,4
23267,5
23268,4
23269,3
23270,3
23271,4
23272,2
23273,3
23274,5
23275,3
23276,4
23277,3
23278,4
23279,5
23280,3
23281,4
23282,2
23283,1
23284,2
23285,2
23286,3
23287,5
23288,1
23289,5
23290,3
23291,2
23292,5
23293,5
23294,2
23295,5
23296,1
23297,1
23298,1
23299,2
23300,5
23301,5
23302,1
23303,3
23304,2
23305,3
23306,4
23307,1
23308,2
23309,4
23310,2
23311,4
23312,3
23313,3
23314,2
23315,2
23316,5
23317,2
23318,4
23319,1
23320,1
23321,5
23322,1
23323,5
23324,4
23325,5
23326,2
23327,1
23328,3
23329,2
23330,2
23331,1
23332,5
23333,3
23334,3
23335,3
23336,2
23337,4
23338,4
23339,3
23340,2
23341,1
23342,1
23343,2
23344,5
23345,4
23346,1
23347,5
23348,4
23349,5
23350,5
23351,3
23352,2
23353,5
23354,2
23355,3
23356,3
23357,4
23358,4
23359,1
23360,3
23361,3
23362,4
23363,2
23364,4
23365,5
23366,3
23367,1
23368,2
23369,2
23370,2
23371,5
23372,1
23373,3
23374,5
23375,2
23376,5
23377,3
23378,5
23379,4
23380,5
23381,2
23382,2
23383,4
23384,2
23385,4
23386,1
23387,1
23388,2
23389,3
23390,5
23391,1
23392,4
23393,4
23394,2
23395,4
23396,5
23397,3
23398,2
23399,2
23400,4
23401,2
23402,3
23403,5
23404,1
23405,1
23406,3
23407,2
23408,1
23409,4
23410,5
23411,4
23412,2
23413,2
23414,2
23415,4
23416,3
23417,2
23418,5
23419,2
23420,3
23421,1
23422,3
23423,5
23424,4
23425,5
23426,5
23427,1
23428,4
23429,3
23430,2
23431,2
23432,2
23433,3
23434,1
23435,4
23436,3
23437,3
23438,1
23439,5
23440,3
23441,4
23442,2
23443,3
23444,2
23445,1
23446,2
23447,5
23448,3
23449,3
23450,3
23451,2
23452,4
23453,5
23454,3
23455,2
23456,1
23457,3
23458,4
23459,2
23460,3
23461,5
23462,5
23463,3
23464,5
23465,1
23466,1
23467,2
23468,5
23469,1
23470,1
23471,1
23472,4
23473,4
23474,4
23475,5
23476,5
23477,5
23478,2
23479,5
23480,4
23481,1
23482,4
23483,3
23484,3
23485,1
23486,3
23487,2
23488,3
23489,1
23490,5
23491,2
23492,3
23493,1
23494,4
23495,5
23496,2
23497,1
23498,2
23499,5
23500,3
23501,3
23502,4
23503,4
23504,3
23505,5
23506,1
23507,2
23508,5
23509,4
23510,3
23511,2
23512,4
23513,2
23514,5
23515,3
23516,2
23517,3
23518,1
23519,3
23520,1
23521,4
23522,3
23523,1
23524,3
23525,2
23526,1
23527,5
23528,4
23529,4
23530,5
23531,2
23532,4
23533,4
23534,2
23535,2
23536,5
23537,1
23538,1
23539,4
23540,5
23541,2
23542,1
23543,4
23544,2
23545,5
23546,5
23547,3
23548,5
23549,3
23550,1
23551,5
23552,5
23553,5
23554,2
23555,2
23556,4
23557,5
23558,4
23559,1
23560,3
23561,3
23562,3
23563,1
23564,4
23565,4
23566,1
23567,5
23568,4
23569,3
23570,4
23571,5
23572,1
23573,3
23574,1
23575,3
23576,2
23577,5
23578,5
23579,1
23580,1
23581,5
23582,5
23583,1
23584,1
23585,4
23586,5
23587,5
23588,5
23589,2
23590,3
23591,5
23592,3
23593,1
23594,3
23595,1
23596,4
23597,1
23598,1
23599,4
23600,3
23601,5
23602,1
23603,3
23604,5
23605,4
23606,1
23607,5
23608,5
23609,4
23610,1
23611,5
23612,4
23613,2
23614,3
23615,2
23616,1
23617,1
23618,1
23619,1
23620,3
23621,5
23622,5
23623,3
23624,2
23625,1
23626,5
23627,3
23628,4
23629,4
23630,5
23631,4
23632,5
23633,3
23634,3
23635,2
23636,1
23637,3
23638,2
23639,1
23640,1
23641,4
23642,2
23643,4
23644,5
23645,1
23646,3
23647,4
23648,2
23649,4
23650,5
23651,1
23652,1
23653,3
23654,5
23655,4
23656,5
23657,1
23658,5
23659,2
23660,2
23661,4
23662,3
23663,3
23664,2
23665,1
23666,4
23667,3
23668,1
23669,3
23670,5
23671,1
23672,1
23673,4
23674,1
23675,4
23676,4
23677,1
23678,1
23679,2
23680,2
23681,4
23682,3
23683,4
23684,5
23685,2
23686,3
23687,1
23688,1
23689,5
23690,3
23691,3
23692,1
23693,1
23694,5
23695,1
23696,4
23697,1
23698,5
23699,2
23700,2
23701,5
23702,4
23703,4
23704,3
23705,3
23706,1
23707,1
23708,4
23709,4
23710,3
23711,1
23712,3
23713,5
23714,4
23715,3
23716,3
23717,1
23718,3
23719,4
23720,3
23721,5
23722,5
23723,2
23724,1
23725,4
23726,5
23727,2
23728,2
23729,1
23730,5
23731,2
23732,4
23733,1
23734,1
23735,3
23736,1
23737,5
23738,4
23739,4
23740,3
23741,3
23742,5
23743,1
23744,1
23745,5
23746,2
23747,5
23748,5
23749,1
23750,5
23751,1
23752,4
23753,5
23754,2
23755,4
23756,4
23757,2
23758,1
23759,2
23760,5
23761,3
23762,5
23763,5
23764,5
23765,4
23766,2
23767,5
23768,2
23769,3
23770,5
23771,1
23772,4
23773,4
23774,2
23775,4
23776,5
23777,3
23778,1
23779,4
23780,5
23781,2
23782,3
23783,1
23784,1
23785,1
23786,2
23787,5
23788,2
23789,5
23790,5
23791,4
23792,2
23793,5
23794,4
23795,2
23796,3
23797,2
23798,5
23799,3
23800,3
23801,2
23802,3
23803,5
23804,5
23805,4
23806,5
23807,3
23808,2
23809,3
23810,3
23811,1
23812,3
23813,4
23814,5
23815,5
23816,4
23817,4
23818,3
23819,2
23820,3
23821,3
23822,3
23823,1
23824,5
23825,5
23826,1
23827,2
23828,3
23829,5
23830,2
23831,2
23832,2
23833,4
23834,2
23835,4
23836,2
23837,1
23838,4
23839,1
23840,3
23841,1
23842,4
23843,3
23844,2
23845,3
23846,2
23847,2
23848,1
23849,5
23850,3
23851,5
23852,5
23853,5
23854,4
23855,2
23856,5
23857,3
23858,2
23859,4
23860,5
23861,5
23862,2
23863,5
23864,3
23865,5
23866,2
23867,5
23868,2
23869,4
23870,3
23871,3
23872,1
23873,2
23874,5
23875,3
23876,1
23877,4
23878,2
23879,2
23880,3
23881,3
23882,5
23883,1
23884,1
23885,3
23886,4
23887,5
23888,1
23889,3
23890,2
23891,4
23892,3
23893,1
23894,1
23895,3
23896,1
23897,4
23898,4
23899,2
23900,4
23901,3
23902,1
23903,4
23904,2
23905,2
23906,5
23907,5
23908,4
23909,5
23910,2
23911,4
23912,3
23913,2
23914,5
23915,5
23916,1
23917,1
23918,1
23919,2
23920,4
23921,2
23922,1
23923,1
23924,4
23925,5
23926,3
23927,5
23928,3
23929,1
23930,4
23931,4
23932,4
23933,4
23934,4
23935,3
23936,1
23937,5
23938,2
23939,3
23940,2
23941,5
23942,4
23943,1
23944,3
23945,2
23946,2
23947,1
23948,5
23949,5
23950,4
23951,5
23952,1
23953,3
23954,1
23955,4
23956,4
23957,1
23958,2
23959,5
23960,3
23961,4
23962,3
23963,2
23964,5
23965,5
23966,4
23967,3
23968,5
23969,4
23970,3
23971,4
23972,4
23973,1
23974,4
23975,3
23976,2
23977,1
23978,3
23979,4
23980,3
23981,3
23982,5
23983,1
23984,5
23985,2
23986,3
23987,1
23988,5
23989,1
23990,4
23991,2
23992,3
23993,5
23994,2
23995,4
23996,1
23997,1
23998,2
23999,3
24000,1
24001,4
24002,2
24003,1
24004,5
24005,4
24006,4
24007,5
24008,1
24009,4
24010,5
24011,4
24012,5
24013,3
24014,4
24015,4
24016,2
24017,4
24018,2
24019,4
24020,1
24021,5
24022,1
24023,4
24024,5
24025,4
24026,3
24027,2
24028,2
24029,3
24030,3
24031,2
24032,4
24033,4
24034,1
24035,4
24036,3
24037,1
24038,4
24039,1
24040,4
24041,4
24042,2
24043,2
24044,5
24045,4
24046,2
24047,1
24048,2
24049,5
24050,4
24051,4
24052,4
24053,1
24054,3
24055,2
24056,5
24057,5
24058,3
24059,2
24060,2
24061,2
24062,1
24063,3
24064,1
24065,4
24066,5
24067,3
24068,1
24069,3
24070,4
24071,4
24072,1
24073,4
24074,4
24075,1
24076,1
24077,3
24078,5
24079,5
24080,1
24081,4
24082,1
24083,1
24084,1
24085,2
24086,3
24087,2
24088,3
24089,5
24090,3
24091,1
24092,2
24093,4
24094,4
24095,1
24096,5
24097,5
24098,3
24099,1
24100,5
24101,4
24102,1
24103,1
24104,5
24105,3
24106,5
24107,1
24108,4
24109,4
24110,2
24111,2
24112,4
24113,2
24114,4
24115,1
24116,2
24117,3
24118,3
24119,4
24120,2
24121,2
24122,4
24123,3
24124,3
24125,4
24126,2
24127,3
24128,4
24129,1
24130,1
24131,3
24132,4
24133,4
24134,4
24135,5
24136,2
24137,5
24138,4
24139,2
24140,1
24141,1
24142,2
24143,5
24144,2
24145,4
24146,5
24147,2
24148,5
24149,5
24150,3
24151,5
24152,4
24153,5
24154,1
24155,3
24156,4
24157,4
24158,5
24159,3
24160,3
24161,4
24162,2
24163,3
24164,4
24165,2
24166,2
24167,1
24168,3
24169,2
24170,2
24171,2
24172,3
24173,5
24174,5
24175,3
24176,4
24177,4
24178,4
24179,4
24180,4
24181,5
24182,5
24183,3
24184,5
24185,2
24186,1
24187,1
24188,1
24189,2
24190,5
24191,1
24192,1
24193,4
24194,2
24195,5
24196,5
24197,3
24198,5
24199,2
24200,2
24201,2
24202,5
24203,3
24204,1
24205,5
24206,1
24207,4
24208,1
24209,4
24210,3
24211,4
24212,4
24213,1
24214,2
24215,4
24216,4
24217,5
24218,2
24219,3
24220,2
24221,3
24222,1
24223,3
24224,4
24225,5
24226,4
24227,5
24228,1
24229,1
24230,3
24231,3
24232,3
24233,2
24234,1
24235,2
24236,4
24237,3
24238,1
24239,1
24240,4
24241,5
24242,4
24243,5
24244,1
24245,2
24246,2
24247,2
24248,4
24249,4
24250,2
24251,5
24252,5
24253,4
24254,5
24255,3
24256,4
24257,2
24258,4
24259,2
24260,2
24261,1
24262,5
24263,1
24264,5
24265,3
24266,1
24267,5
24268,3
24269,5
24270,1
24271,3
24272,2
24273,1
24274,4
24275,3
24276,4
24277,3
24278,1
24279,1
24280,3
24281,4
24282,2
24283,1
24284,4
24285,3
24286,5
24287,3
24288,3
24289,4
24290,1
24291,4
24292,2
24293,3
24294,5
24295,5
24296,4
24297,2
24298,4
24299,2
24300,3
24301,4
24302,1
24303,3
24304,2
24305,5
24306,3
24307,1
24308,4
24309,1
24310,3
24311,3
24312,4
24313,1
24314,1
24315,3
24316,2
24317,2
24318,4
24319,3
24320,5
24321,4
24322,3
24323,1
24324,4
24325,1
24326,1
24327,5
24328,1
24329,3
24330,4
24331,2
24332,2
24333,2
24334,1
24335,4
24336,3
24337,2
24338,1
24339,1
24340,4
24341,3
24342,3
24343,5
24344,5
24345,1
24346,4
24347,5
24348,4
24349,5
24350,3
24351,5
24352,2
24353,1
24354,5
24355,5
24356,2
24357,1
24358,3
24359,3
24360,5
24361,1
24362,4
24363,2
24364,2
24365,3
24366,2
24367,5
24368,1
24369,5
24370,4
24371,1
24372,4
24373,4
24374,4
24375,5
24376,5
24377,2
24378,3
24379,1
24380,1
24381,1
24382,3
24383,4
24384,4
24385,1
24386,4
24387,4
24388,1
24389,5
24390,1
24391,4
24392,2
24393,5
24394,2
24395,4
24396,5
24397,5
24398,4
24399,3
24400,4
24401,1
24402,2
24403,3
24404,1
24405,2
24406,5
24407,5
24408,3
24409,2
24410,2
24411,3
24412,3
24413,1
24414,5
24415,1
24416,5
24417,4
24418,3
24419,2
24420,2
24421,1
24422,5
24423,3
24424,2
24425,1
24426,5
24427,1
24428,4
24429,2
24430,1
24431,1
24432,5
24433,4
24434,3
24435,4
24436,3
24437,5
24438,4
24439,4
24440,1
24441,4
24442,3
24443,5
24444,4
24445,5
24446,5
24447,1
24448,3
24449,2
24450,1
24451,4
24452,3
24453,2
24454,1
24455,3
24456,3
24457,2
24458,2
24459,3
24460,3
24461,1
24462,3
24463,3
24464,5
24465,5
24466,1
24467,4
24468,3
24469,5
24470,4
24471,2
24472,4
24473,4
24474,3
24475,4
24476,1
24477,4
24478,3
24479,2
24480,3
24481,5
24482,2
24483,4
24484,3
24485,3
24486,1
24487,1
24488,2
24489,4
24490,4
24491,5
24492,4
24493,5
24494,1
24495,2
24496,5
24497,5
24498,1
24499,4
24500,1
24501,3
24502,3
24503,3
24504,4
24505,3
24506,3
24507,3
24508,2
24509,3
24510,1
24511,1
24512,2
24513,1
24514,3
24515,3
24516,1
24517,3
24518,3
24519,2
24520,2
24521,2
24522,5
24523,2
24524,4
24525,1
24526,5
24527,2
24528,5
24529,3
24530,2
24531,2
24532,3
24533,1
24534,1
24535,1
24536,4
24537,3
24538,2
24539,2
24540,3
24541,1
24542,1
24543,4
24544,3
24545,1
24546,3
24547,1
24548,3
24549,1
24550,1
24551,3
24552,2
24553,5
24554,3
24555,4
24556,2
24557,1
24558,4
24559,5
24560,5
24561,5
24562,4
24563,5
24564,4
24565,4
24566,3
24567,2
24568,2
24569,1
24570,2
24571,4
24572,1
24573,4
24574,4
24575,4
24576,5
24577,3
24578,5
24579,5
24580,5
24581,5
24582,5
24583,1
24584,1
24585,3
24586,3
24587,3
24588,5
24589,1
24590,1
24591,3
24592,3
24593,5
24594,4
24595,5
24596,3
24597,3
24598,1
24599,5
24600,5
24601,4
24602,5
24603,1
24604,5
24605,4
24606,2
24607,2
24608,1
24609,5
24610,3
24611,4
24612,4
24613,3
24614,1
24615,1
24616,1
24617,5
24618,1
24619,3
24620,1
24621,4
24622,2
24623,4
24624,4
24625,5
24626,5
24627,4
24628,2
24629,2
24630,2
24631,4
24632,4
24633,5
24634,2
24635,3
24636,1
24637,4
24638,4
24639,3
24640,4
24641,4
24642,4
24643,2
24644,5
24645,4
24646,4
24647,5
24648,1
24649,2
24650,5
24651,3
24652,2
24653,1
24654,3
24655,5
24656,2
24657,5
24658,5
24659,3
24660,4
24661,1
24662,1
24663,1
24664,5
24665,5
24666,1
24667,4
24668,1
24669,3
24670,2
24671,4
24672,4
24673,4
24674,3
24675,3
24676,2
24677,3
24678,2
24679,1
24680,5
24681,3
24682,3
24683,3
24684,3
24685,2
24686,1
24687,1
24688,1
24689,3
24690,5
24691,5
24692,4
24693,5
24694,4
24695,4
24696,4
24697,1
24698,4
24699,2
24700,5
24701,1
24702,5
24703,4
24704,2
24705,5
24706,1
24707,5
24708,1
24709,5
24710,3
24711,3
24712,1
24713,4
24714,2
24715,3
24716,2
24717,2
24718,2
24719,4
24720,4
24721,2
24722,1
24723,5
24724,2
24725,3
24726,4
24727,5
24728,2
24729,2
24730,3
24731,3
24732,2
24733,4
24734,5
24735,4
24736,1
24737,3
24738,4
24739,2
24740,3
24741,4
24742,2
24743,2
24744,2
24745,3
24746,1
24747,3
24748,1
24749,3
24750,5
24751,3
24752,1
24753,5
24754,5
24755,4
24756,4
24757,5
24758,4
24759,4
24760,4
24761,5
24762,4
24763,1
24764,5
24765,4
24766,3
24767,5
24768,4
24769,5
24770,5
24771,3
24772,2
24773,2
24774,2
24775,5
24776,2
24777,2
24778,4
24779,5
24780,3
24781,4
24782,3
24783,2
24784,1
24785,2
24786,4
24787,2
24788,5
24789,3
24790,5
24791,4
24792,1
24793,2
24794,3
24795,4
24796,2
24797,4
24798,5
24799,3
24800,4
24801,1
24802,2
24803,4
24804,5
24805,1
24806,2
24807,3
24808,3
24809,2
24810,4
24811,4
24812,3
24813,2
24814,1
24815,5
24816,3
24817,5
24818,4
24819,4
24820,1
24821,3
24822,1
24823,3
24824,3
24825,5
24826,3
24827,2
24828,4
24829,3
24830,1
24831,2
24832,2
24833,2
24834,1
24835,1
24836,2
24837,5
24838,4
24839,2
24840,1
24841,5
24842,3
24843,1
24844,4
24845,5
24846,1
24847,4
24848,5
24849,4
24850,3
24851,1
24852,2
24853,4
24854,5
24855,1
24856,2
24857,3
24858,2
24859,5
24860,4
24861,2
24862,4
24863,4
24864,2
24865,4
24866,1
24867,4
24868,5
24869,1
24870,3
24871,2
24872,2
24873,5
24874,1
24875,1
24876,5
24877,5
24878,1
24879,2
24880,4
24881,2
24882,3
24883,3
24884,2
24885,4
24886,5
24887,3
24888,2
24889,2
24890,2
24891,5
24892,4
24893,3
24894,5
24895,3
24896,5
24897,1
24898,4
24899,5
24900,1
24901,2
24902,3
24903,4
24904,3
24905,3
24906,5
24907,5
24908,2
24909,2
24910,5
24911,3
24912,1
24913,2
24914,5
24915,1
24916,3
24917,1
24918,4
24919,5
24920,3
24921,3
24922,2
24923,3
24924,3
24925,2
24926,2
24927,2
24928,1
24929,1
24930,3
24931,3
24932,2
24933,3
24934,4
24935,5
24936,2
24937,5
24938,5
24939,5
24940,1
24941,4
24942,5
24943,5
24944,5
24945,3
24946,5
24947,4
24948,3
24949,2
24950,1
24951,5
24952,3
24953,1
24954,1
24955,4
24956,4
24957,5
24958,3
24959,2
24960,1
24961,4
24962,1
24963,4
24964,1
24965,4
24966,4
24967,5
24968,5
24969,4
24970,5
24971,2
24972,3
24973,5
24974,2
24975,2
24976,1
24977,3
24978,1
24979,4
24980,1
24981,2
24982,5
24983,5
24984,2
24985,3
24986,1
24987,3
24988,5
24989,1
24990,5
24991,3
24992,1
24993,3
24994,2
24995,5
24996,3
24997,3
24998,4
24999,4
25000,2
25001,1
25002,5
25003,2
25004,2
25005,3
25006,4
25007,1
25008,5
25009,4
25010,4
25011,3
25012,5
25013,5
25014,1
25015,5
25016,4
25017,2
25018,2
25019,4
25020,1
25021,2
25022,5
25023,5
25024,5
25025,3
25026,2
25027,4
25028,1
25029,4
25030,1
25031,5
25032,3
25033,3
25034,3
25035,3
25036,4
25037,5
25038,3
25039,4
25040,1
25041,1
25042,4
25043,4
25044,3
25045,2
25046,1
25047,1
25048,5
25049,2
25050,1
25051,5
25052,2
25053,2
25054,2
25055,4
25056,5
25057,5
25058,2
25059,5
25060,3
25061,1
25062,1
25063,3
25064,3
25065,2
25066,2
25067,5
25068,1
25069,2
25070,1
25071,3
25072,5
25073,4
25074,4
25075,5
25076,3
25077,3
25078,3
25079,5
25080,2
25081,4
25082,3
25083,5
25084,5
25085,3
25086,2
25087,3
25088,4
25089,5
25090,5
25091,5
25092,2
25093,2
25094,5
25095,2
25096,2
25097,4
25098,4
25099,4
25100,3
25101,1
25102,2
25103,1
25104,1
25105,2
25106,3
25107,3
25108,3
25109,2
25110,5
25111,5
25112,1
25113,1
25114,3
25115,4
25116,2
25117,5
25118,5
25119,5
25120,2
25121,5
25122,5
25123,5
25124,2
25125,4
25126,2
25127,2
25128,2
25129,5
25130,3
25131,1
25132,3
25133,2
25134,1
25135,1
25136,1
25137,4
25138,1
25139,3
25140,4
25141,5
25142,4
25143,4
25144,3
25145,5
25146,3
25147,4
25148,1
25149,3
25150,4
25151,4
25152,2
25153,4
25154,5
25155,5
25156,3
25157,5
25158,1
25159,4
25160,3
25161,3
25162,5
25163,1
25164,1
25165,4
25166,5
25167,3
25168,1
25169,1
25170,3
25171,5
25172,1
25173,3
25174,3
25175,2
25176,4
25177,3
25178,4
25179,3
25180,2
25181,2
25182,5
25183,3
25184,2
25185,3
25186,4
25187,1
25188,4
25189,3
25190,3
25191,1
25192,5
25193,2
25194,3
25195,3
25196,4
25197,4
25198,3
25199,2
25200,1
25201,1
25202,1
25203,1
25204,2
25205,1
25206,4
25207,4
25208,5
25209,4
25210,1
25211,4
25212,1
25213,4
25214,5
25215,1
25216,2
25217,1
25218,1
25219,3
25220,1
25221,3
25222,1
25223,2
25224,4
25225,4
25226,2
25227,2
25228,4
25229,1
25230,5
25231,2
25232,4
25233,4
25234,5
25235,3
25236,1
25237,4
25238,4
25239,5
25240,2
25241,3
25242,2
25243,4
25244,5
25245,2
25246,1
25247,3
25248,4
25249,3
25250,5
25251,3
25252,4
25253,2
25254,1
25255,3
25256,1
25257,3
25258,5
25259,5
25260,1
25261,2
25262,3
25263,4
25264,1
25265,4
25266,5
25267,1
25268,4
25269,3
25270,2
25271,3
25272,1
25273,3
25274,3
25275,2
25276,4
25277,5
25278,2
25279,5
25280,5
25281,5
25282,1
25283,4
25284,2
25285,4
25286,1
25287,4
25288,1
25289,2
25290,5
25291,4
25292,5
25293,5
25294,3
25295,1
25296,1
25297,5
25298,5
25299,4
25300,2
25301,2
25302,2
25303,2
25304,4
25305,2
25306,1
25307,1
25308,2
25309,3
25310,1
25311,3
25312,5
25313,5
25314,2
25315,4
25316,1
25317,2
25318,5
25319,1
25320,3
25321,1
25322,5
25323,5
25324,2
25325,4
25326,3
25327,1
25328,3
25329,4
25330,4
25331,5
25332,3
25333,4
25334,2
25335,4
25336,3
25337,3
25338,2
25339,2
25340,1
25341,1
25342,3
25343,2
25344,3
25345,1
25346,4
25347,1
25348,3
25349,4
25350,2
25351,1
25352,4
25353,4
25354,4
25355,1
25356,2
25357,5
25358,1
25359,4
25360,3
25361,3
25362,3
25363,5
25364,4
25365,2
25366,4
25367,1
25368,2
25369,5
25370,4
25371,4
25372,1
25373,5
25374,1
25375,5
25376,4
25377,2
25378,4
25379,2
25380,5
25381,3
25382,5
25383,3
25384,4
25385,2
25386,1
25387,3
25388,4
25389,4
25390,4
25391,3
25392,3
25393,1
25394,5
25395,2
25396,5
25397,5
25398,1
25399,4
25400,3
25401,4
25402,3
25403,3
25404,5
25405,4
25406,2
25407,5
25408,5
25409,3
25410,3
25411,3
25412,3
25413,5
25414,2
25415,4
25416,3
25417,3
25418,5
25419,4
25420,2
25421,4
25422,2
25423,3
25424,2
25425,1
25426,2
25427,3
25428,2
25429,3
25430,2
25431,3
25432,5
25433,4
25434,5
25435,4
25436,1
25437,2
25438,4
25439,2
25440,3
25441,4
25442,3
25443,5
25444,2
25445,2
25446,3
25447,2
25448,3
25449,4
25450,4
25451,2
25452,3
25453,2
25454,4
25455,1
25456,1
25457,1
25458,4
25459,1
25460,1
25461,4
25462,1
25463,4
25464,5
25465,1
25466,2
25467,5
25468,5
25469,5
25470,4
25471,1
25472,2
25473,3
25474,3
25475,3
25476,3
25477,2
25478,5
25479,5
25480,3
25481,4
25482,2
25483,1
25484,1
25485,5
25486,1
25487,4
25488,3
25489,2
25490,4
25491,2
25492,2
25493,1
25494,1
25495,3
25496,1
25497,4
25498,1
25499,2
25500,5
25501,4
25502,1
25503,5
25504,3
25505,5
25506,5
25507,1
25508,3
25509,5
25510,3
25511,5
25512,1
25513,1
25514,5
25515,3
25516,3
25517,1
25518,4
25519,4
25520,2
25521,4
25522,2
25523,3
25524,5
25525,3
25526,4
25527,4
25528,3
25529,3
25530,4
25531,1
25532,5
25533,3
25534,1
25535,3
25536,5
25537,2
25538,3
25539,2
25540,4
25541,1
25542,3
25543,1
25544,4
25545,1
25546,4
25547,5
25548,5
25549,2
25550,1
25551,1
25552,2
25553,3
25554,4
25555,3
25556,1
25557,3
25558,4
25559,2
25560,1
25561,4
25562,1
25563,5
25564,3
25565,2
25566,5
25567,4
25568,2
25569,4
25570,4
25571,3
25572,4
25573,2
25574,1
25575,5
25576,3
25577,3
25578,4
25579,1
25580,2
25581,1
25582,4
25583,4
25584,4
25585,1
25586,1
25587,4
25588,3
25589,3
25590,5
25591,1
25592,5
25593,5
25594,3
25595,1
25596,5
25597,5
25598,2
25599,4
25600,4
25601,3
25602,1
25603,2
25604,5
25605,2
25606,5
25607,4
25608,5
25609,4
25610,1
25611,4
25612,3
25613,1
25614,4
25615,1
25616,4
25617,1
25618,2
25619,2
25620,1
25621,2
25622,4
25623,5
25624,4
25625,1
25626,1
25627,3
25628,5
25629,3
25630,4
25631,1
25632,1
25633,1
25634,4
25635,5
25636,2
25637,3
25638,3
25639,3
25640,4
25641,4
25642,5
25643,4
25644,3
25645,5
25646,3
25647,1
25648,5
25649,3
25650,1
25651,4
25652,4
25653,3
25654,2
25655,1
25656,1
25657,2
25658,5
25659,3
25660,3
25661,2
25662,4
25663,2
25664,2
25665,3
25666,2
25667,1
25668,3
25669,5
25670,4
25671,5
25672,5
25673,1
25674,4
25675,5
25676,1
25677,2
25678,2
25679,3
25680,1
25681,2
25682,2
25683,2
25684,5
25685,1
25686,3
25687,5
25688,1
25689,1
25690,4
25691,2
25692,1
25693,2
25694,3
25695,5
25696,3
25697,5
25698,2
25699,2
25700,2
25701,3
25702,2
25703,4
25704,2
25705,4
25706,5
25707,3
25708,2
25709,1
25710,2
25711,5
25712,5
25713,2
25714,4
25715,2
25716,3
25717,2
25718,3
25719,5
25720,1
25721,2
25722,1
25723,4
25724,2
25725,2
25726,2
25727,1
25728,1
25729,3
25730,5
25731,5
25732,1
25733,3
25734,4
25735,4
25736,3
25737,1
25738,2
25739,1
25740,3
25741,4
25742,1
25743,3
25744,3
25745,2
25746,1
25747,5
25748,2
25749,1
25750,2
25751,3
25752,4
25753,2
25754,2
25755,3
25756,2
25757,1
25758,2
25759,4
25760,5
25761,4
25762,5
25763,1
25764,3
25765,4
25766,1
25767,4
25768,1
25769,4
25770,5
25771,5
25772,1
25773,4
25774,2
25775,2
25776,2
25777,4
25778,3
25779,3
25780,4
25781,4
25782,5
25783,2
25784,2
25785,1
25786,5
25787,5
25788,5
25789,1
25790,4
25791,5
25792,1
25793,5
25794,4
25795,4
25796,4
25797,5
25798,4
25799,2
25800,5
25801,3
25802,1
25803,2
25804,5
25805,4
25806,4
25807,2
25808,2
25809,4
25810,1
25811,4
25812,4
25813,3
25814,1
25815,5
25816,1
25817,2
25818,5
25819,2
25820,1
25821,3
25822,2
25823,1
25824,1
25825,3
25826,5
25827,5
25828,5
25829,1
25830,4
25831,3
25832,3
25833,4
25834,5
25835,3
25836,1
25837,1
25838,3
25839,2
25840,2
25841,1
25842,4
25843,5
25844,4
25845,5
25846,3
25847,1
25848,5
25849,1
25850,2
25851,1
25852,3
25853,3
25854,5
25855,5
25856,2
25857,2
25858,4
25859,1
25860,3
25861,1
25862,4
25863,2
25864,5
25865,1
25866,5
25867,3
25868,1
25869,1
25870,4
25871,2
25872,2
25873,3
25874,4
25875,4
25876,4
25877,5
25878,3
25879,5
25880,5
25881,3
25882,5
25883,5
25884,5
25885,4
25886,4
25887,3
25888,3
25889,2
25890,5
25891,4
25892,5
25893,2
25894,3
25895,5
25896,4
25897,4
25898,3
25899,4
25900,5
25901,3
25902,5
25903,5
25904,2
25905,1
25906,3
25907,4
25908,1
25909,4
25910,4
25911,3
25912,1
25913,1
25914,2
25915,2
25916,4
25917,2
25918,2
25919,1
25920,3
25921,3
25922,1
25923,1
25924,3
25925,3
25926,4
25927,5
25928,5
25929,1
25930,3
25931,5
25932,1
25933,3
25934,4
25935,1
25936,1
25937,3
25938,4
25939,4
25940,5
25941,3
25942,1
25943,1
25944,2
25945,4
25946,5
25947,4
25948,3
25949,1
25950,2
25951,5
25952,5
25953,3
25954,2
25955,2
25956,4
25957,1
25958,5
25959,2
25960,1
25961,4
25962,3
25963,4
25964,4
25965,1
25966,3
25967,1
25968,2
25969,4
25970,2
25971,2
25972,2
25973,4
25974,3
25975,2
25976,3
25977,2
25978,4
25979,1
25980,5
25981,3
25982,1
25983,2
25984,5
25985,3
25986,2
25987,1
25988,5
25989,2
25990,3
25991,3
25992,5
25993,4
25994,2
25995,5
25996,5
25997,4
25998,4
25999,1
26000,2
26001,1
26002,5
26003,5
26004,4
26005,1
26006,4
26007,1
26008,3
26009,5
26010,4
26011,1
26012,1
26013,1
26014,2
26015,2
26016,2
26017,4
26018,1
26019,4
26020,3
26021,3
26022,2
26023,3
26024,4
26025,2
26026,1
26027,3
26028,3
26029,1
26030,2
26031,5
26032,1
26033,1
26034,2
26035,3
26036,3
26037,2
26038,4
26039,4
26040,1
26041,3
26042,5
26043,1
26044,3
26045,4
26046,4
26047,3
26048,4
26049,5
26050,5
26051,2
26052,3
26053,5
26054,2
26055,1
26056,4
26057,2
26058,1
26059,5
26060,4
26061,5
26062,3
26063,1
26064,4
26065,2
26066,1
26067,1
26068,5
26069,5
26070,4
26071,5
26072,4
26073,2
26074,1
26075,5
26076,2
26077,5
26078,2
26079,1
26080,3
26081,3
26082,2
26083,3
26084,2
26085,2
26086,5
26087,3
26088,2
26089,2
26090,3
26091,1
26092,3
26093,2
26094,5
26095,1
26096,1
26097,1
26098,5
26099,3
26100,4
26101,4
26102,3
26103,2
26104,5
26105,4
26106,1
26107,4
26108,5
26109,1
26110,2
26111,1
26112,5
26113,5
26114,4
26115,1
26116,5
26117,1
26118,1
26119,3
26120,2
26121,3
26122,1
26123,2
26124,3
26125,1
26126,5
26127,4
26128,3
26129,1
26130,1
26131,1
26132,3
26133,1
26134,4
26135,5
26136,4
26137,1
26138,3
26139,3
26140,1
26141,2
26142,2
26143,4
26144,3
26145,1
26146,3
26147,2
26148,5
26149,4
26150,3
26151,5
26152,1
26153,1
26154,2
26155,1
26156,4
26157,1
26158,3
26159,4
26160,4
26161,4
26162,3
26163,1
26164,1
26165,4
26166,5
26167,5
26168,3
26169,4
26170,1
26171,2
26172,5
26173,2
26174,4
26175,3
26176,3
26177,5
26178,4
26179,2
26180,5
26181,4
26182,3
26183,3
26184,1
26185,1
26186,4
26187,5
26188,5
26189,5
26190,1
26191,2
26192,1
26193,2
26194,3
26195,5
26196,4
26197,5
26198,4
26199,4
26200,5
26201,3
26202,4
26203,2
26204,4
26205,2
26206,5
26207,5
26208,4
26209,4
26210,2
26211,1
26212,3
26213,4
26214,5
26215,3
26216,4
26217,2
26218,3
26219,3
26220,5
26221,5
26222,5
26223,5
26224,5
26225,1
26226,3
26227,4
26228,5
26229,3
26230,5
26231,3
26232,3
26233,1
26234,1
26235,2
26236,4
26237,3
26238,3
26239,4
26240,5
26241,3
26242,2
26243,2
26244,1
26245,2
26246,5
26247,1
26248,1
26249,5
26250,3
26251,4
26252,3
26253,3
26254,2
26255,5
26256,5
26257,3
26258,5
26259,3
26260,5
26261,3
26262,5
26263,4
26264,5
26265,5
26266,2
26267,4
26268,2
26269,5
26270,5
26271,5
26272,5
26273,1
26274,5
26275,3
26276,4
26277,4
26278,3
26279,5
26280,2
26281,2
26282,4
26283,5
26284,2
26285,1
26286,2
26287,1
26288,1
26289,1
26290,5
26291,4
26292,4
26293,3
26294,4
26295,5
26296,5
26297,3
26298,1
26299,5
26300,2
26301,5
26302,3
26303,5
26304,3
26305,1
26306,2
26307,4
26308,5
26309,3
26310,3
26311,5
26312,5
26313,5
26314,3
26315,4
26316,2
26317,1
26318,3
26319,2
26320,2
26321,2
26322,5
26323,3
26324,5
26325,1
26326,4
26327,5
26328,4
26329,1
26330,1
26331,1
26332,3
26333,1
26334,4
26335,2
26336,2
26337,3
26338,3
26339,5
26340,3
26341,1
26342,2
26343,1
26344,3
26345,4
26346,4
26347,3
26348,3
26349,4
26350,1
26351,3
26352,1
26353,3
26354,3
26355,3
26356,2
26357,5
26358,5
26359,2
26360,3
26361,5
26362,3
26363,2
26364,1
26365,1
26366,3
26367,3
26368,3
26369,2
26370,5
26371,3
26372,3
26373,2
26374,3
26375,1
26376,3
26377,4
26378,4
26379,3
26380,5
26381,3
26382,4
26383,3
26384,1
26385,1
26386,5
26387,2
26388,4
26389,4
26390,4
26391,2
26392,2
26393,2
26394,1
26395,4
26396,1
26397,3
26398,4
26399,1
26400,4
26401,1
26402,1
26403,3
26404,1
26405,4
26406,3
26407,1
26408,5
26409,2
26410,4
26411,3
26412,2
26413,3
26414,2
26415,1
26416,1
26417,5
26418,2
26419,5
26420,3
26421,1
26422,1
26423,3
26424,4
26425,5
26426,1
26427,3
26428,1
26429,4
26430,5
26431,5
26432,1
26433,1
26434,2
26435,5
26436,1
26437,5
26438,4
26439,4
26440,2
26441,1
26442,4
26443,4
26444,1
26445,2
26446,1
26447,5
26448,4
26449,1
26450,4
26451,5
26452,2
26453,4
26454,3
26455,5
26456,3
26457,3
26458,2
26459,3
26460,1
26461,4
26462,1
26463,3
26464,1
26465,2
26466,5
26467,5
26468,5
26469,1
26470,5
26471,5
26472,2
26473,1
26474,2
26475,3
26476,3
26477,5
26478,3
26479,2
26480,5
26481,5
26482,3
26483,4
26484,2
26485,2
26486,4
26487,2
26488,3
26489,3
26490,2
26491,4
26492,3
26493,1
26494,2
26495,1
26496,5
26497,3
26498,3
26499,1
26500,2
26501,2
26502,5
26503,4
26504,3
26505,4
26506,2
26507,5
26508,4
26509,5
26510,5
26511,2
26512,4
26513,3
26514,2
26515,5
26516,3
26517,3
26518,1
26519,3
26520,4
26521,4
26522,3
26523,1
26524,4
26525,3
26526,5
26527,3
26528,2
26529,2
26530,3
26531,1
26532,4
26533,2
26534,4
26535,3
26536,1
26537,5
26538,1
26539,3
26540,2
26541,1
26542,2
26543,4
26544,1
26545,5
26546,5
26547,3
26548,5
26549,5
26550,1
26551,1
26552,1
26553,1
26554,4
26555,5
26556,5
26557,5
26558,1
26559,2
26560,4
26561,2
26562,5
26563,3
26564,4
26565,2
26566,4
26567,3
26568,1
26569,3
26570,3
26571,2
26572,4
26573,4
26574,2
26575,5
26576,4
26577,2
26578,4
26579,3
26580,3
26581,5
26582,2
26583,2
26584,5
26585,1
26586,5
26587,1
26588,2
26589,4
26590,5
26591,2
26592,5
26593,3
26594,3
26595,2
26596,4
26597,5
26598,2
26599,3
26600,3
26601,4
26602,1
26603,4
26604,4
26605,3
26606,3
26607,5
26608,1
26609,5
26610,5
26611,5
26612,1
26613,5
26614,2
26615,4
26616,2
26617,4
26618,5
26619,2
26620,4
26621,1
26622,3
26623,2
26624,5
26625,5
26626,4
26627,3
26628,5
26629,5
26630,3
26631,3
26632,5
26633,4
26634,2
26635,5
26636,1
26637,4
26638,4
26639,1
26640,2
26641,5
26642,3
26643,5
26644,1
26645,2
26646,1
26647,1
26648,2
26649,4
26650,2
26651,5
26652,3
26653,5
26654,1
26655,3
26656,2
26657,3
26658,2
26659,4
26660,5
26661,3
26662,4
26663,2
26664,1
26665,2
26666,5
26667,1
26668,1
26669,1
26670,5
26671,4
26672,2
26673,3
26674,4
26675,4
26676,4
26677,3
26678,3
26679,5
26680,5
26681,5
26682,5
26683,3
26684,5
26685,4
26686,2
26687,3
26688,4
26689,4
26690,3
26691,3
26692,2
26693,1
26694,2
26695,4
26696,5
26697,3
26698,2
26699,3
26700,3
26701,5
26702,2
26703,3
26704,3
26705,5
26706,4
26707,3
26708,2
26709,1
26710,5
26711,5
26712,1
26713,3
26714,1
26715,5
26716,4
26717,3
26718,2
26719,5
26720,5
26721,5
26722,4
26723,5
26724,3
26725,5
26726,3
26727,4
26728,2
26729,2
26730,3
26731,4
26732,1
26733,4
26734,4
26735,1
26736,2
26737,4
26738,4
26739,1
26740,1
26741,5
26742,3
26743,4
26744,5
26745,1
26746,1
26747,1
26748,4
26749,3
26750,1
26751,1
26752,1
26753,3
26754,5
26755,2
26756,5
26757,4
26758,4
26759,4
26760,1
26761,3
26762,2
26763,1
26764,3
26765,5
26766,5
26767,3
26768,1
26769,1
26770,1
26771,4
26772,2
26773,3
26774,5
26775,4
26776,4
26777,3
26778,3
26779,2
26780,5
26781,1
26782,1
26783,1
26784,5
26785,2
26786,5
26787,4
26788,4
26789,1
26790,3
26791,2
26792,3
26793,4
26794,4
26795,1
26796,3
26797,3
26798,2
26799,5
26800,3
26801,2
26802,2
26803,5
26804,1
26805,5
26806,4
26807,4
26808,3
26809,2
26810,2
26811,4
26812,2
26813,1
26814,4
26815,1
26816,4
26817,3
26818,4
26819,2
26820,3
26821,4
26822,2
26823,3
26824,3
26825,1
26826,2
26827,2
26828,4
26829,5
26830,2
26831,1
26832,4
26833,2
26834,1
26835,5
26836,2
26837,2
26838,4
26839,4
26840,1
26841,4
26842,3
26843,3
26844,1
26845,4
26846,1
26847,5
26848,1
26849,5
26850,3
26851,1
26852,4
26853,5
26854,1
26855,3
26856,5
26857,2
26858,1
26859,1
26860,2
26861,1
26862,3
26863,3
26864,5
26865,5
26866,5
26867,2
26868,5
26869,2
26870,2
26871,2
26872,5
26873,4
26874,5
26875,4
26876,5
26877,3
26878,5
26879,2
26880,1
26881,1
26882,5
26883,3
26884,2
26885,5
26886,5
26887,3
26888,4
26889,3
26890,5
26891,5
26892,2
26893,4
26894,5
26895,5
26896,1
26897,1
26898,1
26899,2
26900,1
26901,3
26902,4
26903,3
26904,2
26905,1
26906,5
26907,3
26908,4
26909,1
26910,2
26911,5
26912,5
26913,2
26914,2
26915,4
26916,1
26917,3
26918,1
26919,4
26920,2
26921,3
26922,1
26923,5
26924,1
26925,5
26926,1
26927,4
26928,3
26929,4
26930,2
26931,3
26932,2
26933,3
26934,2
26935,3
26936,1
26937,2
26938,2
26939,4
26940,2
26941,2
26942,1
26943,4
26944,3
26945,5
26946,2
26947,3
26948,4
26949,5
26950,1
26951,2
26952,5
26953,3
26954,1
26955,2
26956,1
26957,2
26958,1
26959,5
26960,3
26961,3
26962,2
26963,5
26964,1
26965,3
26966,2
26967,5
26968,1
26969,3
26970,4
26971,2
26972,1
26973,4
26974,1
26975,1
26976,3
26977,1
26978,3
26979,2
26980,2
26981,4
26982,4
26983,3
26984,4
26985,1
26986,4
26987,3
26988,3
26989,1
26990,2
26991,5
26992,5
26993,3
26994,3
26995,2
26996,3
26997,3
26998,2
26999,2
27000,2
27001,1
27002,1
27003,5
27004,1
27005,5
27006,2
27007,5
27008,3
27009,4
27010,5
27011,1
27012,4
27013,5
27014,1
27015,4
27016,3
27017,4
27018,5
27019,5
27020,1
27021,4
27022,5
27023,4
27024,1
27025,3
27026,4
27027,1
27028,2
27029,1
27030,5
27031,5
27032,1
27033,2
27034,4
27035,3
27036,2
27037,1
27038,1
27039,1
27040,1
27041,1
27042,3
27043,3
27044,1
27045,5
27046,4
27047,1
27048,4
27049,3
27050,5
27051,1
27052,4
27053,3
27054,5
27055,5
27056,2
27057,1
27058,4
27059,2
27060,2
27061,4
27062,1
27063,4
27064,5
27065,2
27066,1
27067,4
27068,3
27069,5
27070,1
27071,3
27072,4
27073,5
27074,1
27075,2
27076,3
27077,2
27078,4
27079,4
27080,3
27081,4
27082,2
27083,4
27084,1
27085,1
27086,1
27087,2
27088,1
27089,4
27090,3
27091,4
27092,5
27093,5
27094,5
27095,1
27096,1
27097,5
27098,1
27099,2
27100,2
27101,5
27102,4
27103,5
27104,2
27105,5
27106,1
27107,5
27108,5
27109,1
27110,4
27111,2
27112,2
27113,3
27114,3
27115,3
27116,4
27117,3
27118,3
27119,2
27120,5
27121,5
27122,3
27123,4
27124,2
27125,5
27126,3
27127,1
27128,1
27129,4
27130,4
27131,3
27132,4
27133,5
27134,1
27135,4
27136,5
27137,1
27138,1
27139,4
27140,5
27141,2
27142,3
27143,3
27144,5
27145,2
27146,5
27147,1
27148,5
27149,3
27150,2
27151,1
27152,2
27153,4
27154,2
27155,2
27156,5
27157,4
27158,2
27159,1
27160,2
27161,4
27162,3
27163,3
27164,4
27165,2
27166,3
27167,2
27168,1
27169,3
27170,1
27171,5
27172,4
27173,2
27174,5
27175,2
27176,1
27177,5
27178,4
27179,1
27180,1
27181,2
27182,3
27183,3
27184,4
27185,3
27186,5
27187,3
27188,1
27189,3
27190,4
27191,5
27192,2
27193,4
27194,3
27195,2
27196,1
27197,2
27198,4
27199,3
27200,3
27201,5
27202,3
27203,1
27204,4
27205,5
27206,3
27207,3
27208,5
27209,5
27210,4
27211,2
27212,5
27213,5
27214,2
27215,3
27216,1
27217,3
27218,3
27219,3
27220,4
27221,1
27222,4
27223,3
27224,3
27225,3
27226,2
27227,4
27228,2
27229,2
27230,4
27231,4
27232,2
27233,1
27234,1
27235,2
27236,5
27237,5
27238,2
27239,5
27240,5
27241,2
27242,2
27243,4
27244,5
27245,5
27246,3
27247,4
27248,2
27249,3
27250,5
27251,4
27252,2
27253,1
27254,4
27255,1
27256,3
27257,4
27258,1
27259,4
27260,1
27261,1
27262,5
27263,3
27264,2
27265,3
27266,4
27267,2
27268,5
27269,4
27270,1
27271,2
27272,5
27273,2
27274,5
27275,3
27276,2
27277,4
27278,5
27279,2
27280,2
27281,1
27282,4
27283,5
27284,2
27285,2
27286,2
27287,4
27288,3
27289,4
27290,3
27291,5
27292,3
27293,4
27294,1
27295,3
27296,3
27297,3
27298,5
27299,1
27300,3
27301,2
27302,3
27303,3
27304,3
27305,4
27306,2
27307,2
27308,5
27309,3
27310,4
27311,4
27312,1
27313,4
27314,3
27315,3
27316,4
27317,1
27318,5
27319,3
27320,2
27321,1
27322,4
27323,3
27324,3
27325,2
27326,3
27327,1
27328,2
27329,3
27330,3
27331,3
27332,3
27333,3
27334,4
27335,2
27336,3
27337,1
27338,1
27339,1
27340,1
27341,4
27342,4
27343,3
27344,2
27345,3
27346,3
27347,2
27348,5
27349,1
27350,2
27351,5
27352,3
27353,1
27354,4
27355,2
27356,2
27357,1
27358,3
27359,1
27360,4
27361,2
27362,2
27363,4
27364,4
27365,3
27366,4
27367,1
27368,3
27369,5
27370,4
27371,2
27372,3
27373,2
27374,4
27375,3
27376,2
27377,3
27378,5
27379,2
27380,3
27381,3
27382,3
27383,3
27384,5
27385,3
27386,3
27387,2
27388,3
27389,3
27390,1
27391,2
27392,5
27393,5
27394,5
27395,3
27396,4
27397,4
27398,5
27399,5
27400,3
27401,5
27402,2
27403,2
27404,3
27405,1
27406,1
27407,4
27408,3
27409,2
27410,1
27411,4
27412,2
27413,3
27414,3
27415,5
27416,4
27417,2
27418,3
27419,4
27420,2
27421,2
27422,4
27423,5
27424,2
27425,5
27426,5
27427,4
27428,1
27429,4
27430,4
27431,2
27432,5
27433,5
27434,1
27435,4
27436,5
27437,3
27438,2
27439,3
27440,5
27441,2
27442,5
27443,5
27444,1
27445,2
27446,5
27447,4
27448,4
27449,5
27450,1
27451,4
27452,4
27453,1
27454,3
27455,4
27456,5
27457,3
27458,3
27459,1
27460,1
27461,2
27462,2
27463,5
27464,5
27465,2
27466,2
27467,3
27468,2
27469,1
27470,2
27471,2
27472,4
27473,5
27474,1
27475,4
27476,3
27477,3
27478,5
27479,3
27480,1
27481,5
27482,3
27483,3
27484,2
27485,3
27486,3
27487,3
27488,5
27489,1
27490,1
27491,4
27492,1
27493,1
27494,4
27495,2
27496,3
27497,2
27498,3
27499,1
27500,2
27501,2
27502,2
27503,3
27504,5
27505,3
27506,3
27507,2
27508,5
27509,3
27510,1
27511,3
27512,5
27513,2
27514,1
27515,4
27516,1
27517,3
27518,3
27519,4
27520,1
27521,5
27522,2
27523,5
27524,5
27525,5
27526,5
27527,4
27528,1
27529,1
27530,2
27531,2
27532,2
27533,3
27534,3
27535,4
27536,4
27537,5
27538,1
27539,2
27540,5
27541,1
27542,5
27543,4
27544,2
27545,1
27546,2
27547,3
27548,3
27549,3
27550,5
27551,1
27552,4
27553,2
27554,1
27555,2
27556,3
27557,5
27558,3
27559,1
27560,2
27561,5
27562,3
27563,4
27564,1
27565,3
27566,2
27567,3
27568,1
27569,4
27570,4
27571,1
27572,5
27573,1
27574,4
27575,5
27576,3
27577,5
27578,5
27579,3
27580,2
27581,3
27582,4
27583,3
27584,3
27585,2
27586,4
27587,2
27588,1
27589,1
27590,1
27591,3
27592,2
27593,3
27594,5
27595,1
27596,5
27597,5
27598,1
27599,4
27600,1
27601,4
27602,5
27603,5
27604,5
27605,5
27606,2
27607,3
27608,4
27609,5
27610,1
27611,4
27612,1
27613,4
27614,5
27615,5
27616,1
27617,3
27618,1
27619,3
27620,3
27621,2
27622,3
27623,4
27624,2
27625,5
27626,3
27627,2
27628,2
27629,5
27630,2
27631,4
27632,1
27633,1
27634,2
27635,3
27636,2
27637,4
27638,5
27639,3
27640,4
27641,1
27642,1
27643,4
27644,1
27645,5
27646,2
27647,4
27648,5
27649,1
27650,4
27651,5
27652,5
27653,4
27654,4
27655,3
27656,2
27657,2
27658,2
27659,5
27660,2
27661,4
27662,1
27663,2
27664,1
27665,4
27666,3
27667,2
27668,1
27669,2
27670,1
27671,4
27672,3
27673,1
27674,4
27675,2
27676,1
27677,2
27678,1
27679,2
27680,3
27681,5
27682,4
27683,5
27684,4
27685,4
27686,1
27687,2
27688,4
27689,3
27690,2
27691,5
27692,1
27693,1
27694,3
27695,4
27696,2
27697,3
27698,1
27699,3
27700,1
27701,5
27702,4
27703,3
27704,4
27705,4
27706,3
27707,2
27708,3
27709,5
27710,4
27711,1
27712,2
27713,1
27714,4
27715,5
27716,2
27717,4
27718,1
27719,3
27720,1
27721,4
27722,3
27723,1
27724,5
27725,4
27726,3
27727,1
27728,3
27729,4
27730,4
27731,2
27732,1
27733,1
27734,3
27735,1
27736,5
27737,5
27738,1
27739,3
27740,3
27741,4
27742,3
27743,4
27744,4
27745,3
27746,5
27747,1
27748,3
27749,4
27750,4
27751,4
27752,3
27753,1
27754,1
27755,1
27756,2
27757,2
27758,4
27759,1
27760,3
27761,2
27762,3
27763,2
27764,3
27765,5
27766,5
27767,4
27768,5
27769,1
27770,3
27771,4
27772,5
27773,1
27774,2
27775,1
27776,2
27777,2
27778,3
27779,4
27780,3
27781,5
27782,5
27783,2
27784,5
27785,1
27786,2
27787,5
27788,4
27789,1
27790,2
27791,3
27792,3
27793,4
27794,1
27795,3
27796,1
27797,4
27798,3
27799,2
27800,4
27801,4
27802,3
27803,1
27804,1
27805,3
27806,3
27807,2
27808,1
27809,5
27810,2
27811,1
27812,5
27813,4
27814,4
27815,1
27816,1
27817,4
27818,3
27819,5
27820,4
27821,4
27822,5
27823,1
27824,5
27825,3
27826,5
27827,1
27828,3
27829,2
27830,4
27831,5
27832,3
27833,3
27834,3
27835,1
27836,5
27837,1
27838,2
27839,4
27840,2
27841,4
27842,3
27843,3
27844,4
27845,1
27846,4
27847,1
27848,1
27849,3
27850,3
27851,5
27852,1
27853,3
27854,2
27855,3
27856,1
27857,1
27858,1
27859,3
27860,3
27861,2
27862,3
27863,2
27864,4
27865,3
27866,4
27867,3
27868,5
27869,4
27870,4
27871,1
27872,5
27873,4
27874,3
27875,3
27876,4
27877,2
27878,2
27879,5
27880,1
27881,1
27882,4
27883,5
27884,3
27885,4
27886,1
27887,1
27888,3
27889,5
27890,5
27891,1
27892,5
27893,2
27894,3
27895,2
27896,2
27897,1
27898,1
27899,5
27900,1
27901,3
27902,1
27903,3
27904,2
27905,4
27906,4
27907,1
27908,1
27909,1
27910,5
27911,5
27912,3
27913,1
27914,1
27915,3
27916,3
27917,4
27918,4
27919,2
27920,1
27921,5
27922,3
27923,4
27924,5
27925,4
27926,2
27927,4
27928,2
27929,5
27930,2
27931,5
27932,3
27933,5
27934,1
27935,4
27936,4
27937,4
27938,5
27939,3
27940,4
27941,3
27942,3
27943,1
27944,1
27945,4
27946,2
27947,3
27948,1
27949,4
27950,5
27951,1
27952,4
27953,2
27954,4
27955,5
27956,2
27957,3
27958,4
27959,3
27960,2
27961,3
27962,3
27963,2
27964,5
27965,4
27966,4
27967,3
27968,4
27969,4
27970,3
27971,4
27972,5
27973,5
27974,5
27975,2
27976,2
27977,2
27978,4
27979,4
27980,3
27981,4
27982,4
27983,3
27984,1
27985,3
27986,3
27987,2
27988,1
27989,3
27990,4
27991,1
27992,5
27993,2
27994,5
27995,1
27996,3
27997,2
27998,3
27999,2
28000,3
28001,4
28002,1
28003,3
28004,5
28005,1
28006,1
28007,3
28008,5
28009,3
28010,2
28011,5
28012,1
28013,2
28014,1
28015,4
28016,2
28017,5
28018,2
28019,1
28020,2
28021,2
28022,5
28023,4
28024,4
28025,1
28026,1
28027,1
28028,1
28029,4
28030,1
28031,5
28032,5
28033,1
28034,5
28035,5
28036,1
28037,4
28038,2
28039,3
28040,5
28041,1
28042,3
28043,2
28044,4
28045,5
28046,5
28047,5
28048,5
28049,4
28050,4
28051,1
28052,3
28053,2
28054,1
28055,4
28056,1
28057,5
28058,1
28059,3
28060,3
28061,3
28062,3
28063,2
28064,3
28065,5
28066,4
28067,4
28068,5
28069,3
28070,5
28071,5
28072,1
28073,5
28074,3
28075,3
28076,5
28077,4
28078,4
28079,2
28080,1
28081,5
28082,2
28083,3
28084,3
28085,1
28086,5
28087,3
28088,3
28089,1
28090,5
28091,5
28092,2
28093,4
28094,5
28095,5
28096,3
28097,4
28098,2
28099,5
28100,1
28101,4
28102,1
28103,5
28104,1
28105,5
28106,3
28107,3
28108,5
28109,4
28110,1
28111,5
28112,3
28113,1
28114,4
28115,3
28116,1
28117,5
28118,5
28119,2
28120,5
28121,2
28122,3
28123,5
28124,2
28125,3
28126,2
28127,1
28128,4
28129,1
28130,3
28131,4
28132,4
28133,4
28134,5
28135,5
28136,3
28137,2
28138,5
28139,5
28140,1
28141,1
28142,5
28143,3
28144,2
28145,5
28146,4
28147,4
28148,5
28149,3
28150,4
28151,4
28152,4
28153,1
28154,4
28155,1
28156,4
28157,3
28158,2
28159,5
28160,1
28161,3
28162,3
28163,4
28164,4
28165,1
28166,5
28167,3
28168,2
28169,3
28170,2
28171,4
28172,1
28173,3
28174,5
28175,5
28176,1
28177,2
28178,5
28179,2
28180,5
28181,2
28182,5
28183,3
28184,5
28185,5
28186,1
28187,1
28188,4
28189,3
28190,5
28191,4
28192,3
28193,4
28194,3
28195,5
28196,5
28197,3
28198,5
28199,1
28200,2
28201,3
28202,4
28203,4
28204,3
28205,1
28206,2
28207,5
28208,3
28209,2
28210,1
28211,3
28212,1
28213,2
28214,2
28215,4
28216,4
28217,2
28218,4
28219,4
28220,2
28221,3
28222,5
28223,3
28224,4
28225,1
28226,1
28227,2
28228,5
28229,4
28230,2
28231,1
28232,1
28233,5
28234,3
28235,2
28236,4
28237,5
28238,4
28239,2
28240,3
28241,3
28242,1
28243,1
28244,1
28245,1
28246,4
28247,5
28248,2
28249,4
28250,5
28251,2
28252,1
28253,3
28254,3
28255,1
28256,5
28257,1
28258,3
28259,2
28260,4
28261,4
28262,5
28263,1
28264,5
28265,4
28266,4
28267,1
28268,2
28269,2
28270,3
28271,4
28272,4
28273,1
28274,1
28275,5
28276,4
28277,1
28278,5
28279,3
28280,1
28281,5
28282,3
28283,3
28284,1
28285,1
28286,5
28287,2
28288,3
28289,5
28290,1
28291,3
28292,1
28293,2
28294,1
28295,3
28296,5
28297,5
28298,4
28299,4
28300,3
28301,3
28302,5
28303,3
28304,2
28305,3
28306,3
28307,2
28308,2
28309,4
28310,4
28311,3
28312,4
28313,2
28314,5
28315,2
28316,5
28317,3
28318,4
28319,1
28320,1
28321,4
28322,1
28323,1
28324,2
28325,2
28326,5
28327,5
28328,4
28329,3
28330,4
28331,2
28332,1
28333,4
28334,2
28335,1
28336,5
28337,5
28338,2
28339,4
28340,4
28341,3
28342,1
28343,1
28344,4
28345,4
28346,1
28347,1
28348,4
28349,5
28350,3
28351,2
28352,5
28353,1
28354,4
28355,1
28356,4
28357,2
28358,1
28359,3
28360,5
28361,2
28362,1
28363,2
28364,4
28365,3
28366,3
28367,5
28368,3
28369,4
28370,2
28371,2
28372,4
28373,4
28374,5
28375,3
28376,4
28377,4
28378,4
28379,4
28380,2
28381,4
28382,3
28383,1
28384,3
28385,4
28386,5
28387,1
28388,5
28389,3
28390,2
28391,4
28392,3
28393,4
28394,3
28395,2
28396,2
28397,1
28398,2
28399,3
28400,1
28401,3
28402,4
28403,1
28404,2
28405,2
28406,3
28407,4
28408,1
28409,4
28410,4
28411,3
28412,5
28413,4
28414,4
28415,3
28416,3
28417,2
28418,1
28419,4
28420,3
28421,5
28422,5
28423,5
28424,1
28425,5
28426,3
28427,1
28428,2
28429,5
28430,3
28431,1
28432,4
28433,4
28434,1
28435,3
28436,1
28437,4
28438,5
28439,1
28440,4
28441,4
28442,2
28443,3
28444,4
28445,5
28446,2
28447,3
28448,5
28449,2
28450,3
28451,3
28452,2
28453,4
28454,2
28455,5
28456,2
28457,1
28458,1
28459,2
28460,4
28461,2
28462,2
28463,5
28464,3
28465,3
28466,4
28467,5
28468,2
28469,2
28470,3
28471,1
28472,3
28473,3
28474,2
28475,5
28476,3
28477,2
28478,4
28479,1
28480,3
28481,2
28482,2
28483,1
28484,3
28485,2
28486,1
28487,1
28488,2
28489,1
28490,4
28491,3
28492,1
28493,3
28494,3
28495,4
28496,2
28497,1
28498,1
28499,4
28500,5
28501,5
28502,2
28503,4
28504,1
28505,1
28506,3
28507,3
28508,3
28509,5
28510,3
28511,4
28512,3
28513,1
28514,4
28515,5
28516,2
28517,4
28518,4
28519,2
28520,2
28521,1
28522,1
28523,5
28524,5
28525,4
28526,2
28527,1
28528,3
28529,4
28530,5
28531,2
28532,3
28533,2
28534,3
28535,5
28536,3
28537,1
28538,2
28539,4
28540,5
28541,2
28542,5
28543,3
28544,4
28545,1
28546,3
28547,1
28548,3
28549,4
28550,5
28551,1
28552,1
28553,4
28554,3
28555,3
28556,4
28557,4
28558,2
28559,5
28560,2
28561,1
28562,3
28563,3
28564,1
28565,5
28566,4
28567,5
28568,4
28569,5
28570,2
28571,2
28572,1
28573,4
28574,5
28575,1
28576,2
28577,3
28578,1
28579,5
28580,1
28581,3
28582,3
28583,2
28584,1
28585,2
28586,1
28587,2
28588,4
28589,5
28590,2
28591,5
28592,1
28593,1
28594,5
28595,1
28596,4
28597,1
28598,2
28599,1
28600,1
28601,4
28602,3
28603,4
28604,5
28605,2
28606,5
28607,2
28608,4
28609,5
28610,3
28611,5
28612,4
28613,2
28614,3
28615,5
28616,4
28617,2
28618,5
28619,2
28620,5
28621,2
28622,3
28623,3
28624,4
28625,4
28626,1
28627,5
28628,4
28629,4
28630,4
28631,3
28632,1
28633,5
28634,5
28635,3
28636,4
28637,1
28638,1
28639,1
28640,4
28641,3
28642,2
28643,3
28644,4
28645,1
28646,2
28647,5
28648,1
28649,1
28650,3
28651,2
28652,2
28653,3
28654,4
28655,1
28656,2
28657,2
28658,5
28659,2
28660,2
28661,1
28662,4
28663,5
28664,3
28665,5
28666,3
28667,1
28668,3
28669,3
28670,5
28671,2
28672,5
28673,3
28674,3
28675,4
28676,1
28677,1
28678,2
28679,4
28680,4
28681,4
28682,2
28683,3
28684,5
28685,1
28686,3
28687,2
28688,1
28689,4
28690,3
28691,5
28692,1
28693,5
28694,3
28695,1
28696,4
28697,5
28698,1
28699,5
28700,2
28701,3
28702,4
28703,1
28704,4
28705,3
28706,5
28707,4
28708,3
28709,2
28710,5
28711,2
28712,4
28713,5
28714,4
28715,1
28716,1
28717,4
28718,5
28719,4
28720,3
28721,4
28722,4
28723,5
28724,1
28725,5
28726,2
28727,3
28728,5
28729,1
28730,3
28731,4
28732,3
28733,3
28734,1
28735,5
28736,5
28737,4
28738,5
28739,1
28740,1
28741,5
28742,5
28743,2
28744,2
28745,5
28746,1
28747,2
28748,5
28749,4
28750,1
28751,3
28752,3
28753,1
28754,1
28755,3
28756,1
28757,3
28758,3
28759,5
28760,4
28761,1
28762,2
28763,5
28764,2
28765,3
28766,1
28767,2
28768,1
28769,3
28770,4
28771,5
28772,1
28773,5
28774,2
28775,5
28776,1
28777,2
28778,2
28779,5
28780,4
28781,4
28782,2
28783,1
28784,5
28785,5
28786,4
28787,4
28788,3
28789,2
28790,1
28791,4
28792,1
28793,3
28794,5
28795,2
28796,4
28797,4
28798,2
28799,2
28800,5
28801,3
28802,1
28803,1
28804,4
28805,1
28806,4
28807,2
28808,4
28809,3
28810,3
28811,2
28812,5
28813,4
28814,4
28815,3
28816,3
28817,5
28818,4
28819,3
28820,5
28821,5
28822,2
28823,3
28824,2
28825,4
28826,5
28827,3
28828,5
28829,4
28830,2
28831,1
28832,5
28833,4
28834,2
28835,5
28836,3
28837,5
28838,1
28839,1
28840,2
28841,2
28842,2
28843,2
28844,1
28845,2
28846,5
28847,2
28848,5
28849,1
28850,3
28851,5
28852,4
28853,2
28854,1
28855,2
28856,1
28857,2
28858,2
28859,4
28860,4
28861,2
28862,3
28863,1
28864,2
28865,5
28866,4
28867,1
28868,1
28869,4
28870,1
28871,1
28872,2
28873,5
28874,1
28875,1
28876,4
28877,3
28878,2
28879,3
28880,2
28881,2
28882,4
28883,3
28884,3
28885,4
28886,5
28887,5
28888,2
28889,4
28890,3
28891,2
28892,5
28893,4
28894,4
28895,5
28896,5
28897,2
28898,4
28899,5
28900,4
28901,4
28902,1
28903,3
28904,5
28905,5
28906,3
28907,3
28908,2
28909,1
28910,5
28911,1
28912,5
28913,3
28914,5
28915,1
28916,1
28917,2
28918,3
28919,1
28920,5
28921,3
28922,4
28923,4
28924,5
28925,5
28926,1
28927,4
28928,3
28929,4
28930,4
28931,1
28932,3
28933,4
28934,5
28935,1
28936,2
28937,2
28938,3
28939,2
28940,3
28941,2
28942,5
28943,2
28944,4
28945,2
28946,1
28947,1
28948,3
28949,5
28950,1
28951,1
28952,4
28953,1
28954,2
28955,4
28956,3
28957,1
28958,5
28959,4
28960,5
28961,1
28962,2
28963,4
28964,5
28965,1
28966,1
28967,3
28968,4
28969,1
28970,1
28971,1
28972,2
28973,5
28974,1
28975,2
28976,3
28977,4
28978,3
28979,1
28980,4
28981,3
28982,4
28983,1
28984,1
28985,3
28986,1
28987,5
28988,5
28989,1
28990,1
28991,5
28992,2
28993,3
28994,5
28995,2
28996,4
28997,3
28998,4
28999,2
29000,4
29001,1
29002,1
29003,3
29004,4
29005,5
29006,3
29007,3
29008,5
29009,5
29010,1
29011,2
29012,3
29013,3
29014,5
29015,3
29016,3
29017,3
29018,5
29019,2
29020,3
29021,5
29022,3
29023,4
29024,1
29025,2
29026,5
29027,3
29028,5
29029,3
29030,5
29031,2
29032,2
29033,4
29034,2
29035,1
29036,2
29037,3
29038,4
29039,4
29040,3
29041,1
29042,5
29043,5
29044,4
29045,3
29046,2
29047,4
29048,5
29049,5
29050,2
29051,3
29052,1
29053,3
29054,3
29055,1
29056,1
29057,2
29058,1
29059,3
29060,1
29061,4
29062,1
29063,2
29064,5
29065,3
29066,5
29067,5
29068,2
29069,2
29070,4
29071,2
29072,4
29073,2
29074,2
29075,2
29076,1
29077,2
29078,3
29079,5
29080,3
29081,2
29082,2
29083,1
29084,1
29085,5
29086,1
29087,1
29088,3
29089,1
29090,3
29091,2
29092,4
29093,5
29094,5
29095,4
29096,4
29097,3
29098,4
29099,3
29100,3
29101,3
29102,1
29103,4
29104,4
29105,4
29106,4
29107,5
29108,3
29109,4
29110,4
29111,5
29112,4
29113,4
29114,3
29115,4
29116,1
29117,3
29118,5
29119,2
29120,2
29121,4
29122,3
29123,2
29124,1
29125,5
29126,4
29127,4
29128,5
29129,4
29130,1
29131,3
29132,1
29133,3
29134,4
29135,3
29136,4
29137,3
29138,4
29139,5
29140,5
29141,4
29142,4
29143,5
29144,5
29145,2
29146,4
29147,2
29148,3
29149,1
29150,5
29151,1
29152,1
29153,5
29154,1
29155,2
29156,1
29157,4
29158,4
29159,4
29160,2
29161,3
29162,1
29163,1
29164,2
29165,5
29166,2
29167,1
29168,2
29169,2
29170,5
29171,4
29172,5
29173,4
29174,5
29175,4
29176,1
29177,1
29178,5
29179,5
29180,4
29181,3
29182,1
29183,3
29184,3
29185,1
29186,1
29187,1
29188,1
29189,3
29190,2
29191,1
29192,1
29193,3
29194,5
29195,1
29196,2
29197,4
29198,3
29199,3
29200,5
29201,3
29202,5
29203,1
29204,1
29205,4
29206,3
29207,3
29208,1
29209,5
29210,3
29211,2
29212,3
29213,2
29214,5
29215,1
29216,4
29217,4
29218,1
29219,4
29220,2
29221,2
29222,4
29223,3
29224,3
29225,2
29226,5
29227,4
29228,3
29229,2
29230,3
29231,1
29232,3
29233,5
29234,4
29235,3
29236,5
29237,1
29238,4
29239,2
29240,2
29241,5
29242,4
29243,1
29244,4
29245,3
29246,1
29247,4
29248,5
29249,3
29250,1
29251,3
29252,2
29253,5
29254,1
29255,3
29256,5
29257,3
29258,2
29259,3
29260,2
29261,4
29262,4
29263,2
29264,2
29265,4
29266,4
29267,1
29268,2
29269,3
29270,5
29271,3
29272,3
29273,1
29274,3
29275,1
29276,5
29277,5
29278,4
29279,1
29280,2
29281,3
29282,1
29283,1
29284,5
29285,1
29286,2
29287,2
29288,3
29289,3
29290,2
29291,5
29292,5
29293,5
29294,5
29295,3
29296,3
29297,5
29298,5
29299,1
29300,4
29301,1
29302,1
29303,1
29304,5
29305,4
29306,3
29307,2
29308,4
29309,4
29310,2
29311,5
29312,4
29313,2
29314,5
29315,4
29316,4
29317,1
29318,4
29319,5
29320,4
29321,3
29322,1
29323,5
29324,4
29325,2
29326,4
29327,1
29328,4
29329,2
29330,5
29331,2
29332,5
29333,2
29334,3
29335,5
29336,3
29337,5
29338,4
29339,2
29340,1
29341,4
29342,1
29343,4
29344,4
29345,3
29346,3
29347,4
29348,2
29349,1
29350,1
29351,4
29352,2
29353,1
29354,4
29355,3
29356,1
29357,2
29358,2
29359,2
29360,2
29361,3
29362,3
29363,1
29364,5
29365,5
29366,1
29367,1
29368,1
29369,3
29370,3
29371,5
29372,1
29373,5
29374,3
29375,2
29376,1
29377,2
29378,3
29379,1
29380,2
29381,4
29382,3
29383,2
29384,1
29385,4
29386,4
29387,4
29388,5
29389,1
29390,5
29391,4
29392,3
29393,4
29394,5
29395,5
29396,3
29397,4
29398,3
29399,5
29400,2
29401,5
29402,1
29403,4
29404,3
29405,4
29406,2
29407,4
29408,1
29409,2
29410,4
29411,4
29412,1
29413,2
29414,5
29415,5
29416,5
29417,3
29418,1
29419,1
29420,2
29421,1
29422,1
29423,4
29424,3
29425,3
29426,4
29427,3
29428,5
29429,3
29430,3
29431,5
29432,3
29433,4
29434,5
29435,3
29436,5
29437,1
29438,2
29439,2
29440,3
29441,3
29442,2
29443,4
29444,1
29445,2
29446,5
29447,2
29448,5
29449,5
29450,2
29451,5
29452,3
29453,1
29454,3
29455,4
29456,4
29457,3
29458,4
29459,5
29460,3
29461,4
29462,3
29463,2
29464,3
29465,5
29466,5
29467,2
29468,2
29469,4
29470,5
29471,5
29472,4
29473,1
29474,2
29475,4
29476,1
29477,5
29478,2
29479,4
29480,5
29481,4
29482,4
29483,4
29484,1
29485,4
29486,1
29487,4
29488,4
29489,5
29490,3
29491,4
29492,1
29493,2
29494,4
29495,1
29496,2
29497,4
29498,4
29499,4
29500,4
29501,5
29502,2
29503,4
29504,1
29505,1
29506,4
29507,5
29508,1
29509,4
29510,5
29511,3
29512,5
29513,3
29514,3
29515,5
29516,5
29517,1
29518,5
29519,2
29520,5
29521,5
29522,4
29523,4
29524,2
29525,5
29526,4
29527,1
29528,1
29529,1
29530,4
29531,1
29532,5
29533,1
29534,3
29535,3
29536,2
29537,3
29538,3
29539,1
29540,1
29541,5
29542,3
29543,5
29544,4
29545,2
29546,1
29547,1
29548,2
29549,1
29550,2
29551,3
29552,2
29553,5
29554,1
29555,2
29556,4
29557,3
29558,3
29559,3
29560,1
29561,3
29562,5
29563,5
29564,2
29565,5
29566,2
29567,4
29568,4
29569,2
29570,4
29571,4
29572,2
29573,4
29574,3
29575,2
29576,5
29577,4
29578,2
29579,3
29580,3
29581,3
29582,2
29583,1
29584,5
29585,5
29586,5
29587,5
29588,3
29589,5
29590,4
29591,2
29592,4
29593,5
29594,1
29595,5
29596,3
29597,4
29598,2
29599,4
29600,4
29601,2
29602,5
29603,5
29604,1
29605,2
29606,4
29607,4
29608,4
29609,3
29610,2
29611,5
29612,3
29613,1
29614,2
29615,3
29616,1
29617,3
29618,2
29619,2
29620,2
29621,3
29622,5
29623,1
29624,4
29625,1
29626,1
29627,3
29628,5
29629,3
29630,5
29631,5
29632,4
29633,2
29634,3
29635,2
29636,1
29637,2
29638,2
29639,1
29640,2
29641,5
29642,4
29643,4
29644,2
29645,5
29646,1
29647,2
29648,5
29649,5
29650,1
29651,1
29652,1
29653,1
29654,3
29655,3
29656,3
29657,3
29658,5
29659,3
29660,2
29661,5
29662,5
29663,3
29664,1
29665,4
29666,1
29667,2
29668,4
29669,2
29670,4
29671,5
29672,3
29673,4
29674,1
29675,3
29676,3
29677,2
29678,2
29679,1
29680,4
29681,4
29682,1
29683,2
29684,4
29685,2
29686,1
29687,2
29688,2
29689,5
29690,2
29691,3
29692,4
29693,2
29694,3
29695,1
29696,5
29697,3
29698,5
29699,1
29700,2
29701,2
29702,1
29703,2
29704,2
29705,3
29706,2
29707,2
29708,2
29709,5
29710,3
29711,3
29712,3
29713,4
29714,5
29715,3
29716,1
29717,1
29718,2
29719,4
29720,4
29721,5
29722,2
29723,1
29724,3
29725,4
29726,3
29727,3
29728,3
29729,4
29730,5
29731,3
29732,2
29733,5
29734,4
29735,1
29736,3
29737,1
29738,4
29739,3
29740,2
29741,4
29742,5
29743,5
29744,1
29745,3
29746,3
29747,3
29748,4
29749,1
29750,5
29751,3
29752,5
29753,1
29754,4
29755,4
29756,2
29757,1
29758,3
29759,4
29760,3
29761,3
29762,3
29763,5
29764,4
29765,4
29766,3
29767,4
29768,3
29769,1
29770,4
29771,5
29772,2
29773,4
29774,3
29775,5
29776,5
29777,2
29778,2
29779,1
29780,5
29781,4
29782,5
29783,2
29784,5
29785,3
29786,4
29787,5
29788,3
29789,3
29790,2
29791,1
29792,3
29793,2
29794,1
29795,3
29796,4
29797,3
29798,2
29799,4
29800,2
29801,5
29802,5
29803,1
29804,5
29805,3
29806,1
29807,2
29808,2
29809,2
29810,4
29811,4
29812,5
29813,1
29814,3
29815,5
29816,4
29817,5
29818,5
29819,1
29820,3
29821,1
29822,3
29823,4
29824,3
29825,3
29826,3
29827,1
29828,2
29829,2
29830,2
29831,3
29832,1
29833,2
29834,2
29835,2
29836,5
29837,3
29838,1
29839,2
29840,2
29841,1
29842,5
29843,1
29844,1
29845,4
29846,1
29847,5
29848,5
29849,3
29850,4
29851,2
29852,2
29853,2
29854,2
29855,3
29856,5
29857,2
29858,2
29859,4
29860,3
29861,2
29862,5
29863,5
29864,4
29865,2
29866,2
29867,3
29868,1
29869,1
29870,4
29871,4
29872,4
29873,1
29874,4
29875,3
29876,3
29877,3
29878,5
29879,5
29880,4
29881,2
29882,1
29883,4
29884,3
29885,4
29886,2
29887,3
29888,1
29889,2
29890,5
29891,2
29892,4
29893,1
29894,5
29895,1
29896,1
29897,2
29898,1
29899,4
29900,1
29901,1
29902,2
29903,5
29904,1
29905,4
29906,5
29907,5
29908,3
29909,2
29910,5
29911,2
29912,3
29913,4
29914,3
29915,5
29916,5
29917,4
29918,3
29919,2
29920,5
29921,3
29922,5
29923,5
29924,2
29925,1
29926,1
29927,3
29928,2
29929,4
29930,5
29931,2
29932,3
29933,5
29934,5
29935,4
29936,5
29937,5
29938,4
29939,2
29940,5
29941,5
29942,1
29943,1
29944,4
29945,5
29946,1
29947,5
29948,1
29949,4
29950,4
29951,1
29952,2
29953,2
29954,2
29955,4
29956,3
29957,4
29958,1
29959,3
29960,3
29961,4
29962,1
29963,3
29964,2
29965,5
29966,1
29967,2
29968,4
29969,1
29970,3
29971,1
29972,2
29973,3
29974,4
29975,3
29976,3
29977,5
29978,1
29979,1
29980,1
29981,3
29982,2
29983,5
29984,4
29985,5
29986,5
29987,3
29988,4
29989,3
29990,1
29991,1
29992,4
29993,1
29994,1
29995,4
29996,3
29997,2
29998,4
29999,3
30000,2
30001,2
30002,2
30003,4
30004,4
30005,2
30006,5
30007,3
30008,3
30009,5
30010,3
30011,2
30012,2
30013,3
30014,4
30015,5
30016,4
30017,2
30018,1
30019,5
30020,4
30021,1
30022,4
30023,4
30024,3
30025,4
30026,4
30027,2
30028,5
30029,5
30030,3
30031,4
30032,5
30033,2
30034,4
30035,4
30036,4
30037,5
30038,4
30039,1
30040,2
30041,2
30042,2
30043,4
30044,5
30045,4
30046,5
30047,1
30048,4
30049,1
30050,3
30051,4
30052,5
30053,4
30054,1
30055,4
30056,4
30057,1
30058,5
30059,3
30060,2
30061,2
30062,1
30063,4
30064,2
30065,5
30066,3
30067,4
30068,5
30069,1
30070,2
30071,2
30072,2
30073,4
30074,3
30075,1
30076,3
30077,5
30078,5
30079,1
30080,4
30081,4
30082,2
30083,5
30084,2
30085,2
30086,1
30087,5
30088,5
30089,3
30090,4
30091,4
30092,4
30093,3
30094,3
30095,3
30096,1
30097,4
30098,4
30099,4
30100,1
30101,2
30102,5
30103,3
30104,4
30105,1
30106,4
30107,5
30108,2
30109,4
30110,1
30111,4
30112,5
30113,3
30114,4
30115,2
30116,5
30117,3
30118,2
30119,5
30120,2
30121,4
30122,1
30123,5
30124,4
30125,5
30126,4
30127,1
30128,2
30129,5
30130,2
30131,4
30132,4
30133,2
30134,2
30135,1
30136,5
30137,2
30138,5
30139,5
30140,4
30141,1
30142,3
30143,5
30144,1
30145,3
30146,5
30147,3
30148,3
30149,2
30150,2
30151,2
30152,3
30153,1
30154,4
30155,5
30156,3
30157,5
30158,5
30159,5
30160,3
30161,1
30162,1
30163,1
30164,3
30165,3
30166,5
30167,2
30168,1
30169,2
30170,5
30171,4
30172,4
30173,3
30174,3
30175,5
30176,4
30177,3
30178,1
30179,1
30180,5
30181,4
30182,5
30183,4
30184,5
30185,2
30186,1
30187,1
30188,5
30189,3
30190,1
30191,3
30192,5
30193,2
30194,4
30195,2
30196,4
30197,3
30198,4
30199,2
30200,2
30201,4
30202,1
30203,5
30204,2
30205,1
30206,3
30207,4
30208,5
30209,3
30210,2
30211,2
30212,4
30213,1
30214,4
30215,2
30216,4
30217,3
30218,2
30219,4
30220,2
30221,1
30222,1
30223,4
30224,4
30225,1
30226,2
30227,2
30228,2
30229,1
30230,4
30231,5
30232,2
30233,2
30234,5
30235,2
30236,1
30237,5
30238,1
30239,4
30240,5
30241,1
30242,4
30243,4
30244,4
30245,3
30246,1
30247,5
30248,5
30249,2
30250,1
30251,3
30252,5
30253,5
30254,4
30255,2
30256,4
30257,1
30258,4
30259,4
30260,3
30261,3
30262,3
30263,4
30264,2
30265,2
30266,3
30267,2
30268,1
30269,4
30270,4
30271,2
30272,2
30273,2
30274,3
30275,3
30276,2
30277,4
30278,4
30279,2
30280,2
30281,5
30282,5
30283,1
30284,3
30285,3
30286,4
30287,5
30288,2
30289,4
30290,2
30291,2
30292,5
30293,1
30294,1
30295,4
30296,5
30297,5
30298,2
30299,3
30300,2
30301,5
30302,3
30303,1
30304,1
30305,3
30306,2
30307,5
30308,5
30309,2
30310,1
30311,4
30312,5
30313,4
30314,3
30315,5
30316,3
30317,5
30318,3
30319,1
30320,4
30321,2
30322,5
30323,5
30324,2
30325,4
30326,1
30327,3
30328,3
30329,2
30330,4
30331,1
30332,2
30333,2
30334,3
30335,4
30336,2
30337,2
30338,4
30339,1
30340,2
30341,5
30342,5
30343,1
30344,4
30345,4
30346,2
30347,1
30348,5
30349,4
30350,4
30351,5
30352,4
30353,2
30354,1
30355,1
30356,4
30357,4
30358,3
30359,3
30360,5
30361,3
30362,2
30363,3
30364,4
30365,1
30366,4
30367,3
30368,4
30369,1
30370,1
30371,1
30372,3
30373,2
30374,4
30375,3
30376,5
30377,3
30378,1
30379,1
30380,5
30381,5
30382,1
30383,1
30384,3
30385,4
30386,1
30387,4
30388,3
30389,1
30390,4
30391,1
30392,1
30393,2
30394,1
30395,3
30396,4
30397,1
30398,4
30399,1
30400,3
30401,1
30402,3
30403,2
30404,3
30405,1
30406,5
30407,2
30408,3
30409,5
30410,2
30411,5
30412,1
30413,5
30414,4
30415,1
30416,2
30417,4
30418,1
30419,4
30420,2
30421,5
30422,3
30423,1
30424,1
30425,5
30426,4
30427,3
30428,5
30429,2
30430,5
30431,4
30432,5
30433,4
30434,2
30435,5
30436,4
30437,4
30438,3
30439,5
30440,2
30441,5
30442,4
30443,1
30444,4
30445,5
30446,5
30447,4
30448,2
30449,3
30450,3
30451,1
30452,3
30453,2
30454,4
30455,2
30456,1
30457,2
30458,5
30459,1
30460,4
30461,1
30462,1
30463,1
30464,2
30465,3
30466,5
30467,4
30468,2
30469,4
30470,5
30471,3
30472,4
30473,5
30474,3
30475,3
30476,2
30477,3
30478,4
30479,1
30480,5
30481,4
30482,3
30483,1
30484,2
30485,3
30486,2
30487,2
30488,4
30489,5
30490,1
30491,4
30492,3
30493,2
30494,2
30495,1
30496,5
30497,5
30498,4
30499,5
30500,5
30501,2
30502,2
30503,5
30504,3
30505,2
30506,3
30507,5
30508,3
30509,4
30510,2
30511,3
30512,1
30513,3
30514,3
30515,4
30516,1
30517,3
30518,3
30519,2
30520,4
30521,3
30522,4
30523,2
30524,5
30525,2
30526,4
30527,3
30528,2
30529,4
30530,1
30531,1
30532,4
30533,1
30534,1
30535,3
30536,3
30537,5
30538,4
30539,4
30540,1
30541,5
30542,2
30543,3
30544,2
30545,5
30546,4
30547,1
30548,3
30549,3
30550,2
30551,5
30552,5
30553,3
30554,1
30555,3
30556,5
30557,4
30558,3
30559,1
30560,2
30561,2
30562,2
30563,2
30564,1
30565,2
30566,4
30567,4
30568,4
30569,1
30570,3
30571,4
30572,3
30573,5
30574,5
30575,2
30576,2
30577,1
30578,3
30579,4
30580,1
30581,5
30582,1
30583,1
30584,4
30585,3
30586,5
30587,5
30588,2
30589,3
30590,3
30591,4
30592,4
30593,3
30594,3
30595,4
30596,4
30597,2
30598,5
30599,3
30600,2
30601,2
30602,2
30603,3
30604,1
30605,2
30606,5
30607,1
30608,2
30609,1
30610,3
30611,2
30612,4
30613,3
30614,3
30615,3
30616,4
30617,5
30618,2
30619,3
30620,1
30621,5
30622,1
30623,5
30624,2
30625,5
30626,5
30627,1
30628,4
30629,5
30630,2
30631,2
30632,2
30633,4
30634,2
30635,3
30636,1
30637,1
30638,3
30639,5
30640,5
30641,3
30642,3
30643,3
30644,4
30645,5
30646,5
30647,5
30648,1
30649,2
30650,4
30651,4
30652,4
30653,2
30654,3
30655,4
30656,4
30657,5
30658,5
30659,3
30660,4
30661,4
30662,3
30663,4
30664,3
30665,5
30666,3
30667,2
30668,3
30669,1
30670,5
30671,4
30672,1
30673,4
30674,3
30675,4
30676,3
30677,2
30678,5
30679,3
30680,4
30681,4
30682,1
30683,2
30684,5
30685,4
30686,4
30687,1
30688,5
30689,1
30690,1
30691,1
30692,3
30693,5
30694,3
30695,4
30696,3
30697,2
30698,2
30699,1
30700,2
30701,2
30702,3
30703,3
30704,1
30705,5
30706,4
30707,1
30708,5
30709,2
30710,4
30711,2
30712,5
30713,1
30714,3
30715,5
30716,1
30717,4
30718,5
30719,1
30720,5
30721,2
30722,3
30723,2
30724,1
30725,1
30726,4
30727,1
30728,4
30729,2
30730,3
30731,3
30732,3
30733,5
30734,2
30735,5
30736,5
30737,5
30738,3
30739,1
30740,1
30741,1
30742,3
30743,5
30744,2
30745,1
30746,3
30747,2
30748,4
30749,3
30750,1
30751,5
30752,4
30753,3
30754,2
30755,3
30756,3
30757,4
30758,2
30759,3
30760,5
30761,4
30762,3
30763,1
30764,1
30765,4
30766,1
30767,3
30768,3
30769,4
30770,1
30771,2
30772,2
30773,4
30774,2
30775,4
30776,1
30777,2
30778,1
30779,3
30780,1
30781,3
30782,2
30783,4
30784,3
30785,4
30786,5
30787,1
30788,4
30789,2
30790,5
30791,5
30792,3
30793,5
30794,4
30795,4
30796,2
30797,5
30798,5
30799,4
30800,4
30801,4
30802,3
30803,3
30804,5
30805,3
30806,1
30807,1
30808,2
30809,5
30810,3
30811,5
30812,3
30813,1
30814,5
30815,4
30816,5
30817,3
30818,1
30819,5
30820,3
30821,5
30822,1
30823,2
30824,2
30825,2
30826,5
30827,1
30828,3
30829,2
30830,1
30831,3
30832,2
30833,2
30834,5
30835,4
30836,2
30837,2
30838,1
30839,4
30840,1
30841,2
30842,1
30843,1
30844,2
30845,4
30846,3
30847,1
30848,5
30849,3
30850,1
30851,5
30852,1
30853,4
30854,5
30855,2
30856,2
30857,5
30858,3
30859,2
30860,3
30861,5
30862,5
30863,1
30864,5
30865,2
30866,1
30867,5
30868,1
30869,5
30870,4
30871,2
30872,5
30873,2
30874,2
30875,5
30876,4
30877,1
30878,5
30879,4
30880,3
30881,3
30882,3
30883,5
30884,4
30885,3
30886,1
30887,3
30888,4
30889,5
30890,3
30891,5
30892,3
30893,2
30894,3
30895,4
30896,5
30897,3
30898,2
30899,3
30900,3
30901,1
30902,2
30903,4
30904,4
30905,2
30906,5
30907,4
30908,5
30909,2
30910,5
30911,3
30912,5
30913,3
30914,5
30915,4
30916,1
30917,4
30918,4
30919,5
30920,4
30921,5
30922,4
30923,5
30924,2
30925,4
30926,5
30927,4
30928,3
30929,5
30930,5
30931,2
30932,4
30933,2
30934,4
30935,3
30936,4
30937,4
30938,4
30939,5
30940,3
30941,3
30942,5
30943,2
30944,1
30945,2
30946,1
30947,5
30948,3
30949,3
30950,5
30951,2
30952,3
30953,1
30954,2
30955,1
30956,4
30957,2
30958,5
30959,2
30960,1
30961,1
30962,4
30963,4
30964,2
30965,5
30966,3
30967,3
30968,4
30969,4
30970,1
30971,5
30972,1
30973,2
30974,2
30975,1
30976,3
30977,5
30978,5
30979,2
30980,2
30981,4
30982,4
30983,4
30984,4
30985,3
30986,1
30987,3
30988,3
30989,2
30990,5
30991,2
30992,1
30993,2
30994,4
30995,5
30996,3
30997,2
30998,4
30999,3
31000,3
31001,1
31002,1
31003,5
31004,5
31005,4
31006,5
31007,4
31008,3
31009,3
31010,1
31011,4
31012,4
31013,4
31014,1
31015,2
31016,4
31017,4
31018,1
31019,3
31020,5
31021,3
31022,5
31023,5
31024,2
31025,2
31026,3
31027,5
31028,3
31029,2
31030,4
31031,2
31032,5
31033,4
31034,5
31035,3
31036,2
31037,1
31038,1
31039,5
31040,5
31041,5
31042,3
31043,2
31044,3
31045,5
31046,4
31047,3
31048,2
31049,3
31050,5
31051,3
31052,3
31053,2
31054,4
31055,5
31056,3
31057,3
31058,1
31059,4
31060,2
31061,1
31062,4
31063,4
31064,1
31065,1
31066,3
31067,4
31068,3
31069,5
31070,1
31071,3
31072,5
31073,2
31074,5
31075,5
31076,2
31077,5
31078,2
31079,5
31080,2
31081,2
31082,5
31083,1
31084,4
31085,3
31086,5
31087,3
31088,4
31089,5
31090,4
31091,1
31092,1
31093,4
31094,1
31095,2
31096,3
31097,1
31098,4
31099,4
31100,1
31101,3
31102,2
31103,4
31104,5
31105,4
31106,1
31107,2
31108,4
31109,1
31110,2
31111,3
31112,2
31113,5
31114,1
31115,3
31116,4
31117,5
31118,1
31119,3
31120,4
31121,1
31122,2
31123,4
31124,1
31125,5
31126,3
31127,1
31128,5
31129,1
31130,4
31131,4
31132,1
31133,5
31134,2
31135,4
31136,2
31137,1
31138,5
31139,2
31140,1
31141,5
31142,3
31143,5
31144,2
31145,3
31146,3
31147,3
31148,3
31149,5
31150,4
31151,2
31152,2
31153,3
31154,5
31155,5
31156,1
31157,3
31158,5
31159,5
31160,2
31161,3
31162,5
31163,5
31164,4
31165,4
31166,3
31167,4
31168,1
31169,3
31170,5
31171,5
31172,2
31173,3
31174,3
31175,4
31176,2
31177,5
31178,5
31179,5
31180,2
31181,4
31182,2
31183,5
31184,4
31185,3
31186,3
31187,2
31188,2
31189,1
31190,5
31191,4
31192,4
31193,3
31194,1
31195,1
31196,4
31197,2
31198,5
31199,1
31200,2
31201,5
31202,2
31203,5
31204,4
31205,3
31206,2
31207,2
31208,3
31209,5
31210,3
31211,3
31212,4
31213,4
31214,3
31215,3
31216,5
31217,4
31218,1
31219,4
31220,3
31221,4
31222,4
31223,3
31224,2
31225,5
31226,1
31227,4
31228,1
31229,1
31230,1
31231,4
31232,3
31233,4
31234,4
31235,2
31236,2
31237,1
31238,5
31239,3
31240,1
31241,2
31242,1
31243,1
31244,5
31245,3
31246,4
31247,1
31248,4
31249,1
31250,5
31251,4
31252,4
31253,2
31254,2
31255,5
31256,3
31257,4
31258,3
31259,2
31260,2
31261,5
31262,1
31263,3
31264,2
31265,3
31266,1
31267,1
31268,4
31269,3
31270,4
31271,4
31272,3
31273,5
31274,3
31275,2
31276,2
31277,4
31278,3
31279,1
31280,5
31281,5
31282,4
31283,2
31284,4
31285,5
31286,1
31287,5
31288,3
31289,4
31290,3
31291,4
31292,1
31293,2
31294,3
31295,1
31296,1
31297,5
31298,4
31299,1
31300,5
31301,5
31302,5
31303,4
31304,1
31305,3
31306,3
31307,2
31308,1
31309,3
31310,4
31311,4
31312,2
31313,1
31314,5
31315,4
31316,5
31317,4
31318,1
31319,1
31320,2
31321,3
31322,3
31323,5
31324,3
31325,2
31326,3
31327,1
31328,4
31329,2
31330,1
31331,3
31332,5
31333,1
31334,4
31335,4
31336,1
31337,4
31338,5
31339,1
31340,3
31341,2
31342,3
31343,5
31344,4
31345,2
31346,1
31347,1
31348,5
31349,5
31350,4
31351,4
31352,1
31353,5
31354,5
31355,3
31356,2
31357,2
31358,4
31359,5
31360,2
31361,5
31362,2
31363,1
31364,1
31365,2
31366,4
31367,4
31368,5
31369,2
31370,1
31371,3
31372,5
31373,5
31374,4
31375,3
31376,4
31377,2
31378,2
31379,1
31380,5
31381,2
31382,3
31383,3
31384,5
31385,3
31386,5
31387,1
31388,2
31389,2
31390,4
31391,4
31392,2
31393,2
31394,2
31395,3
31396,3
31397,1
31398,5
31399,1
31400,5
31401,5
31402,2
31403,3
31404,1
31405,3
31406,1
31407,3
31408,3
31409,2
31410,4
31411,4
31412,1
31413,3
31414,4
31415,5
31416,3
31417,1
31418,1
31419,5
31420,5
31421,4
31422,4
31423,1
31424,3
31425,3
31426,3
31427,1
31428,4
31429,4
31430,3
31431,5
31432,4
31433,3
31434,5
31435,2
31436,2
31437,3
31438,2
31439,2
31440,3
31441,4
31442,4
31443,1
31444,1
31445,3
31446,5
31447,5
31448,1
31449,5
31450,4
31451,3
31452,2
31453,3
31454,3
31455,3
31456,1
31457,5
31458,4
31459,3
31460,5
31461,3
31462,4
31463,3
31464,3
31465,5
31466,3
31467,3
31468,3
31469,2
31470,5
31471,1
31472,1
31473,4
31474,2
31475,5
31476,4
31477,4
31478,1
31479,2
31480,3
31481,3
31482,5
31483,3
31484,2
31485,4
31486,2
31487,5
31488,5
31489,3
31490,2
31491,2
31492,2
31493,1
31494,4
31495,1
31496,3
31497,4
31498,4
31499,1
31500,2
31501,4
31502,3
31503,3
31504,4
31505,5
31506,1
31507,2
31508,1
31509,3
31510,2
31511,5
31512,4
31513,5
31514,1
31515,3
31516,3
31517,4
31518,5
31519,4
31520,1
31521,2
31522,1
31523,5
31524,4
31525,3
31526,4
31527,5
31528,3
31529,3
31530,5
31531,5
31532,1
31533,3
31534,3
31535,4
31536,4
31537,3
31538,4
31539,3
31540,5
31541,3
31542,5
31543,3
31544,1
31545,5
31546,4
31547,1
31548,1
31549,3
31550,3
31551,3
31552,1
31553,1
31554,3
31555,3
31556,1
31557,5
31558,5
31559,1
31560,4
31561,1
31562,4
31563,5
31564,3
31565,5
31566,4
31567,1
31568,5
31569,5
31570,4
31571,1
31572,3
31573,3
31574,2
31575,5
31576,4
31577,5
31578,2
31579,5
31580,5
31581,3
31582,2
31583,5
31584,2
31585,4
31586,3
31587,1
31588,5
31589,4
31590,1
31591,4
31592,5
31593,1
31594,4
31595,2
31596,3
31597,5
31598,1
31599,1
31600,3
31601,1
31602,3
31603,2
31604,1
31605,4
31606,3
31607,3
31608,3
31609,2
31610,3
31611,3
31612,1
31613,1
31614,5
31615,2
31616,1
31617,1
31618,4
31619,5
31620,1
31621,3
31622,2
31623,2
31624,2
31625,1
31626,1
31627,2
31628,4
31629,2
31630,2
31631,1
31632,5
31633,4
31634,4
31635,3
31636,1
31637,5
31638,5
31639,1
31640,1
31641,4
31642,2
31643,1
31644,1
31645,3
31646,4
31647,2
31648,4
31649,2
31650,1
31651,1
31652,1
31653,3
31654,2
31655,5
31656,3
31657,5
31658,5
31659,3
31660,2
31661,3
31662,5
31663,3
31664,2
31665,2
31666,2
31667,4
31668,1
31669,1
31670,2
31671,1
31672,3
31673,2
31674,4
31675,2
31676,3
31677,2
31678,3
31679,1
31680,4
31681,1
31682,2
31683,3
31684,1
31685,1
31686,5
31687,5
31688,4
31689,3
31690,4
31691,2
31692,4
31693,2
31694,5
31695,5
31696,4
31697,2
31698,2
31699,1
31700,1
31701,2
31702,5
31703,2
31704,1
31705,2
31706,1
31707,4
31708,3
31709,1
31710,4
31711,4
31712,1
31713,5
31714,3
31715,3
31716,2
31717,3
31718,3
31719,4
31720,4
31721,5
31722,4
31723,5
31724,1
31725,1
31726,3
31727,3
31728,2
31729,2
31730,2
31731,1
31732,1
31733,1
31734,1
31735,1
31736,1
31737,2
31738,2
31739,1
31740,2
31741,1
31742,3
31743,5
31744,3
31745,4
31746,5
31747,5
31748,3
31749,2
31750,5
31751,3
31752,1
31753,2
31754,5
31755,4
31756,2
31757,3
31758,2
31759,5
31760,3
31761,3
31762,2
31763,4
31764,4
31765,4
31766,1
31767,4
31768,2
31769,1
31770,4
31771,4
31772,4
31773,1
31774,5
31775,1
31776,2
31777,3
31778,5
31779,4
31780,1
31781,5
31782,2
31783,2
31784,1
31785,4
31786,2
31787,2
31788,2
31789,1
31790,4
31791,1
31792,5
31793,5
31794,5
31795,2
31796,1
31797,3
31798,5
31799,1
31800,1
31801,3
31802,1
31803,4
31804,4
31805,5
31806,5
31807,3
31808,1
31809,4
31810,5
31811,2
31812,1
31813,1
31814,5
31815,3
31816,1
31817,4
31818,5
31819,2
31820,3
31821,1
31822,5
31823,3
31824,5
31825,4
31826,4
31827,5
31828,5
31829,5
31830,1
31831,1
31832,5
31833,2
31834,4
31835,3
31836,4
31837,2
31838,3
31839,4
31840,3
31841,3
31842,2
31843,2
31844,1
31845,4
31846,3
31847,3
31848,5
31849,5
31850,4
31851,5
31852,1
31853,2
31854,2
31855,5
31856,1
31857,1
31858,1
31859,1
31860,2
31861,2
31862,2
31863,3
31864,1
31865,4
31866,5
31867,2
31868,5
31869,5
31870,1
31871,3
31872,4
31873,3
31874,5
31875,4
31876,4
31877,2
31878,2
31879,2
31880,4
31881,1
31882,5
31883,4
31884,1
31885,4
31886,3
31887,4
31888,4
31889,5
31890,2
31891,1
31892,2
31893,3
31894,5
31895,5
31896,2
31897,3
31898,5
31899,2
31900,2
31901,1
31902,3
31903,4
31904,1
31905,5
31906,4
31907,3
31908,3
31909,4
31910,1
31911,5
31912,1
31913,4
31914,3
31915,2
31916,3
31917,3
31918,5
31919,2
31920,4
31921,3
31922,1
31923,5
31924,3
31925,1
31926,3
31927,2
31928,2
31929,3
31930,4
31931,5
31932,4
31933,3
31934,1
31935,3
31936,1
31937,5
31938,4
31939,1
31940,5
31941,4
31942,3
31943,4
31944,1
31945,1
31946,4
31947,1
31948,5
31949,3
31950,2
31951,3
31952,2
31953,4
31954,1
31955,2
31956,3
31957,4
31958,5
31959,3
31960,5
31961,1
31962,4
31963,4
31964,1
31965,1
31966,3
31967,5
31968,4
31969,3
31970,4
31971,3
31972,4
31973,1
31974,2
31975,5
31976,4
31977,2
31978,5
31979,4
31980,2
31981,1
31982,3
31983,5
31984,4
31985,4
31986,4
31987,2
31988,4
31989,5
31990,2
31991,3
31992,1
31993,2
31994,4
31995,3
31996,5
31997,3
31998,5
31999,3
32000,1
32001,1
32002,2
32003,1
32004,5
32005,3
32006,1
32007,3
32008,3
32009,1
32010,2
32011,2
32012,2
32013,4
32014,1
32015,5
32016,3
32017,2
32018,4
32019,4
32020,5
32021,5
32022,2
32023,2
32024,1
32025,2
32026,2
32027,5
32028,2
32029,3
32030,1
32031,1
32032,1
32033,1
32034,3
32035,3
32036,3
32037,2
32038,4
32039,5
32040,4
32041,4
32042,4
32043,5
32044,5
32045,2
32046,5
32047,4
32048,2
32049,4
32050,4
32051,3
32052,1
32053,3
32054,2
32055,1
32056,2
32057,2
32058,2
32059,4
32060,2
32061,3
32062,1
32063,4
32064,3
32065,2
32066,1
32067,5
32068,2
32069,1
32070,1
32071,2
32072,5
32073,3
32074,2
32075,5
32076,2
32077,5
32078,5
32079,4
32080,1
32081,1
32082,1
32083,3
32084,2
32085,1
32086,2
32087,4
32088,3
32089,2
32090,3
32091,1
32092,5
32093,2
32094,1
32095,5
32096,5
32097,2
32098,3
32099,1
32100,3
32101,3
32102,3
32103,3
32104,3
32105,5
32106,4
32107,4
32108,5
32109,2
32110,3
32111,3
32112,4
32113,4
32114,3
32115,3
32116,2
32117,4
32118,5
32119,2
32120,1
32121,4
32122,5
32123,3
32124,2
32125,2
32126,3
32127,1
32128,2
32129,3
32130,5
32131,5
32132,2
32133,3
32134,5
32135,3
32136,3
32137,4
32138,3
32139,2
32140,5
32141,5
32142,1
32143,4
32144,3
32145,1
32146,1
32147,1
32148,1
32149,2
32150,3
32151,5
32152,3
32153,1
32154,4
32155,5
32156,4
32157,3
32158,3
32159,4
32160,1
32161,1
32162,3
32163,1
32164,1
32165,2
32166,1
32167,4
32168,5
32169,1
32170,5
32171,3
32172,3
32173,2
32174,3
32175,1
32176,5
32177,1
32178,5
32179,5
32180,4
32181,4
32182,5
32183,1
32184,4
32185,3
32186,3
32187,4
32188,4
32189,3
32190,1
32191,4
32192,2
32193,1
32194,1
32195,2
32196,4
32197,1
32198,1
32199,5
32200,1
32201,4
32202,2
32203,2
32204,2
32205,3
32206,3
32207,5
32208,4
32209,1
32210,2
32211,1
32212,1
32213,2
32214,1
32215,3
32216,4
32217,5
32218,2
32219,2
32220,2
32221,4
32222,4
32223,4
32224,2
32225,5
32226,4
32227,2
32228,5
32229,1
32230,4
32231,5
32232,1
32233,4
32234,1
32235,5
32236,1
32237,2
32238,3
32239,3
32240,5
32241,1
32242,2
32243,1
32244,1
32245,5
32246,2
32247,3
32248,1
32249,5
32250,2
32251,3
32252,2
32253,5
32254,4
32255,2
32256,1
32257,5
32258,5
32259,4
32260,4
32261,3
32262,2
32263,4
32264,5
32265,5
32266,4
32267,1
32268,3
32269,3
32270,2
32271,3
32272,5
32273,5
32274,3
32275,3
32276,4
32277,5
32278,1
32279,4
32280,4
32281,3
32282,1
32283,1
32284,3
32285,1
32286,1
32287,3
32288,3
32289,4
32290,3
32291,3
32292,5
32293,5
32294,3
32295,2
32296,1
32297,1
32298,3
32299,5
32300,4
32301,1
32302,3
32303,5
32304,3
32305,2
32306,4
32307,3
32308,2
32309,4
32310,5
32311,1
32312,1
32313,5
32314,4
32315,5
32316,2
32317,4
32318,5
32319,2
32320,3
32321,4
32322,2
32323,1
32324,5
32325,3
32326,5
32327,2
32328,1
32329,5
32330,3
32331,2
32332,1
32333,1
32334,2
32335,5
32336,5
32337,4
32338,5
32339,1
32340,5
32341,1
32342,5
32343,4
32344,5
32345,3
32346,5
32347,4
32348,5
32349,3
32350,3
32351,3
32352,3
32353,5
32354,1
32355,4
32356,3
32357,3
32358,2
32359,5
32360,2
32361,1
32362,4
32363,1
32364,1
32365,1
32366,2
32367,3
32368,2
32369,2
32370,2
32371,4
32372,1
32373,5
32374,4
32375,5
32376,2
32377,2
32378,5
32379,5
32380,3
32381,3
32382,2
32383,3
32384,4
32385,4
32386,2
32387,3
32388,5
32389,2
32390,5
32391,4
32392,1
32393,3
32394,3
32395,5
32396,1
32397,5
32398,3
32399,2
32400,3
32401,4
32402,1
32403,2
32404,4
32405,1
32406,2
32407,1
32408,1
32409,3
32410,2
32411,1
32412,3
32413,4
32414,1
32415,4
32416,2
32417,2
32418,2
32419,3
32420,5
32421,1
32422,5
32423,1
32424,2
32425,2
32426,2
32427,5
32428,2
32429,3
32430,2
32431,5
32432,1
32433,5
32434,4
32435,4
32436,4
32437,4
32438,3
32439,4
32440,1
32441,5
32442,4
32443,5
32444,3
32445,3
32446,1
32447,4
32448,5
32449,1
32450,4
32451,5
32452,5
32453,5
32454,5
32455,4
32456,3
32457,1
32458,4
32459,3
32460,2
32461,5
32462,2
32463,2
32464,2
32465,1
32466,4
32467,1
32468,4
32469,1
32470,1
32471,4
32472,1
32473,5
32474,1
32475,5
32476,5
32477,5
32478,4
32479,5
32480,1
32481,2
32482,3
32483,2
32484,4
32485,4
32486,1
32487,4
32488,1
32489,1
32490,4
32491,2
32492,3
32493,4
32494,3
32495,2
32496,4
32497,1
32498,3
32499,5
32500,1
32501,3
32502,1
32503,2
32504,2
32505,4
32506,1
32507,1
32508,5
32509,4
32510,4
32511,4
32512,5
32513,4
32514,1
32515,5
32516,1
32517,3
32518,2
32519,5
32520,5
32521,1
32522,5
32523,1
32524,4
32525,1
32526,4
32527,3
32528,3
32529,3
32530,3
32531,3
32532,1
32533,5
32534,3
32535,1
32536,1
32537,4
32538,1
32539,3
32540,4
32541,3
32542,4
32543,5
32544,3
32545,5
32546,3
32547,2
32548,5
32549,5
32550,2
32551,5
32552,4
32553,2
32554,1
32555,3
32556,3
32557,3
32558,5
32559,2
32560,1
32561,5
32562,4
32563,5
32564,3
32565,5
32566,4
32567,1
32568,2
32569,3
32570,1
32571,3
32572,5
32573,5
32574,1
32575,4
32576,5
32577,4
32578,1
32579,5
32580,5
32581,4
32582,5
32583,3
32584,3
32585,1
32586,4
32587,5
32588,4
32589,5
32590,3
32591,5
32592,4
32593,4
32594,4
32595,1
32596,3
32597,5
32598,4
32599,1
32600,3
32601,2
32602,5
32603,2
32604,1
32605,3
32606,5
32607,1
32608,1
32609,4
32610,3
32611,4
32612,5
32613,3
32614,4
32615,2
32616,1
32617,2
32618,5
32619,3
32620,5
32621,1
32622,2
32623,2
32624,4
32625,1
32626,5
32627,4
32628,5
32629,2
32630,2
32631,4
32632,3
32633,2
32634,5
32635,2
32636,1
32637,1
32638,3
32639,3
32640,5
32641,1
32642,1
32643,3
32644,1
32645,4
32646,2
32647,4
32648,3
32649,3
32650,3
32651,3
32652,5
32653,3
32654,1
32655,2
32656,2
32657,1
32658,5
32659,3
32660,1
32661,4
32662,1
32663,2
32664,2
32665,2
32666,1
32667,1
32668,5
32669,5
32670,1
32671,5
32672,4
32673,5
32674,1
32675,2
32676,3
32677,3
32678,1
32679,1
32680,5
32681,1
32682,5
32683,2
32684,2
32685,3
32686,2
32687,3
32688,5
32689,5
32690,2
32691,5
32692,4
32693,1
32694,4
32695,1
32696,4
32697,5
32698,3
32699,5
32700,3
32701,3
32702,2
32703,5
32704,5
32705,3
32706,3
32707,2
32708,5
32709,5
32710,5
32711,2
32712,2
32713,2
32714,2
32715,2
32716,1
32717,2
32718,2
32719,3
32720,3
32721,1
32722,4
32723,3
32724,1
32725,5
32726,5
32727,4
32728,5
32729,4
32730,5
32731,3
32732,2
32733,2
32734,1
32735,4
32736,3
32737,5
32738,5
32739,5
32740,4
32741,5
32742,5
32743,2
32744,1
32745,4
32746,3
32747,5
32748,4
32749,2
32750,5
32751,2
32752,1
32753,2
32754,5
32755,2
32756,2
32757,2
32758,1
32759,5
32760,1
32761,3
32762,1
32763,5
32764,2
32765,1
32766,1
32767,2
32768,5
32769,1
32770,4
32771,4
32772,1
32773,4
32774,1
32775,4
32776,4
32777,3
32778,2
32779,5
32780,2
32781,2
32782,1
32783,3
32784,4
32785,2
32786,1
32787,5
32788,5
32789,2
32790,5
32791,3
32792,5
32793,5
32794,1
32795,3
32796,1
32797,1
32798,1
32799,1
32800,5
32801,3
32802,3
32803,1
32804,4
32805,1
32806,3
32807,1
32808,3
32809,5
32810,4
32811,3
32812,3
32813,2
32814,1
32815,5
32816,3
32817,2
32818,3
32819,2
32820,1
32821,1
32822,1
32823,5
32824,1
32825,4
32826,1
32827,2
32828,4
32829,2
32830,4
32831,4
32832,3
32833,4
32834,4
32835,2
32836,1
32837,3
32838,5
32839,4
32840,4
32841,2
32842,1
32843,5
32844,3
32845,2
32846,5
32847,5
32848,3
32849,1
32850,5
32851,3
32852,3
32853,3
32854,1
32855,5
32856,4
32857,4
32858,5
32859,3
32860,1
32861,2
32862,5
32863,2
32864,4
32865,4
32866,4
32867,2
32868,4
32869,5
32870,3
32871,1
32872,5
32873,4
32874,1
32875,2
32876,3
32877,5
32878,3
32879,5
32880,2
32881,1
32882,5
32883,2
32884,1
32885,4
32886,4
32887,1
32888,2
32889,2
32890,1
32891,3
32892,5
32893,1
32894,4
32895,5
32896,4
32897,4
32898,2
32899,2
32900,5
32901,3
32902,4
32903,2
32904,1
32905,4
32906,3
32907,2
32908,2
32909,5
32910,5
32911,4
32912,1
32913,4
32914,1
32915,2
32916,2
32917,2
32918,4
32919,1
32920,5
32921,1
32922,2
32923,4
32924,2
32925,5
32926,3
32927,1
32928,3
32929,3
32930,2
32931,1
32932,5
32933,5
32934,5
32935,5
32936,1
32937,2
32938,5
32939,3
32940,3
32941,3
32942,3
32943,1
32944,4
32945,1
32946,2
32947,1
32948,4
32949,5
32950,3
32951,4
32952,5
32953,1
32954,2
32955,1
32956,3
32957,1
32958,3
32959,3
32960,5
32961,2
32962,2
32963,3
32964,1
32965,2
32966,2
32967,1
32968,1
32969,4
32970,3
32971,5
32972,1
32973,2
32974,3
32975,3
32976,2
32977,1
32978,5
32979,5
32980,4
32981,4
32982,5
32983,5
32984,3
32985,4
32986,5
32987,4
32988,5
32989,2
32990,1
32991,1
32992,4
32993,1
32994,4
32995,5
32996,2
32997,1
32998,4
32999,4
33000,2
33001,2
33002,2
33003,2
33004,1
33005,2
33006,4
33007,4
33008,3
33009,3
33010,5
33011,5
33012,1
33013,1
33014,1
33015,3
33016,2
33017,4
33018,5
33019,5
33020,2
33021,1
33022,2
33023,1
33024,2
33025,2
33026,4
33027,4
33028,5
33029,5
33030,1
33031,4
33032,1
33033,4
33034,2
33035,5
33036,4
33037,4
33038,3
33039,2
33040,4
33041,4
33042,4
33043,2
33044,3
33045,4
33046,4
33047,1
33048,4
33049,3
33050,4
33051,2
33052,3
33053,2
33054,1
33055,2
33056,1
33057,5
33058,5
33059,3
33060,4
33061,5
33062,2
33063,4
33064,2
33065,4
33066,2
33067,5
33068,3
33069,3
33070,2
33071,1
33072,1
33073,3
33074,4
33075,5
33076,2
33077,5
33078,5
33079,4
33080,5
33081,3
33082,1
33083,1
33084,5
33085,5
33086,4
33087,5
33088,3
33089,1
33090,2
33091,5
33092,2
33093,4
33094,3
33095,3
33096,3
33097,5
33098,1
33099,1
33100,2
33101,4
33102,5
33103,5
33104,3
33105,5
33106,2
33107,2
33108,4
33109,2
33110,1
33111,2
33112,2
33113,5
33114,2
33115,2
33116,1
33117,3
33118,4
33119,2
33120,2
33121,3
33122,4
33123,4
33124,5
33125,3
33126,2
33127,2
33128,5
33129,1
33130,3
33131,1
33132,2
33133,4
33134,1
33135,4
33136,4
33137,4
33138,1
33139,3
33140,4
33141,4
33142,4
33143,5
33144,2
33145,3
33146,5
33147,4
33148,4
33149,4
33150,2
33151,2
33152,2
33153,1
33154,4
33155,1
33156,5
33157,3
33158,3
33159,5
33160,2
33161,1
33162,5
33163,5
33164,4
33165,4
33166,3
33167,3
33168,2
33169,2
33170,4
33171,4
33172,2
33173,2
33174,4
33175,5
33176,5
33177,5
33178,2
33179,4
33180,3
33181,3
33182,2
33183,3
33184,1
33185,3
33186,2
33187,3
33188,1
33189,1
33190,1
33191,4
33192,4
33193,4
33194,3
33195,3
33196,3
33197,2
33198,2
33199,1
33200,4
33201,3
33202,2
33203,3
33204,1
33205,1
33206,1
33207,3
33208,1
33209,3
33210,2
33211,5
33212,5
33213,4
33214,4
33215,2
33216,5
33217,4
33218,5
33219,2
33220,3
33221,5
33222,2
33223,1
33224,5
33225,1
33226,1
33227,4
33228,5
33229,4
33230,5
33231,2
33232,3
33233,1
33234,5
33235,2
33236,5
33237,1
33238,1
33239,5
33240,4
33241,5
33242,4
33243,5
33244,1
33245,1
33246,5
33247,5
33248,1
33249,1
33250,1
33251,4
33252,5
33253,1
33254,5
33255,3
33256,5
33257,3
33258,5
33259,4
33260,4
33261,4
33262,2
33263,3
33264,5
33265,1
33266,3
33267,5
33268,2
33269,1
33270,1
33271,1
33272,1
33273,3
33274,3
33275,1
33276,2
33277,1
33278,2
33279,3
33280,2
33281,5
33282,4
33283,5
33284,3
33285,4
33286,1
33287,1
33288,2
33289,2
33290,1
33291,5
33292,5
33293,4
33294,4
33295,4
33296,3
33297,1
33298,5
33299,1
33300,2
33301,1
33302,1
33303,2
33304,2
33305,5
33306,3
33307,1
33308,1
33309,5
33310,2
33311,1
33312,2
33313,1
33314,4
33315,5
33316,1
33317,5
33318,4
33319,2
33320,5
33321,4
33322,2
33323,3
33324,1
33325,3
33326,3
33327,2
33328,4
33329,1
33330,1
33331,1
33332,4
33333,1
33334,5
33335,4
33336,3
33337,3
33338,4
33339,4
33340,3
33341,5
33342,2
33343,2
33344,3
33345,1
33346,2
33347,5
33348,3
33349,3
33350,1
33351,1
33352,3
33353,2
33354,2
33355,1
33356,3
33357,3
33358,3
33359,3
33360,5
33361,1
33362,4
33363,1
33364,5
33365,5
33366,4
33367,3
33368,5
33369,4
33370,2
33371,4
33372,1
33373,5
33374,3
33375,4
33376,1
33377,4
33378,3
33379,1
33380,1
33381,1
33382,3
33383,3
33384,1
33385,2
33386,4
33387,2
33388,2
33389,3
33390,5
33391,1
33392,4
33393,2
33394,5
33395,5
33396,2
33397,1
33398,3
33399,2
33400,2
33401,1
33402,1
33403,1
33404,2
33405,1
33406,2
33407,3
33408,1
33409,2
33410,1
33411,3
33412,3
33413,5
33414,5
33415,5
33416,5
33417,2
33418,4
33419,2
33420,3
33421,4
33422,5
33423,5
33424,1
33425,2
33426,1
33427,3
33428,5
33429,1
33430,4
33431,5
33432,2
33433,1
33434,2
33435,5
33436,4
33437,5
33438,3
33439,3
33440,3
33441,4
33442,1
33443,5
33444,3
33445,4
33446,4
33447,3
33448,2
33449,3
33450,4
33451,2
33452,1
33453,3
33454,3
33455,4
33456,1
33457,1
33458,3
33459,4
33460,3
33461,3
33462,2
33463,5
33464,1
33465,3
33466,2
33467,1
33468,4
33469,5
33470,2
33471,3
33472,1
33473,3
33474,5
33475,4
33476,4
33477,5
33478,4
33479,1
33480,2
33481,4
33482,4
33483,3
33484,2
33485,5
33486,1
33487,2
33488,1
33489,5
33490,1
33491,2
33492,2
33493,2
33494,5
33495,5
33496,5
33497,5
33498,3
33499,3
33500,1
33501,5
33502,4
33503,4
33504,5
33505,4
33506,2
33507,5
33508,1
33509,1
33510,5
33511,3
33512,5
33513,5
33514,5
33515,4
33516,4
33517,4
33518,4
33519,3
33520,3
33521,4
33522,5
33523,2
33524,1
33525,1
33526,1
33527,1
33528,4
33529,3
33530,4
33531,3
33532,3
33533,5
33534,5
33535,2
33536,3
33537,4
33538,1
33539,2
33540,3
33541,3
33542,1
33543,4
33544,5
33545,3
33546,2
33547,4
33548,3
33549,4
33550,1
33551,1
33552,5
33553,5
33554,2
33555,4
33556,1
33557,1
33558,2
33559,4
33560,1
33561,4
33562,5
33563,1
33564,2
33565,2
33566,5
33567,3
33568,2
33569,2
33570,4
33571,5
33572,5
33573,2
33574,5
33575,3
33576,5
33577,1
33578,1
33579,2
33580,4
33581,2
33582,1
33583,5
33584,5
33585,1
33586,3
33587,2
33588,3
33589,4
33590,1
33591,5
33592,1
33593,2
33594,5
33595,4
33596,4
33597,2
33598,2
33599,2
33600,2
33601,2
33602,3
33603,4
33604,3
33605,5
33606,3
33607,5
33608,2
33609,3
33610,5
33611,4
33612,1
33613,1
33614,2
33615,4
33616,3
33617,3
33618,1
33619,5
33620,3
33621,2
33622,2
33623,4
33624,1
33625,1
33626,2
33627,4
33628,5
33629,2
33630,5
33631,2
33632,4
33633,4
33634,1
33635,4
33636,3
33637,3
33638,3
33639,4
33640,3
33641,3
33642,3
33643,5
33644,4
33645,2
33646,1
33647,1
33648,3
33649,4
33650,3
33651,1
33652,3
33653,4
33654,3
33655,2
33656,5
33657,4
33658,1
33659,5
33660,5
33661,3
33662,2
33663,4
33664,3
33665,1
33666,3
33667,4
33668,1
33669,1
33670,1
33671,1
33672,5
33673,1
33674,5
33675,1
33676,5
33677,1
33678,5
33679,5
33680,4
33681,5
33682,4
33683,2
33684,2
33685,2
33686,2
33687,2
33688,3
33689,5
33690,5
33691,3
33692,3
33693,3
33694,2
33695,5
33696,3
33697,5
33698,4
33699,2
33700,4
33701,3
33702,2
33703,5
33704,2
33705,3
33706,1
33707,4
33708,1
33709,1
33710,1
33711,3
33712,3
33713,2
33714,3
33715,2
33716,1
33717,2
33718,2
33719,3
33720,2
33721,5
33722,2
33723,3
33724,5
33725,2
33726,2
33727,1
33728,4
33729,4
33730,2
33731,5
33732,1
33733,4
33734,5
33735,1
33736,5
33737,3
33738,5
33739,5
33740,4
33741,4
33742,5
33743,2
33744,5
33745,3
33746,5
33747,1
33748,1
33749,5
33750,4
33751,5
33752,4
33753,4
33754,5
33755,4
33756,2
33757,4
33758,1
33759,3
33760,2
33761,3
33762,2
33763,1
33764,5
33765,3
33766,4
33767,3
33768,2
33769,2
33770,5
33771,4
33772,3
33773,2
33774,4
33775,5
33776,2
33777,3
33778,4
33779,3
33780,4
33781,3
33782,1
33783,2
33784,5
33785,1
33786,4
33787,4
33788,1
33789,3
33790,1
33791,3
33792,1
33793,5
33794,5
33795,2
33796,1
33797,2
33798,3
33799,2
33800,3
33801,2
33802,5
33803,1
33804,4
33805,3
33806,1
33807,1
33808,4
33809,1
33810,3
33811,3
33812,4
33813,5
33814,5
33815,1
33816,1
33817,1
33818,1
33819,2
33820,1
33821,3
33822,4
33823,2
33824,2
33825,5
33826,5
33827,3
33828,3
33829,5
33830,2
33831,5
33832,4
33833,1
33834,2
33835,3
33836,1
33837,1
33838,5
33839,3
33840,2
33841,1
33842,4
33843,3
33844,4
33845,4
33846,2
33847,3
33848,4
33849,1
33850,4
33851,5
33852,5
33853,4
33854,2
33855,3
33856,1
33857,5
33858,5
33859,2
33860,4
33861,5
33862,4
33863,2
33864,4
33865,2
33866,1
33867,3
33868,5
33869,1
33870,3
33871,1
33872,3
33873,5
33874,4
33875,2
33876,1
33877,3
33878,2
33879,3
33880,3
33881,2
33882,5
33883,1
33884,5
33885,3
33886,3
33887,5
33888,4
33889,4
33890,2
33891,5
33892,3
33893,2
33894,2
33895,5
33896,2
33897,1
33898,5
33899,4
33900,5
33901,1
33902,2
33903,2
33904,5
33905,5
33906,1
33907,3
33908,5
33909,2
33910,1
33911,4
33912,5
33913,1
33914,2
33915,3
33916,4
33917,4
33918,1
33919,2
33920,5
33921,3
33922,4
33923,1
33924,3
33925,1
33926,2
33927,3
33928,2
33929,2
33930,2
33931,4
33932,1
33933,2
33934,1
33935,3
33936,5
33937,3
33938,4
33939,4
33940,5
33941,3
33942,1
33943,4
33944,1
33945,3
33946,2
33947,2
33948,1
33949,1
33950,3
33951,3
33952,2
33953,4
33954,4
33955,5
33956,1
33957,5
33958,4
33959,3
33960,3
33961,5
33962,1
33963,1
33964,5
33965,3
33966,3
33967,4
33968,4
33969,3
33970,5
33971,3
33972,4
33973,2
33974,4
33975,4
33976,4
33977,2
33978,1
33979,2
33980,2
33981,5
33982,4
33983,3
33984,4
33985,5
33986,1
33987,1
33988,2
33989,3
33990,2
33991,3
33992,4
33993,4
33994,1
33995,4
33996,3
33997,2
33998,5
33999,1
34000,5
34001,2
34002,4
34003,3
34004,5
34005,4
34006,5
34007,5
34008,5
34009,4
34010,2
34011,1
34012,1
34013,1
34014,4
34015,3
34016,5
34017,2
34018,5
34019,5
34020,4
34021,1
34022,2
34023,1
34024,1
34025,4
34026,5
34027,1
34028,2
34029,3
34030,5
34031,3
34032,3
34033,1
34034,5
34035,4
34036,2
34037,5
34038,3
34039,2
34040,3
34041,4
34042,3
34043,3
34044,1
34045,3
34046,1
34047,1
34048,4
34049,3
34050,5
34051,4
34052,2
34053,5
34054,3
34055,5
34056,4
34057,3
34058,5
34059,2
34060,3
34061,3
34062,3
34063,2
34064,5
34065,5
34066,3
34067,5
34068,1
34069,4
34070,4
34071,5
34072,5
34073,2
34074,3
34075,5
34076,1
34077,4
34078,5
34079,3
34080,4
34081,4
34082,5
34083,2
34084,4
34085,4
34086,5
34087,1
34088,4
34089,3
34090,5
34091,3
34092,4
34093,4
34094,2
34095,1
34096,3
34097,5
34098,3
34099,2
34100,1
34101,5
34102,4
34103,3
34104,3
34105,3
34106,4
34107,3
34108,3
34109,2
34110,5
34111,1
34112,2
34113,2
34114,1
34115,2
34116,5
34117,4
34118,4
34119,4
34120,5
34121,3
34122,5
34123,2
34124,5
34125,5
34126,4
34127,3
34128,5
34129,3
34130,2
34131,2
34132,5
34133,1
34134,4
34135,5
34136,5
34137,2
34138,4
34139,3
34140,2
34141,4
34142,2
34143,2
34144,5
34145,3
34146,3
34147,4
34148,4
34149,1
34150,1
34151,4
34152,3
34153,4
34154,1
34155,5
34156,3
34157,3
34158,1
34159,4
34160,5
34161,3
34162,4
34163,2
34164,1
34165,2
34166,5
34167,5
34168,3
34169,3
34170,5
34171,2
34172,2
34173,3
34174,4
34175,3
34176,3
34177,3
34178,1
34179,1
34180,1
34181,1
34182,2
34183,4
34184,5
34185,5
34186,4
34187,2
34188,2
34189,2
34190,2
34191,3
34192,1
34193,2
34194,1
34195,1
34196,2
34197,2
34198,3
34199,4
34200,5
34201,5
34202,1
34203,4
34204,2
34205,3
34206,5
34207,2
34208,4
34209,3
34210,4
34211,5
34212,5
34213,1
34214,5
34215,2
34216,3
34217,5
34218,2
34219,4
34220,1
34221,1
34222,2
34223,2
34224,1
34225,4
34226,3
34227,4
34228,5
34229,2
34230,2
34231,4
34232,2
34233,2
34234,5
34235,3
34236,4
34237,2
34238,4
34239,4
34240,1
34241,3
34242,4
34243,3
34244,2
34245,2
34246,5
34247,5
34248,4
34249,3
34250,4
34251,2
34252,5
34253,5
34254,3
34255,2
34256,4
34257,5
34258,5
34259,3
34260,3
34261,3
34262,1
34263,5
34264,1
34265,4
34266,5
34267,5
34268,1
34269,1
34270,2
34271,2
34272,1
34273,4
34274,4
34275,2
34276,3
34277,4
34278,3
34279,3
34280,5
34281,5
34282,1
34283,1
34284,2
34285,1
34286,2
34287,2
34288,4
34289,3
34290,1
34291,2
34292,3
34293,3
34294,3
34295,2
34296,3
34297,1
34298,1
34299,2
34300,1
34301,1
34302,5
34303,3
34304,3
34305,3
34306,4
34307,5
34308,3
34309,5
34310,3
34311,2
34312,5
34313,2
34314,4
34315,3
34316,5
34317,2
34318,4
34319,2
34320,3
34321,4
34322,1
34323,1
34324,1
34325,1
34326,1
34327,5
34328,4
34329,1
34330,1
34331,2
34332,4
34333,2
34334,2
34335,2
34336,3
34337,4
34338,1
34339,2
34340,3
34341,2
34342,2
34343,3
34344,5
34345,1
34346,2
34347,5
34348,3
34349,2
34350,5
34351,2
34352,5
34353,3
34354,4
34355,4
34356,2
34357,3
34358,4
34359,2
34360,5
34361,3
34362,3
34363,1
34364,3
34365,1
34366,2
34367,1
34368,4
34369,5
34370,5
34371,1
34372,4
34373,5
34374,5
34375,2
34376,4
34377,1
34378,4
34379,5
34380,5
34381,2
34382,4
34383,2
34384,5
34385,3
34386,5
34387,1
34388,3
34389,2
34390,2
34391,3
34392,4
34393,2
34394,2
34395,2
34396,2
34397,2
34398,5
34399,5
34400,5
34401,2
34402,1
34403,2
34404,4
34405,5
34406,1
34407,1
34408,2
34409,1
34410,3
34411,1
34412,3
34413,5
34414,4
34415,1
34416,5
34417,2
34418,4
34419,2
34420,4
34421,3
34422,3
34423,3
34424,4
34425,3
34426,4
34427,1
34428,1
34429,4
34430,4
34431,5
34432,4
34433,3
34434,3
34435,2
34436,1
34437,5
34438,3
34439,4
34440,1
34441,3
34442,2
34443,2
34444,2
34445,3
34446,3
34447,5
34448,4
34449,2
34450,1
34451,5
34452,1
34453,5
34454,5
34455,3
34456,5
34457,3
34458,2
34459,5
34460,1
34461,4
34462,2
34463,4
34464,2
34465,3
34466,5
34467,1
34468,5
34469,3
34470,1
34471,5
34472,3
34473,1
34474,4
34475,2
34476,3
34477,3
34478,3
34479,5
34480,2
34481,5
34482,4
34483,4
34484,2
34485,3
34486,5
34487,1
34488,1
34489,3
34490,4
34491,5
34492,2
34493,2
34494,1
34495,4
34496,2
34497,3
34498,4
34499,5
34500,5
34501,5
34502,1
34503,3
34504,2
34505,5
34506,5
34507,2
34508,4
34509,2
34510,1
34511,4
34512,2
34513,2
34514,3
34515,1
34516,2
34517,2
34518,5
34519,5
34520,1
34521,4
34522,2
34523,3
34524,3
34525,4
34526,5
34527,4
34528,1
34529,1
34530,4
34531,4
34532,3
34533,5
34534,1
34535,3
34536,4
34537,2
34538,5
34539,2
34540,4
34541,4
34542,5
34543,2
34544,3
34545,5
34546,2
34547,4
34548,3
34549,3
34550,5
34551,2
34552,4
34553,5
34554,2
34555,3
34556,3
34557,3
34558,2
34559,2
34560,2
34561,5
34562,2
34563,2
34564,1
34565,2
34566,4
34567,4
34568,5
34569,2
34570,1
34571,5
34572,5
34573,2
34574,4
34575,4
34576,4
34577,4
34578,5
34579,5
34580,1
34581,5
34582,3
34583,2
34584,4
34585,3
34586,4
34587,1
34588,4
34589,1
34590,1
34591,4
34592,1
34593,2
34594,4
34595,5
34596,1
34597,5
34598,5
34599,1
34600,1
34601,3
34602,5
34603,1
34604,5
34605,4
34606,5
34607,5
34608,5
34609,5
34610,2
34611,5
34612,3
34613,2
34614,5
34615,5
34616,3
34617,2
34618,2
34619,2
34620,3
34621,2
34622,3
34623,5
34624,1
34625,5
34626,1
34627,5
34628,5
34629,5
34630,2
34631,3
34632,5
34633,3
34634,2
34635,4
34636,3
34637,2
34638,5
34639,5
34640,1
34641,4
34642,2
34643,2
34644,1
34645,2
34646,1
34647,3
34648,4
34649,1
34650,2
34651,3
34652,1
34653,1
34654,5
34655,3
34656,3
34657,5
34658,4
34659,3
34660,1
34661,2
34662,3
34663,1
34664,1
34665,2
34666,3
34667,4
34668,2
34669,1
34670,1
34671,3
34672,4
34673,4
34674,4
34675,5
34676,4
34677,4
34678,1
34679,4
34680,5
34681,1
34682,4
34683,5
34684,2
34685,1
34686,2
34687,4
34688,4
34689,5
34690,5
34691,3
34692,5
34693,2
34694,1
34695,2
34696,3
34697,5
34698,5
34699,1
34700,1
34701,2
34702,5
34703,2
34704,4
34705,3
34706,1
34707,1
34708,1
34709,5
34710,2
34711,5
34712,3
34713,1
34714,1
34715,4
34716,2
34717,2
34718,3
34719,5
34720,4
34721,3
34722,4
34723,1
34724,4
34725,1
34726,2
34727,2
34728,5
34729,5
34730,4
34731,4
34732,1
34733,4
34734,2
34735,3
34736,5
34737,4
34738,3
34739,4
34740,2
34741,1
34742,3
34743,1
34744,1
34745,5
34746,1
34747,3
34748,4
34749,2
34750,4
34751,4
34752,2
34753,1
34754,2
34755,2
34756,3
34757,5
34758,2
34759,4
34760,5
34761,2
34762,3
34763,4
34764,5
34765,3
34766,5
34767,3
34768,1
34769,3
34770,4
34771,2
34772,1
34773,3
34774,2
34775,4
34776,5
34777,4
34778,2
34779,5
34780,5
34781,1
34782,5
34783,3
34784,1
34785,4
34786,5
34787,1
34788,3
34789,2
34790,3
34791,4
34792,2
34793,5
34794,3
34795,1
34796,5
34797,2
34798,2
34799,1
34800,3
34801,2
34802,5
34803,3
34804,3
34805,4
34806,1
34807,4
34808,1
34809,1
34810,4
34811,2
34812,1
34813,1
34814,3
34815,4
34816,2
34817,2
34818,3
34819,1
34820,2
34821,5
34822,4
34823,4
34824,3
34825,4
34826,2
34827,2
34828,4
34829,4
34830,3
34831,2
34832,4
34833,3
34834,5
34835,2
34836,1
34837,1
34838,4
34839,4
34840,2
34841,2
34842,2
34843,1
34844,4
34845,1
34846,3
34847,1
34848,2
34849,3
34850,1
34851,1
34852,1
34853,2
34854,1
34855,1
34856,3
34857,1
34858,1
34859,4
34860,2
34861,1
34862,5
34863,3
34864,3
34865,3
34866,1
34867,3
34868,2
34869,5
34870,4
34871,1
34872,5
34873,4
34874,4
34875,5
34876,2
34877,2
34878,3
34879,4
34880,5
34881,5
34882,2
34883,3
34884,3
34885,4
34886,4
34887,2
34888,2
34889,5
34890,2
34891,5
34892,5
34893,4
34894,2
34895,1
34896,2
34897,2
34898,2
34899,3
34900,3
34901,1
34902,2
34903,4
34904,3
34905,1
34906,2
34907,2
34908,5
34909,3
34910,2
34911,1
34912,2
34913,2
34914,5
34915,5
34916,4
34917,5
34918,3
34919,4
34920,4
34921,4
34922,3
34923,5
34924,3
34925,2
34926,3
34927,3
34928,2
34929,4
34930,1
34931,4
34932,1
34933,5
34934,3
34935,3
34936,5
34937,3
34938,1
34939,2
34940,3
34941,2
34942,5
34943,1
34944,5
34945,2
34946,5
34947,2
34948,5
34949,4
34950,4
34951,2
34952,5
34953,5
34954,1
34955,1
34956,5
34957,3
34958,4
34959,2
34960,4
34961,2
34962,3
34963,5
34964,3
34965,4
34966,3
34967,4
34968,1
34969,1
34970,3
34971,4
34972,1
34973,1
34974,2
34975,1
34976,2
34977,1
34978,4
34979,2
34980,2
34981,2
34982,4
34983,1
34984,2
34985,2
34986,5
34987,5
34988,1
34989,2
34990,1
34991,1
34992,5
34993,4
34994,2
34995,4
34996,4
34997,1
34998,1
34999,1
35000,1
35001,1
35002,5
35003,2
35004,5
35005,1
35006,2
35007,5
35008,1
35009,2
35010,4
35011,2
35012,2
35013,3
35014,3
35015,1
35016,2
35017,3
35018,4
35019,5
35020,4
35021,4
35022,4
35023,3
35024,5
35025,5
35026,4
35027,2
35028,5
35029,3
35030,2
35031,5
35032,3
35033,1
35034,2
35035,5
35036,3
35037,2
35038,3
35039,5
35040,4
35041,3
35042,1
35043,3
35044,3
35045,2
35046,4
35047,2
35048,5
35049,1
35050,3
35051,3
35052,2
35053,4
35054,3
35055,3
35056,3
35057,2
35058,3
35059,3
35060,3
35061,2
35062,5
35063,3
35064,1
35065,1
35066,5
35067,5
35068,3
35069,2
35070,2
35071,3
35072,2
35073,3
35074,1
35075,3
35076,1
35077,5
35078,4
35079,3
35080,1
35081,4
35082,2
35083,3
35084,3
35085,3
35086,1
35087,5
35088,4
35089,5
35090,1
35091,4
35092,3
35093,4
35094,4
35095,5
35096,3
35097,3
35098,2
35099,2
35100,1
35101,3
35102,4
35103,1
35104,5
35105,2
35106,2
35107,1
35108,3
35109,2
35110,4
35111,2
35112,1
35113,1
35114,1
35115,2
35116,3
35117,3
35118,2
35119,5
35120,4
35121,4
35122,5
35123,1
35124,1
35125,5
35126,3
35127,2
35128,5
35129,3
35130,3
35131,5
35132,4
35133,1
35134,5
35135,5
35136,5
35137,5
35138,5
35139,4
35140,5
35141,2
35142,4
35143,1
35144,4
35145,2
35146,3
35147,2
35148,2
35149,3
35150,3
35151,3
35152,4
35153,4
35154,2
35155,4
35156,1
35157,1
35158,2
35159,2
35160,4
35161,2
35162,5
35163,4
35164,3
35165,5
35166,1
35167,4
35168,3
35169,4
35170,2
35171,2
35172,3
35173,1
35174,4
35175,2
35176,1
35177,5
35178,5
35179,1
35180,5
35181,3
35182,2
35183,3
35184,3
35185,5
35186,4
35187,5
35188,1
35189,1
35190,2
35191,5
35192,4
35193,4
35194,2
35195,1
35196,5
35197,4
35198,2
35199,2
35200,4
35201,3
35202,4
35203,2
35204,3
35205,2
35206,3
35207,3
35208,5
35209,2
35210,2
35211,1
35212,3
35213,4
35214,1
35215,4
35216,1
35217,1
35218,5
35219,4
35220,1
35221,4
35222,2
35223,5
35224,5
35225,5
35226,4
35227,1
35228,3
35229,2
35230,1
35231,5
35232,1
35233,4
35234,5
35235,2
35236,2
35237,2
35238,5
35239,1
35240,4
35241,3
35242,3
35243,3
35244,5
35245,3
35246,4
35247,2
35248,3
35249,5
35250,2
35251,3
35252,1
35253,3
35254,1
35255,5
35256,3
35257,1
35258,4
35259,1
35260,4
35261,2
35262,5
35263,3
35264,4
35265,2
35266,1
35267,3
35268,4
35269,5
35270,3
35271,1
35272,3
35273,2
35274,2
35275,2
35276,5
35277,5
35278,5
35279,2
35280,1
35281,4
35282,5
35283,1
35284,2
35285,2
35286,5
35287,2
35288,2
35289,4
35290,3
35291,1
35292,2
35293,1
35294,2
35295,2
35296,2
35297,1
35298,4
35299,5
35300,3
35301,4
35302,4
35303,1
35304,4
35305,3
35306,2
35307,4
35308,1
35309,3
35310,2
35311,1
35312,3
35313,5
35314,5
35315,3
35316,5
35317,2
35318,4
35319,5
35320,1
35321,1
35322,2
35323,1
35324,5
35325,3
35326,1
35327,3
35328,3
35329,1
35330,2
35331,2
35332,1
35333,1
35334,4
35335,3
35336,2
35337,4
35338,2
35339,5
35340,4
35341,5
35342,3
35343,3
35344,1
35345,4
35346,3
35347,5
35348,4
35349,1
35350,1
35351,5
35352,5
35353,3
35354,2
35355,3
35356,4
35357,2
35358,3
35359,5
35360,4
35361,5
35362,2
35363,1
35364,1
35365,3
35366,1
35367,2
35368,5
35369,5
35370,5
35371,1
35372,4
35373,2
35374,3
35375,2
35376,1
35377,3
35378,2
35379,2
35380,2
35381,2
35382,5
35383,2
35384,5
35385,2
35386,3
35387,5
35388,5
35389,4
35390,4
35391,1
35392,3
35393,5
35394,3
35395,3
35396,5
35397,4
35398,5
35399,2
35400,5
35401,5
35402,3
35403,3
35404,4
35405,4
35406,1
35407,2
35408,3
35409,3
35410,4
35411,4
35412,5
35413,2
35414,2
35415,2
35416,2
35417,1
35418,5
35419,4
35420,5
35421,3
35422,4
35423,3
35424,1
35425,4
35426,2
35427,2
35428,2
35429,4
35430,4
35431,1
35432,4
35433,2
35434,2
35435,1
35436,4
35437,2
35438,1
35439,1
35440,5
35441,5
35442,1
35443,5
35444,2
35445,5
35446,2
35447,4
35448,3
35449,2
35450,4
35451,1
35452,4
35453,5
35454,4
35455,2
35456,4
35457,2
35458,3
35459,4
35460,3
35461,4
35462,1
35463,1
35464,5
35465,1
35466,3
35467,5
35468,1
35469,5
35470,2
35471,4
35472,4
35473,2
35474,2
35475,2
35476,1
35477,2
35478,1
35479,2
35480,1
35481,2
35482,1
35483,1
35484,1
35485,1
35486,1
35487,5
35488,4
35489,4
35490,4
35491,3
35492,4
35493,4
35494,4
35495,2
35496,3
35497,2
35498,4
35499,4
35500,3
35501,4
35502,2
35503,3
35504,5
35505,1
35506,2
35507,3
35508,4
35509,2
35510,1
35511,4
35512,2
35513,3
35514,3
35515,3
35516,2
35517,2
35518,3
35519,3
35520,1
35521,4
35522,2
35523,3
35524,2
35525,3
35526,1
35527,1
35528,1
35529,4
35530,2
35531,3
35532,3
35533,3
35534,2
35535,1
35536,5
35537,1
35538,4
35539,5
35540,5
35541,4
35542,2
35543,4
35544,3
35545,1
35546,2
35547,5
35548,2
35549,1
35550,1
35551,2
35552,1
35553,1
35554,5
35555,5
35556,3
35557,3
35558,4
35559,3
35560,5
35561,4
35562,1
35563,4
35564,4
35565,2
35566,5
35567,2
35568,1
35569,2
35570,4
35571,1
35572,5
35573,3
35574,3
35575,3
35576,5
35577,1
35578,3
35579,5
35580,3
35581,5
35582,2
35583,1
35584,5
35585,1
35586,1
35587,4
35588,3
35589,1
35590,3
35591,5
35592,5
35593,4
35594,5
35595,4
35596,1
35597,4
35598,5
35599,2
35600,2
35601,2
35602,2
35603,5
35604,1
35605,1
35606,4
35607,4
35608,5
35609,2
35610,2
35611,1
35612,3
35613,1
35614,2
35615,5
35616,5
35617,1
35618,4
35619,5
35620,2
35621,3
35622,1
35623,2
35624,3
35625,1
35626,5
35627,1
35628,3
35629,1
35630,1
35631,3
35632,1
35633,2
35634,4
35635,5
35636,2
35637,3
35638,3
35639,1
35640,1
35641,2
35642,5
35643,4
35644,1
35645,4
35646,5
35647,5
35648,5
35649,5
35650,5
35651,4
35652,5
35653,1
35654,2
35655,5
35656,5
35657,3
35658,2
35659,2
35660,1
35661,3
35662,2
35663,1
35664,3
35665,5
35666,3
35667,2
35668,4
35669,1
35670,4
35671,3
35672,5
35673,2
35674,2
35675,2
35676,2
35677,1
35678,3
35679,2
35680,4
35681,4
35682,1
35683,2
35684,3
35685,4
35686,5
35687,2
35688,4
35689,2
35690,2
35691,4
35692,3
35693,4
35694,2
35695,1
35696,4
35697,3
35698,5
35699,1
35700,1
35701,3
35702,2
35703,3
35704,2
35705,5
35706,2
35707,2
35708,2
35709,3
35710,3
35711,1
35712,1
35713,5
35714,2
35715,1
35716,4
35717,3
35718,1
35719,1
35720,3
35721,2
35722,2
35723,2
35724,1
35725,1
35726,3
35727,2
35728,4
35729,4
35730,3
35731,5
35732,5
35733,4
35734,1
35735,4
35736,1
35737,4
35738,3
35739,2
35740,1
35741,5
35742,3
35743,3
35744,2
35745,1
35746,1
35747,2
35748,5
35749,5
35750,4
35751,4
35752,3
35753,3
35754,3
35755,2
35756,4
35757,2
35758,2
35759,3
35760,1
35761,4
35762,2
35763,2
35764,3
35765,4
35766,3
35767,4
35768,4
35769,2
35770,5
35771,4
35772,3
35773,4
35774,4
35775,1
35776,1
35777,3
35778,1
35779,2
35780,5
35781,5
35782,1
35783,5
35784,5
35785,4
35786,2
35787,1
35788,3
35789,2
35790,4
35791,4
35792,4
35793,1
35794,3
35795,2
35796,5
35797,4
35798,4
35799,4
35800,3
35801,4
35802,3
35803,1
35804,5
35805,2
35806,5
35807,1
35808,5
35809,3
35810,3
35811,3
35812,4
35813,5
35814,5
35815,3
35816,3
35817,1
35818,4
35819,1
35820,5
35821,1
35822,2
35823,3
35824,1
35825,2
35826,1
35827,5
35828,1
35829,1
35830,2
35831,4
35832,4
35833,5
35834,3
35835,5
35836,2
35837,1
35838,5
35839,1
35840,1
35841,3
35842,5
35843,5
35844,1
35845,4
35846,4
35847,2
35848,3
35849,2
35850,2
35851,3
35852,5
35853,5
35854,5
35855,3
35856,3
35857,2
35858,3
35859,4
35860,2
35861,4
35862,2
35863,2
35864,5
35865,3
35866,5
35867,3
35868,4
35869,4
35870,2
35871,1
35872,4
35873,4
35874,4
35875,4
35876,3
35877,1
35878,1
35879,1
35880,1
35881,2
35882,3
35883,1
35884,1
35885,5
35886,5
35887,2
35888,5
35889,4
35890,2
35891,3
35892,2
35893,3
35894,4
35895,4
35896,1
35897,4
35898,1
35899,5
35900,4
35901,5
35902,4
35903,4
35904,5
35905,2
35906,3
35907,2
35908,3
35909,5
35910,2
35911,4
35912,5
35913,3
35914,5
35915,2
35916,1
35917,4
35918,5
35919,4
35920,3
35921,3
35922,5
35923,2
35924,1
35925,3
35926,2
35927,4
35928,2
35929,1
35930,4
35931,5
35932,3
35933,5
35934,4
35935,3
35936,4
35937,4
35938,2
35939,1
35940,4
35941,3
35942,4
35943,2
35944,2
35945,2
35946,2
35947,1
35948,1
35949,2
35950,3
35951,5
35952,4
35953,2
35954,1
35955,3
35956,3
35957,1
35958,3
35959,4
35960,2
35961,2
35962,1
35963,4
35964,4
35965,2
35966,1
35967,2
35968,1
35969,3
35970,5
35971,3
35972,4
35973,2
35974,1
35975,1
35976,3
35977,1
35978,2
35979,1
35980,4
35981,2
35982,3
35983,1
35984,4
35985,3
35986,4
35987,2
35988,1
35989,1
35990,2
35991,4
35992,3
35993,5
35994,3
35995,2
35996,1
35997,5
35998,5
35999,4
36000,2
36001,4
36002,5
36003,1
36004,3
36005,1
36006,2
36007,2
36008,5
36009,1
36010,2
36011,1
36012,2
36013,1
36014,4
36015,3
36016,5
36017,4
36018,4
36019,3
36020,1
36021,5
36022,4
36023,5
36024,5
36025,5
36026,5
36027,2
36028,1
36029,4
36030,4
36031,1
36032,3
36033,2
36034,5
36035,5
36036,3
36037,4
36038,4
36039,3
36040,4
36041,4
36042,1
36043,5
36044,3
36045,4
36046,4
36047,3
36048,1
36049,4
36050,2
36051,4
36052,1
36053,2
36054,2
36055,5
36056,1
36057,4
36058,3
36059,5
36060,4
36061,4
36062,5
36063,5
36064,2
36065,5
36066,3
36067,2
36068,3
36069,1
36070,2
36071,5
36072,1
36073,1
36074,5
36075,2
36076,1
36077,4
36078,2
36079,4
36080,1
36081,5
36082,5
36083,1
36084,3
36085,1
36086,1
36087,1
36088,1
36089,2
36090,2
36091,2
36092,3
36093,4
36094,5
36095,2
36096,2
36097,5
36098,4
36099,2
36100,4
36101,2
36102,2
36103,5
36104,5
36105,5
36106,5
36107,1
36108,4
36109,1
36110,5
36111,2
36112,3
36113,1
36114,2
36115,5
36116,5
36117,1
36118,3
36119,1
36120,1
36121,5
36122,4
36123,5
36124,4
36125,1
36126,2
36127,4
36128,5
36129,2
36130,3
36131,2
36132,5
36133,4
36134,3
36135,3
36136,5
36137,2
36138,2
36139,1
36140,3
36141,3
36142,2
36143,2
36144,2
36145,4
36146,5
36147,5
36148,1
36149,1
36150,1
36151,4
36152,5
36153,2
36154,1
36155,2
36156,2
36157,4
36158,3
36159,4
36160,3
36161,2
36162,1
36163,4
36164,4
36165,2
36166,2
36167,4
36168,1
36169,3
36170,2
36171,3
36172,4
36173,3
36174,4
36175,4
36176,2
36177,5
36178,4
36179,2
36180,5
36181,1
36182,3
36183,3
36184,2
36185,5
36186,1
36187,2
36188,5
36189,5
36190,4
36191,2
36192,2
36193,3
36194,5
36195,3
36196,1
36197,4
36198,4
36199,4
36200,5
36201,4
36202,1
36203,3
36204,1
36205,1
36206,3
36207,4
36208,1
36209,3
36210,1
36211,3
36212,1
36213,2
36214,2
36215,3
36216,4
36217,3
36218,3
36219,3
36220,4
36221,4
36222,2
36223,3
36224,3
36225,3
36226,5
36227,2
36228,4
36229,1
36230,4
36231,2
36232,3
36233,4
36234,5
36235,4
36236,4
36237,5
36238,5
36239,1
36240,4
36241,2
36242,4
36243,2
36244,3
36245,4
36246,4
36247,5
36248,2
36249,3
36250,2
36251,2
36252,3
36253,2
36254,4
36255,3
36256,5
36257,4
36258,4
36259,4
36260,4
36261,3
36262,3
36263,2
36264,5
36265,2
36266,4
36267,4
36268,3
36269,3
36270,3
36271,2
36272,2
36273,1
36274,4
36275,5
36276,2
36277,2
36278,3
36279,4
36280,5
36281,2
36282,3
36283,1
36284,2
36285,5
36286,1
36287,2
36288,2
36289,5
36290,2
36291,4
36292,3
36293,2
36294,3
36295,3
36296,1
36297,4
36298,2
36299,2
36300,4
36301,5
36302,3
36303,1
36304,2
36305,1
36306,3
36307,4
36308,1
36309,3
36310,4
36311,3
36312,2
36313,2
36314,5
36315,2
36316,4
36317,4
36318,1
36319,3
36320,1
36321,2
36322,1
36323,4
36324,2
36325,3
36326,5
36327,2
36328,2
36329,5
36330,4
36331,2
36332,5
36333,1
36334,5
36335,1
36336,5
36337,1
36338,2
36339,3
36340,2
36341,3
36342,5
36343,3
36344,4
36345,1
36346,5
36347,5
36348,1
36349,1
36350,2
36351,2
36352,4
36353,1
36354,1
36355,4
36356,4
36357,5
36358,2
36359,5
36360,4
36361,1
36362,1
36363,1
36364,5
36365,3
36366,1
36367,2
36368,4
36369,3
36370,1
36371,3
36372,4
36373,1
36374,2
36375,3
36376,5
36377,3
36378,3
36379,2
36380,5
36381,4
36382,4
36383,2
36384,2
36385,2
36386,4
36387,4
36388,1
36389,5
36390,4
36391,1
36392,3
36393,4
36394,1
36395,2
36396,5
36397,4
36398,5
36399,3
36400,1
36401,2
36402,3
36403,3
36404,5
36405,3
36406,4
36407,3
36408,2
36409,4
36410,3
36411,1
36412,1
36413,5
36414,3
36415,5
36416,3
36417,1
36418,4
36419,3
36420,5
36421,4
36422,1
36423,2
36424,3
36425,4
36426,1
36427,2
36428,4
36429,5
36430,4
36431,3
36432,4
36433,2
36434,5
36435,2
36436,4
36437,1
36438,1
36439,2
36440,5
36441,4
36442,3
36443,2
36444,3
36445,3
36446,3
36447,5
36448,3
36449,4
36450,4
36451,3
36452,4
36453,2
36454,5
36455,4
36456,1
36457,3
36458,1
36459,5
36460,1
36461,3
36462,1
36463,5
36464,1
36465,2
36466,2
36467,1
36468,4
36469,3
36470,1
36471,2
36472,1
36473,5
36474,2
36475,2
36476,2
36477,2
36478,3
36479,1
36480,4
36481,1
36482,1
36483,2
36484,1
36485,4
36486,5
36487,4
36488,3
36489,2
36490,4
36491,5
36492,5
36493,5
36494,5
36495,5
36496,1
36497,3
36498,2
36499,5
36500,3
36501,4
36502,2
36503,4
36504,3
36505,5
36506,3
36507,5
36508,4
36509,4
36510,3
36511,5
36512,1
36513,5
36514,3
36515,4
36516,1
36517,3
36518,3
36519,3
36520,4
36521,2
36522,5
36523,4
36524,5
36525,5
36526,1
36527,3
36528,4
36529,5
36530,3
36531,4
36532,2
36533,5
36534,1
36535,3
36536,1
36537,1
36538,2
36539,4
36540,4
36541,3
36542,3
36543,3
36544,2
36545,2
36546,5
36547,5
36548,3
36549,2
36550,3
36551,2
36552,4
36553,1
36554,1
36555,3
36556,5
36557,1
36558,4
36559,1
36560,4
36561,1
36562,2
36563,4
36564,2
36565,4
36566,2
36567,2
36568,3
36569,3
36570,2
36571,3
36572,5
36573,5
36574,3
36575,1
36576,3
36577,1
36578,2
36579,4
36580,1
36581,1
36582,2
36583,1
36584,1
36585,3
36586,1
36587,4
36588,5
36589,1
36590,5
36591,5
36592,2
36593,3
36594,5
36595,1
36596,5
36597,1
36598,1
36599,5
36600,4
36601,3
36602,1
36603,4
36604,3
36605,5
36606,2
36607,5
36608,1
36609,1
36610,1
36611,1
36612,2
36613,1
36614,3
36615,5
36616,4
36617,5
36618,2
36619,3
36620,3
36621,4
36622,1
36623,3
36624,5
36625,1
36626,2
36627,2
36628,3
36629,3
36630,3
36631,1
36632,1
36633,3
36634,2
36635,4
36636,3
36637,5
36638,1
36639,1
36640,3
36641,4
36642,2
36643,1
36644,2
36645,5
36646,4
36647,1
36648,2
36649,4
36650,5
36651,1
36652,4
36653,1
36654,1
36655,1
36656,2
36657,5
36658,3
36659,4
36660,3
36661,5
36662,1
36663,4
36664,4
36665,3
36666,2
36667,5
36668,3
36669,4
36670,5
36671,1
36672,2
36673,5
36674,1
36675,1
36676,1
36677,3
36678,5
36679,5
36680,4
36681,2
36682,2
36683,2
36684,1
36685,1
36686,1
36687,2
36688,1
36689,3
36690,4
36691,3
36692,2
36693,5
36694,2
36695,2
36696,5
36697,4
36698,3
36699,2
36700,3
36701,3
36702,3
36703,5
36704,4
36705,4
36706,3
36707,4
36708,4
36709,5
36710,1
36711,2
36712,3
36713,2
36714,3
36715,2
36716,1
36717,1
36718,2
36719,2
36720,2
36721,4
36722,3
36723,5
36724,2
36725,5
36726,4
36727,3
36728,1
36729,2
36730,3
36731,1
36732,4
36733,2
36734,5
36735,1
36736,2
36737,5
36738,1
36739,1
36740,2
36741,4
36742,5
36743,5
36744,5
36745,5
36746,1
36747,3
36748,3
36749,4
36750,3
36751,4
36752,5
36753,2
36754,3
36755,1
36756,1
36757,2
36758,4
36759,3
36760,3
36761,1
36762,1
36763,4
36764,2
36765,5
36766,3
36767,4
36768,1
36769,3
36770,3
36771,4
36772,1
36773,1
36774,1
36775,3
36776,1
36777,5
36778,2
36779,4
36780,1
36781,5
36782,3
36783,3
36784,1
36785,5
36786,1
36787,3
36788,5
36789,2
36790,3
36791,3
36792,3
36793,3
36794,2
36795,2
36796,5
36797,3
36798,2
36799,5
36800,3
36801,1
36802,5
36803,4
36804,4
36805,1
36806,1
36807,3
36808,3
36809,1
36810,4
36811,1
36812,4
36813,5
36814,3
36815,1
36816,3
36817,2
36818,2
36819,3
36820,5
36821,4
36822,5
36823,1
36824,3
36825,4
36826,1
36827,1
36828,2
36829,4
36830,2
36831,3
36832,5
36833,2
36834,3
36835,2
36836,1
36837,2
36838,5
36839,4
36840,5
36841,2
36842,3
36843,2
36844,2
36845,1
36846,1
36847,3
36848,1
36849,5
36850,5
36851,2
36852,5
36853,4
36854,2
36855,4
36856,2
36857,5
36858,3
36859,2
36860,5
36861,5
36862,2
36863,1
36864,3
36865,3
36866,1
36867,4
36868,4
36869,3
36870,4
36871,5
36872,5
36873,1
36874,4
36875,2
36876,5
36877,2
36878,4
36879,1
36880,4
36881,3
36882,1
36883,4
36884,5
36885,1
36886,4
36887,5
36888,2
36889,1
36890,1
36891,5
36892,1
36893,4
36894,3
36895,2
36896,3
36897,2
36898,3
36899,4
36900,4
36901,2
36902,5
36903,4
36904,2
36905,1
36906,1
36907,3
36908,2
36909,4
36910,2
36911,4
36912,5
36913,4
36914,5
36915,1
36916,1
36917,1
36918,5
36919,2
36920,4
36921,3
36922,3
36923,4
36924,4
36925,2
36926,5
36927,1
36928,1
36929,5
36930,2
36931,5
36932,5
36933,5
36934,4
36935,1
36936,5
36937,2
36938,2
36939,2
36940,5
36941,1
36942,1
36943,1
36944,4
36945,4
36946,3
36947,5
36948,5
36949,2
36950,5
36951,3
36952,1
36953,2
36954,2
36955,1
36956,3
36957,4
36958,2
36959,2
36960,4
36961,5
36962,4
36963,1
36964,4
36965,2
36966,4
36967,5
36968,4
36969,5
36970,5
36971,4
36972,2
36973,5
36974,5
36975,1
36976,4
36977,3
36978,5
36979,5
36980,1
36981,1
36982,4
36983,2
36984,2
36985,3
36986,2
36987,5
36988,2
36989,4
36990,2
36991,3
36992,3
36993,4
36994,1
36995,3
36996,1
36997,4
36998,3
36999,5
37000,5
37001,3
37002,4
37003,1
37004,2
37005,4
37006,2
37007,5
37008,5
37009,5
37010,5
37011,3
37012,4
37013,2
37014,4
37015,5
37016,2
37017,5
37018,4
37019,4
37020,4
37021,5
37022,5
37023,5
37024,5
37025,2
37026,5
37027,2
37028,3
37029,5
37030,4
37031,5
37032,3
37033,1
37034,2
37035,3
37036,1
37037,3
37038,1
37039,3
37040,2
37041,5
37042,1
37043,1
37044,1
37045,3
37046,2
37047,4
37048,3
37049,3
37050,1
37051,4
37052,2
37053,4
37054,1
37055,1
37056,5
37057,3
37058,5
37059,4
37060,3
37061,3
37062,1
37063,2
37064,4
37065,1
37066,2
37067,2
37068,2
37069,4
37070,5
37071,5
37072,1
37073,5
37074,1
37075,2
37076,2
37077,4
37078,5
37079,4
37080,3
37081,1
37082,3
37083,2
37084,5
37085,2
37086,3
37087,3
37088,3
37089,3
37090,5
37091,5
37092,5
37093,1
37094,1
37095,2
37096,2
37097,4
37098,1
37099,3
37100,1
37101,3
37102,1
37103,3
37104,5
37105,1
37106,5
37107,4
37108,4
37109,1
37110,4
37111,4
37112,2
37113,3
37114,1
37115,5
37116,4
37117,5
37118,2
37119,5
37120,4
37121,1
37122,1
37123,5
37124,2
37125,4
37126,1
37127,1
37128,4
37129,1
37130,4
37131,1
37132,1
37133,3
37134,3
37135,3
37136,5
37137,1
37138,3
37139,2
37140,4
37141,3
37142,5
37143,5
37144,4
37145,5
37146,4
37147,4
37148,3
37149,2
37150,3
37151,2
37152,1
37153,2
37154,1
37155,1
37156,5
37157,3
37158,4
37159,2
37160,5
37161,1
37162,3
37163,3
37164,2
37165,1
37166,1
37167,4
37168,5
37169,1
37170,4
37171,2
37172,1
37173,5
37174,1
37175,5
37176,1
37177,1
37178,4
37179,4
37180,4
37181,3
37182,3
37183,1
37184,4
37185,2
37186,3
37187,3
37188,1
37189,2
37190,1
37191,1
37192,3
37193,4
37194,2
37195,1
37196,4
37197,3
37198,4
37199,5
37200,1
37201,1
37202,1
37203,4
37204,5
37205,2
37206,3
37207,4
37208,1
37209,3
37210,1
37211,1
37212,4
37213,3
37214,5
37215,5
37216,4
37217,1
37218,3
37219,3
37220,1
37221,3
37222,2
37223,4
37224,3
37225,2
37226,1
37227,1
37228,2
37229,2
37230,2
37231,5
37232,2
37233,5
37234,4
37235,1
37236,5
37237,1
37238,5
37239,3
37240,1
37241,3
37242,1
37243,3
37244,4
37245,5
37246,1
37247,5
37248,3
37249,5
37250,3
37251,3
37252,4
37253,3
37254,3
37255,1
37256,1
37257,1
37258,3
37259,5
37260,4
37261,1
37262,4
37263,3
37264,1
37265,4
37266,2
37267,1
37268,4
37269,1
37270,1
37271,2
37272,1
37273,3
37274,3
37275,2
37276,3
37277,3
37278,5
37279,3
37280,3
37281,1
37282,5
37283,2
37284,1
37285,2
37286,1
37287,2
37288,5
37289,3
37290,4
37291,4
37292,3
37293,1
37294,3
37295,2
37296,2
37297,2
37298,4
37299,2
37300,5
37301,3
37302,1
37303,5
37304,1
37305,4
37306,1
37307,1
37308,5
37309,4
37310,3
37311,3
37312,5
37313,5
37314,1
37315,5
37316,5
37317,3
37318,5
37319,2
37320,1
37321,3
37322,3
37323,1
37324,2
37325,2
37326,4
37327,3
37328,4
37329,4
37330,5
37331,1
37332,3
37333,4
37334,4
37335,4
37336,1
37337,4
37338,2
37339,4
37340,2
37341,1
37342,1
37343,4
37344,5
37345,4
37346,4
37347,5
37348,5
37349,2
37350,2
37351,2
37352,4
37353,4
37354,2
37355,5
37356,3
37357,1
37358,1
37359,1
37360,3
37361,1
37362,2
37363,4
37364,3
37365,1
37366,4
37367,5
37368,2
37369,3
37370,3
37371,1
37372,2
37373,3
37374,5
37375,5
37376,3
37377,2
37378,1
37379,2
37380,2
37381,2
37382,4
37383,1
37384,4
37385,1
37386,2
37387,2
37388,3
37389,4
37390,3
37391,3
37392,1
37393,2
37394,5
37395,5
37396,2
37397,1
37398,4
37399,3
37400,2
37401,4
37402,4
37403,3
37404,3
37405,3
37406,4
37407,4
37408,2
37409,5
37410,2
37411,5
37412,4
37413,2
37414,5
37415,3
37416,4
37417,5
37418,4
37419,3
37420,4
37421,3
37422,1
37423,1
37424,5
37425,4
37426,5
37427,1
37428,4
37429,5
37430,5
37431,3
37432,2
37433,1
37434,5
37435,1
37436,1
37437,1
37438,2
37439,2
37440,4
37441,2
37442,4
37443,2
37444,2
37445,1
37446,3
37447,1
37448,1
37449,2
37450,2
37451,5
37452,4
37453,1
37454,4
37455,5
37456,5
37457,1
37458,1
37459,5
37460,1
37461,5
37462,4
37463,4
37464,1
37465,2
37466,3
37467,4
37468,1
37469,3
37470,2
37471,5
37472,4
37473,1
37474,1
37475,1
37476,2
37477,2
37478,3
37479,3
37480,4
37481,5
37482,1
37483,5
37484,2
37485,2
37486,2
37487,3
37488,4
37489,1
37490,2
37491,5
37492,2
37493,1
37494,3
37495,2
37496,2
37497,3
37498,1
37499,3
37500,4
37501,3
37502,4
37503,5
37504,5
37505,2
37506,5
37507,4
37508,1
37509,2
37510,5
37511,4
37512,3
37513,4
37514,2
37515,2
37516,1
37517,2
37518,2
37519,2
37520,5
37521,5
37522,3
37523,2
37524,5
37525,3
37526,4
37527,4
37528,1
37529,5
37530,3
37531,1
37532,4
37533,3
37534,3
37535,4
37536,4
37537,2
37538,2
37539,4
37540,2
37541,2
37542,4
37543,3
37544,5
37545,3
37546,5
37547,4
37548,3
37549,5
37550,3
37551,5
37552,5
37553,4
37554,5
37555,1
37556,1
37557,5
37558,3
37559,3
37560,5
37561,1
37562,3
37563,4
37564,1
37565,2
37566,2
37567,1
37568,3
37569,5
37570,1
37571,5
37572,5
37573,4
37574,5
37575,3
37576,2
37577,2
37578,4
37579,5
37580,3
37581,1
37582,3
37583,3
37584,1
37585,2
37586,5
37587,5
37588,4
37589,3
37590,3
37591,1
37592,3
37593,2
37594,3
37595,3
37596,3
37597,1
37598,1
37599,3
37600,3
37601,2
37602,3
37603,1
37604,1
37605,4
37606,5
37607,5
37608,5
37609,1
37610,1
37611,4
37612,5
37613,4
37614,4
37615,2
37616,4
37617,4
37618,3
37619,5
37620,5
37621,5
37622,1
37623,1
37624,1
37625,4
37626,2
37627,1
37628,2
37629,1
37630,1
37631,5
37632,4
37633,4
37634,2
37635,3
37636,3
37637,2
37638,5
37639,3
37640,2
37641,3
37642,3
37643,1
37644,1
37645,5
37646,3
37647,2
37648,5
37649,1
37650,1
37651,2
37652,3
37653,3
37654,3
37655,5
37656,5
37657,4
37658,4
37659,2
37660,3
37661,2
37662,3
37663,2
37664,1
37665,2
37666,3
37667,2
37668,1
37669,5
37670,1
37671,2
37672,1
37673,4
37674,2
37675,2
37676,3
37677,2
37678,2
37679,5
37680,4
37681,5
37682,4
37683,1
37684,5
37685,5
37686,1
37687,3
37688,2
37689,1
37690,3
37691,1
37692,1
37693,4
37694,3
37695,2
37696,1
37697,3
37698,1
37699,4
37700,4
37701,2
37702,3
37703,4
37704,3
37705,1
37706,1
37707,5
37708,4
37709,5
37710,1
37711,3
37712,5
37713,1
37714,3
37715,1
37716,4
37717,3
37718,2
37719,3
37720,4
37721,3
37722,1
37723,3
37724,3
37725,1
37726,4
37727,3
37728,1
37729,4
37730,5
37731,4
37732,3
37733,5
37734,5
37735,3
37736,3
37737,4
37738,5
37739,5
37740,5
37741,2
37742,1
37743,2
37744,1
37745,2
37746,2
37747,5
37748,4
37749,4
37750,1
37751,1
37752,3
37753,2
37754,3
37755,1
37756,4
37757,3
37758,1
37759,3
37760,2
37761,5
37762,4
37763,3
37764,3
37765,3
37766,4
37767,1
37768,1
37769,3
37770,5
37771,2
37772,4
37773,4
37774,5
37775,5
37776,4
37777,1
37778,1
37779,2
37780,2
37781,3
37782,3
37783,5
37784,4
37785,5
37786,1
37787,5
37788,5
37789,3
37790,1
37791,4
37792,2
37793,2
37794,2
37795,1
37796,1
37797,2
37798,4
37799,4
37800,4
37801,5
37802,5
37803,3
37804,4
37805,4
37806,3
37807,5
37808,1
37809,3
37810,3
37811,2
37812,4
37813,2
37814,5
37815,4
37816,1
37817,3
37818,4
37819,1
37820,1
37821,3
37822,3
37823,5
37824,3
37825,3
37826,1
37827,1
37828,4
37829,1
37830,1
37831,2
37832,2
37833,5
37834,3
37835,3
37836,1
37837,3
37838,2
37839,4
37840,5
37841,2
37842,1
37843,3
37844,3
37845,5
37846,1
37847,3
37848,4
37849,3
37850,4
37851,4
37852,4
37853,5
37854,1
37855,4
37856,3
37857,3
37858,5
37859,1
37860,4
37861,3
37862,3
37863,3
37864,3
37865,2
37866,4
37867,5
37868,2
37869,5
37870,5
37871,1
37872,1
37873,3
37874,1
37875,4
37876,3
37877,5
37878,3
37879,5
37880,3
37881,4
37882,1
37883,2
37884,5
37885,2
37886,5
37887,4
37888,4
37889,4
37890,4
37891,1
37892,1
37893,5
37894,4
37895,5
37896,5
37897,3
37898,5
37899,2
37900,4
37901,2
37902,2
37903,4
37904,5
37905,5
37906,1
37907,5
37908,5
37909,5
37910,3
37911,5
37912,1
37913,3
37914,4
37915,5
37916,3
37917,5
37918,5
37919,2
37920,2
37921,5
37922,3
37923,3
37924,1
37925,2
37926,1
37927,4
37928,5
37929,2
37930,4
37931,1
37932,2
37933,4
37934,5
37935,5
37936,2
37937,3
37938,3
37939,3
37940,2
37941,4
37942,5
37943,5
37944,3
37945,5
37946,4
37947,1
37948,1
37949,3
37950,2
37951,5
37952,1
37953,2
37954,1
37955,1
37956,4
37957,3
37958,3
37959,4
37960,1
37961,5
37962,1
37963,5
37964,3
37965,3
37966,3
37967,4
37968,3
37969,4
37970,4
37971,2
37972,3
37973,5
37974,5
37975,2
37976,1
37977,5
37978,1
37979,1
37980,4
37981,5
37982,1
37983,4
37984,2
37985,4
37986,1
37987,5
37988,1
37989,4
37990,4
37991,5
37992,2
37993,5
37994,2
37995,5
37996,3
37997,3
37998,2
37999,2
38000,5
38001,3
38002,4
38003,5
38004,5
38005,1
38006,3
38007,3
38008,2
38009,4
38010,5
38011,5
38012,5
38013,1
38014,4
38015,2
38016,5
38017,1
38018,2
38019,3
38020,4
38021,4
38022,1
38023,1
38024,2
38025,3
38026,4
38027,3
38028,1
38029,5
38030,2
38031,4
38032,2
38033,5
38034,2
38035,1
38036,2
38037,1
38038,5
38039,1
38040,2
38041,2
38042,3
38043,3
38044,2
38045,1
38046,2
38047,5
38048,5
38049,1
38050,4
38051,3
38052,3
38053,5
38054,5
38055,3
38056,1
38057,5
38058,3
38059,3
38060,4
38061,4
38062,1
38063,4
38064,4
38065,1
38066,4
38067,2
38068,5
38069,1
38070,3
38071,1
38072,1
38073,2
38074,5
38075,4
38076,4
38077,3
38078,2
38079,3
38080,5
38081,3
38082,5
38083,5
38084,5
38085,3
38086,1
38087,1
38088,1
38089,4
38090,5
38091,1
38092,2
38093,2
38094,1
38095,2
38096,2
38097,4
38098,1
38099,5
38100,4
38101,5
38102,3
38103,4
38104,4
38105,2
38106,4
38107,5
38108,4
38109,3
38110,1
38111,4
38112,4
38113,5
38114,1
38115,4
38116,4
38117,2
38118,2
38119,1
38120,5
38121,4
38122,4
38123,3
38124,5
38125,1
38126,4
38127,1
38128,1
38129,3
38130,2
38131,5
38132,3
38133,5
38134,1
38135,2
38136,2
38137,5
38138,2
38139,3
38140,2
38141,5
38142,1
38143,3
38144,1
38145,2
38146,5
38147,5
38148,2
38149,2
38150,4
38151,4
38152,1
38153,1
38154,1
38155,3
38156,4
38157,4
38158,2
38159,3
38160,1
38161,3
38162,5
38163,1
38164,2
38165,2
38166,3
38167,5
38168,5
38169,1
38170,2
38171,1
38172,1
38173,2
38174,4
38175,4
38176,4
38177,4
38178,5
38179,1
38180,2
38181,4
38182,5
38183,4
38184,1
38185,1
38186,4
38187,5
38188,5
38189,2
38190,5
38191,2
38192,1
38193,2
38194,2
38195,2
38196,2
38197,5
38198,4
38199,3
38200,4
38201,5
38202,5
38203,2
38204,3
38205,4
38206,1
38207,4
38208,1
38209,4
38210,4
38211,2
38212,2
38213,4
38214,1
38215,2
38216,3
38217,4
38218,3
38219,4
38220,4
38221,4
38222,2
38223,3
38224,4
38225,2
38226,5
38227,3
38228,3
38229,1
38230,5
38231,4
38232,1
38233,5
38234,5
38235,2
38236,5
38237,4
38238,5
38239,5
38240,4
38241,1
38242,2
38243,1
38244,4
38245,4
38246,3
38247,1
38248,1
38249,4
38250,2
38251,4
38252,5
38253,5
38254,5
38255,4
38256,5
38257,4
38258,1
38259,2
38260,5
38261,2
38262,2
38263,4
38264,3
38265,3
38266,1
38267,4
38268,4
38269,2
38270,5
38271,2
38272,2
38273,5
38274,4
38275,5
38276,2
38277,3
38278,1
38279,1
38280,3
38281,3
38282,5
38283,1
38284,5
38285,1
38286,4
38287,4
38288,3
38289,5
38290,2
38291,5
38292,1
38293,2
38294,2
38295,2
38296,3
38297,3
38298,2
38299,4
38300,2
38301,5
38302,3
38303,2
38304,2
38305,4
38306,1
38307,2
38308,3
38309,5
38310,2
38311,4
38312,5
38313,4
38314,2
38315,3
38316,2
38317,1
38318,2
38319,5
38320,1
38321,4
38322,4
38323,2
38324,3
38325,1
38326,4
38327,5
38328,2
38329,1
38330,3
38331,3
38332,3
38333,1
38334,5
38335,1
38336,2
38337,2
38338,1
38339,5
38340,1
38341,4
38342,5
38343,5
38344,5
38345,1
38346,2
38347,3
38348,3
38349,5
38350,5
38351,1
38352,3
38353,1
38354,2
38355,2
38356,4
38357,4
38358,3
38359,5
38360,3
38361,2
38362,3
38363,3
38364,5
38365,4
38366,5
38367,3
38368,1
38369,5
38370,2
38371,4
38372,5
38373,4
38374,5
38375,3
38376,2
38377,3
38378,1
38379,4
38380,3
38381,3
38382,3
38383,1
38384,5
38385,2
38386,3
38387,2
38388,5
38389,5
38390,3
38391,2
38392,3
38393,2
38394,5
38395,2
38396,3
38397,3
38398,2
38399,2
38400,1
38401,3
38402,3
38403,2
38404,3
38405,5
38406,4
38407,4
38408,5
38409,4
38410,2
38411,4
38412,2
38413,5
38414,5
38415,4
38416,1
38417,2
38418,5
38419,5
38420,1
38421,4
38422,5
38423,5
38424,3
38425,3
38426,5
38427,3
38428,4
38429,5
38430,5
38431,1
38432,2
38433,1
38434,3
38435,2
38436,4
38437,1
38438,2
38439,4
38440,5
38441,2
38442,3
38443,4
38444,4
38445,1
38446,3
38447,1
38448,4
38449,3
38450,3
38451,3
38452,3
38453,3
38454,2
38455,4
38456,5
38457,3
38458,5
38459,1
38460,3
38461,3
38462,2
38463,1
38464,2
38465,2
38466,3
38467,5
38468,1
38469,5
38470,3
38471,4
38472,4
38473,3
38474,1
38475,1
38476,1
38477,1
38478,1
38479,5
38480,5
38481,5
38482,1
38483,1
38484,2
38485,2
38486,3
38487,1
38488,3
38489,3
38490,2
38491,5
38492,5
38493,5
38494,4
38495,3
38496,1
38497,2
38498,5
38499,2
38500,1
38501,5
38502,3
38503,4
38504,2
38505,3
38506,5
38507,1
38508,4
38509,1
38510,3
38511,5
38512,4
38513,2
38514,4
38515,2
38516,4
38517,1
38518,1
38519,4
38520,5
38521,4
38522,5
38523,5
38524,3
38525,1
38526,1
38527,2
38528,1
38529,1
38530,5
38531,3
38532,2
38533,3
38534,5
38535,5
38536,2
38537,5
38538,1
38539,1
38540,2
38541,5
38542,2
38543,4
38544,3
38545,3
38546,4
38547,5
38548,3
38549,4
38550,3
38551,4
38552,3
38553,5
38554,5
38555,5
38556,2
38557,1
38558,4
38559,2
38560,2
38561,1
38562,4
38563,1
38564,2
38565,5
38566,3
38567,4
38568,5
38569,5
38570,4
38571,2
38572,2
38573,5
38574,2
38575,4
38576,5
38577,5
38578,3
38579,1
38580,2
38581,5
38582,4
38583,2
38584,2
38585,4
38586,5
38587,3
38588,1
38589,1
38590,3
38591,5
38592,3
38593,1
38594,3
38595,4
38596,3
38597,2
38598,1
38599,5
38600,4
38601,4
38602,2
38603,3
38604,1
38605,3
38606,3
38607,5
38608,2
38609,4
38610,5
38611,1
38612,4
38613,5
38614,3
38615,4
38616,2
38617,3
38618,4
38619,2
38620,2
38621,4
38622,3
38623,4
38624,1
38625,1
38626,5
38627,1
38628,2
38629,3
38630,4
38631,3
38632,1
38633,2
38634,1
38635,2
38636,5
38637,1
38638,3
38639,5
38640,3
38641,5
38642,3
38643,1
38644,2
38645,5
38646,3
38647,5
38648,5
38649,2
38650,5
38651,5
38652,5
38653,1
38654,5
38655,3
38656,5
38657,3
38658,4
38659,3
38660,2
38661,2
38662,5
38663,5
38664,1
38665,5
38666,3
38667,3
38668,5
38669,5
38670,2
38671,3
38672,3
38673,1
38674,5
38675,5
38676,5
38677,1
38678,2
38679,4
38680,1
38681,3
38682,4
38683,5
38684,4
38685,2
38686,3
38687,2
38688,2
38689,4
38690,5
38691,4
38692,5
38693,3
38694,3
38695,1
38696,4
38697,5
38698,1
38699,2
38700,2
38701,4
38702,4
38703,2
38704,4
38705,1
38706,1
38707,2
38708,3
38709,5
38710,1
38711,1
38712,5
38713,1
38714,4
38715,1
38716,2
38717,1
38718,4
38719,1
38720,5
38721,2
38722,4
38723,2
38724,5
38725,2
38726,2
38727,4
38728,2
38729,2
38730,4
38731,5
38732,2
38733,2
38734,1
38735,4
38736,5
38737,4
38738,5
38739,2
38740,1
38741,3
38742,2
38743,4
38744,1
38745,4
38746,4
38747,1
38748,2
38749,5
38750,1
38751,2
38752,5
38753,5
38754,5
38755,1
38756,4
38757,4
38758,5
38759,2
38760,2
38761,2
38762,5
38763,3
38764,3
38765,3
38766,2
38767,2
38768,1
38769,2
38770,4
38771,5
38772,5
38773,4
38774,4
38775,4
38776,5
38777,3
38778,3
38779,1
38780,4
38781,4
38782,1
38783,2
38784,5
38785,2
38786,2
38787,3
38788,1
38789,5
38790,3
38791,5
38792,4
38793,1
38794,4
38795,4
38796,1
38797,3
38798,4
38799,5
38800,5
38801,4
38802,4
38803,5
38804,5
38805,3
38806,3
38807,1
38808,3
38809,4
38810,2
38811,3
38812,2
38813,1
38814,1
38815,4
38816,5
38817,4
38818,1
38819,1
38820,2
38821,4
38822,5
38823,1
38824,3
38825,4
38826,5
38827,2
38828,1
38829,5
38830,2
38831,3
38832,2
38833,5
38834,5
38835,3
38836,5
38837,5
38838,4
38839,1
38840,2
38841,4
38842,1
38843,4
38844,4
38845,2
38846,5
38847,5
38848,4
38849,1
38850,1
38851,4
38852,2
38853,4
38854,4
38855,2
38856,5
38857,5
38858,3
38859,2
38860,1
38861,2
38862,3
38863,4
38864,1
38865,5
38866,1
38867,4
38868,3
38869,1
38870,1
38871,1
38872,3
38873,5
38874,3
38875,2
38876,3
38877,3
38878,4
38879,4
38880,3
38881,3
38882,3
38883,2
38884,4
38885,4
38886,5
38887,3
38888,3
38889,5
38890,4
38891,5
38892,4
38893,3
38894,2
38895,1
38896,5
38897,1
38898,5
38899,2
38900,2
38901,1
38902,1
38903,1
38904,4
38905,1
38906,4
38907,5
38908,2
38909,1
38910,3
38911,5
38912,4
38913,4
38914,2
38915,2
38916,5
38917,1
38918,3
38919,3
38920,4
38921,4
38922,4
38923,1
38924,4
38925,2
38926,3
38927,3
38928,5
38929,4
38930,2
38931,1
38932,2
38933,4
38934,5
38935,5
38936,1
38937,1
38938,4
38939,1
38940,4
38941,1
38942,1
38943,4
38944,4
38945,1
38946,3
38947,2
38948,3
38949,2
38950,3
38951,1
38952,2
38953,4
38954,4
38955,3
38956,2
38957,1
38958,2
38959,2
38960,1
38961,2
38962,1
38963,1
38964,3
38965,2
38966,3
38967,4
38968,3
38969,1
38970,5
38971,1
38972,2
38973,2
38974,1
38975,5
38976,2
38977,4
38978,3
38979,4
38980,2
38981,1
38982,5
38983,5
38984,3
38985,3
38986,4
38987,3
38988,4
38989,4
38990,1
38991,3
38992,3
38993,4
38994,5
38995,1
38996,4
38997,4
38998,5
38999,5
39000,1
39001,3
39002,2
39003,1
39004,2
39005,5
39006,3
39007,4
39008,3
39009,5
39010,1
39011,2
39012,1
39013,4
39014,4
39015,3
39016,2
39017,1
39018,5
39019,4
39020,4
39021,2
39022,3
39023,3
39024,4
39025,5
39026,3
39027,2
39028,2
39029,1
39030,4
39031,1
39032,5
39033,2
39034,4
39035,3
39036,3
39037,4
39038,3
39039,2
39040,4
39041,1
39042,3
39043,1
39044,2
39045,3
39046,1
39047,3
39048,5
39049,4
39050,1
39051,3
39052,3
39053,1
39054,2
39055,1
39056,3
39057,2
39058,3
39059,2
39060,2
39061,4
39062,5
39063,3
39064,3
39065,3
39066,3
39067,4
39068,4
39069,3
39070,1
39071,1
39072,5
39073,1
39074,5
39075,2
39076,1
39077,5
39078,1
39079,5
39080,3
39081,2
39082,3
39083,1
39084,3
39085,3
39086,2
39087,4
39088,3
39089,2
39090,1
39091,4
39092,1
39093,4
39094,3
39095,5
39096,5
39097,5
39098,2
39099,5
39100,4
39101,1
39102,1
39103,1
39104,1
39105,5
39106,4
39107,4
39108,3
39109,2
39110,5
39111,5
39112,4
39113,1
39114,3
39115,4
39116,5
39117,1
39118,5
39119,1
39120,3
39121,3
39122,5
39123,3
39124,1
39125,2
39126,5
39127,5
39128,5
39129,5
39130,2
39131,1
39132,4
39133,3
39134,3
39135,1
39136,1
39137,1
39138,3
39139,3
39140,4
39141,4
39142,2
39143,5
39144,2
39145,1
39146,5
39147,4
39148,2
39149,2
39150,5
39151,2
39152,3
39153,3
39154,1
39155,4
39156,1
39157,4
39158,5
39159,1
39160,5
39161,5
39162,2
39163,4
39164,4
39165,1
39166,2
39167,2
39168,3
39169,5
39170,4
39171,4
39172,4
39173,1
39174,4
39175,3
39176,4
39177,5
39178,5
39179,3
39180,3
39181,3
39182,4
39183,4
39184,3
39185,2
39186,5
39187,5
39188,3
39189,4
39190,3
39191,5
39192,3
39193,3
39194,2
39195,2
39196,5
39197,3
39198,5
39199,2
39200,3
39201,3
39202,5
39203,2
39204,4
39205,1
39206,5
39207,5
39208,3
39209,4
39210,1
39211,5
39212,4
39213,1
39214,3
39215,4
39216,3
39217,3
39218,2
39219,2
39220,3
39221,2
39222,4
39223,2
39224,4
39225,2
39226,5
39227,3
39228,4
39229,3
39230,4
39231,2
39232,3
39233,4
39234,4
39235,3
39236,5
39237,2
39238,2
39239,1
39240,1
39241,1
39242,3
39243,1
39244,2
39245,5
39246,1
39247,2
39248,3
39249,1
39250,2
39251,5
39252,3
39253,4
39254,5
39255,3
39256,4
39257,5
39258,5
39259,2
39260,2
39261,4
39262,5
39263,4
39264,4
39265,2
39266,1
39267,1
39268,3
39269,2
39270,1
39271,3
39272,3
39273,3
39274,1
39275,5
39276,5
39277,5
39278,5
39279,3
39280,4
39281,3
39282,1
39283,4
39284,3
39285,3
39286,1
39287,2
39288,1
39289,3
39290,3
39291,2
39292,5
39293,5
39294,1
39295,2
39296,5
39297,3
39298,1
39299,3
39300,4
39301,3
39302,2
39303,1
39304,5
39305,3
39306,3
39307,3
39308,2
39309,4
39310,4
39311,3
39312,4
39313,5
39314,4
39315,3
39316,3
39317,2
39318,5
39319,2
39320,2
39321,3
39322,3
39323,5
39324,1
39325,1
39326,4
39327,2
39328,4
39329,5
39330,4
39331,1
39332,5
39333,5
39334,5
39335,4
39336,4
39337,3
39338,1
39339,3
39340,1
39341,2
39342,2
39343,1
39344,4
39345,4
39346,5
39347,2
39348,4
39349,2
39350,4
39351,3
39352,1
39353,4
39354,4
39355,4
39356,2
39357,4
39358,3
39359,1
39360,4
39361,1
39362,2
39363,1
39364,5
39365,2
39366,4
39367,5
39368,1
39369,2
39370,5
39371,1
39372,4
39373,3
39374,5
39375,4
39376,3
39377,5
39378,3
39379,4
39380,2
39381,5
39382,5
39383,2
39384,1
39385,5
39386,2
39387,5
39388,5
39389,2
39390,3
39391,4
39392,4
39393,5
39394,2
39395,3
39396,4
39397,5
39398,3
39399,5
39400,5
39401,5
39402,2
39403,1
39404,2
39405,3
39406,5
39407,4
39408,5
39409,5
39410,4
39411,5
39412,5
39413,2
39414,1
39415,1
39416,2
39417,3
39418,5
39419,3
39420,2
39421,1
39422,2
39423,4
39424,3
39425,2
39426,5
39427,5
39428,4
39429,4
39430,3
39431,5
39432,4
39433,5
39434,3
39435,4
39436,1
39437,4
39438,4
39439,2
39440,2
39441,2
39442,4
39443,4
39444,3
39445,1
39446,3
39447,3
39448,5
39449,1
39450,3
39451,1
39452,1
39453,4
39454,3
39455,1
39456,3
39457,2
39458,5
39459,4
39460,2
39461,4
39462,3
39463,4
39464,5
39465,2
39466,4
39467,1
39468,5
39469,1
39470,1
39471,2
39472,2
39473,2
39474,2
39475,3
39476,2
39477,3
39478,2
39479,3
39480,4
39481,2
39482,3
39483,1
39484,1
39485,4
39486,2
39487,5
39488,4
39489,5
39490,5
39491,5
39492,3
39493,4
39494,4
39495,3
39496,4
39497,5
39498,5
39499,3
39500,3
39501,3
39502,4
39503,1
39504,5
39505,2
39506,1
39507,1
39508,1
39509,4
39510,5
39511,1
39512,4
39513,2
39514,5
39515,2
39516,1
39517,1
39518,3
39519,4
39520,1
39521,4
39522,3
39523,3
39524,3
39525,1
39526,3
39527,4
39528,4
39529,5
39530,3
39531,3
39532,3
39533,2
39534,4
39535,5
39536,5
39537,4
39538,3
39539,5
39540,2
39541,2
39542,4
39543,4
39544,4
39545,1
39546,2
39547,1
39548,3
39549,4
39550,2
39551,1
39552,5
39553,3
39554,2
39555,1
39556,1
39557,3
39558,4
39559,3
39560,2
39561,3
39562,3
39563,1
39564,1
39565,2
39566,3
39567,2
39568,1
39569,2
39570,4
39571,5
39572,4
39573,4
39574,2
39575,5
39576,2
39577,3
39578,3
39579,4
39580,1
39581,3
39582,5
39583,4
39584,4
39585,5
39586,5
39587,1
39588,4
39589,4
39590,3
39591,4
39592,1
39593,1
39594,5
39595,1
39596,3
39597,1
39598,1
39599,2
39600,5
39601,3
39602,2
39603,4
39604,4
39605,4
39606,3
39607,4
39608,1
39609,4
39610,4
39611,3
39612,4
39613,2
39614,1
39615,5
39616,1
39617,2
39618,2
39619,4
39620,2
39621,1
39622,1
39623,5
39624,3
39625,4
39626,2
39627,2
39628,3
39629,4
39630,4
39631,5
39632,2
39633,2
39634,1
39635,4
39636,1
39637,4
39638,3
39639,2
39640,3
39641,1
39642,3
39643,2
39644,4
39645,3
39646,5
39647,3
39648,5
39649,5
39650,5
39651,3
39652,3
39653,2
39654,5
39655,1
39656,4
39657,3
39658,5
39659,2
39660,5
39661,1
39662,5
39663,2
39664,3
39665,2
39666,1
39667,5
39668,4
39669,2
39670,2
39671,4
39672,5
39673,2
39674,5
39675,2
39676,2
39677,4
39678,1
39679,3
39680,2
39681,3
39682,4
39683,1
39684,3
39685,2
39686,3
39687,5
39688,4
39689,4
39690,2
39691,3
39692,1
39693,1
39694,4
39695,5
39696,2
39697,2
39698,3
39699,2
39700,4
39701,2
39702,3
39703,2
39704,3
39705,4
39706,5
39707,2
39708,1
39709,2
39710,2
39711,3
39712,2
39713,5
39714,4
39715,1
39716,1
39717,5
39718,2
39719,2
39720,2
39721,3
39722,2
39723,2
39724,5
39725,4
39726,3
39727,2
39728,2
39729,3
39730,3
39731,1
39732,2
39733,4
39734,3
39735,3
39736,5
39737,3
39738,1
39739,5
39740,4
39741,4
39742,5
39743,4
39744,4
39745,4
39746,4
39747,1
39748,3
39749,2
39750,5
39751,2
39752,2
39753,1
39754,3
39755,2
39756,3
39757,5
39758,5
39759,3
39760,5
39761,1
39762,2
39763,1
39764,4
39765,5
39766,2
39767,5
39768,3
39769,3
39770,4
39771,1
39772,4
39773,3
39774,5
39775,2
39776,5
39777,5
39778,5
39779,2
39780,2
39781,2
39782,3
39783,5
39784,2
39785,4
39786,3
39787,3
39788,1
39789,1
39790,4
39791,4
39792,5
39793,5
39794,2
39795,1
39796,2
39797,4
39798,1
39799,1
39800,5
39801,2
39802,4
39803,1
39804,1
39805,1
39806,4
39807,1
39808,3
39809,4
39810,4
39811,1
39812,2
39813,4
39814,3
39815,1
39816,3
39817,4
39818,3
39819,5
39820,4
39821,1
39822,1
39823,1
39824,4
39825,4
39826,2
39827,1
39828,2
39829,4
39830,5
39831,4
39832,2
39833,1
39834,3
39835,5
39836,2
39837,3
39838,2
39839,5
39840,3
39841,3
39842,3
39843,2
39844,4
39845,3
39846,2
39847,5
39848,4
39849,1
39850,4
39851,4
39852,1
39853,5
39854,5
39855,3
39856,5
39857,2
39858,1
39859,5
39860,1
39861,2
39862,4
39863,2
39864,3
39865,1
39866,1
39867,4
39868,1
39869,1
39870,2
39871,2
39872,5
39873,1
39874,4
39875,4
39876,3
39877,2
39878,2
39879,4
39880,1
39881,5
39882,1
39883,2
39884,3
39885,1
39886,5
39887,4
39888,5
39889,4
39890,5
39891,5
39892,1
39893,2
39894,3
39895,4
39896,3
39897,4
39898,3
39899,2
39900,1
39901,1
39902,1
39903,4
39904,3
39905,4
39906,4
39907,4
39908,3
39909,2
39910,2
39911,2
39912,1
39913,3
39914,3
39915,3
39916,1
39917,2
39918,3
39919,4
39920,2
39921,5
39922,2
39923,4
39924,1
39925,1
39926,1
39927,4
39928,1
39929,4
39930,5
39931,1
39932,3
39933,1
39934,5
39935,1
39936,3
39937,2
39938,4
39939,1
39940,4
39941,2
39942,2
39943,1
39944,5
39945,3
39946,2
39947,4
39948,2
39949,4
39950,2
39951,1
39952,5
39953,4
39954,4
39955,4
39956,1
39957,5
39958,2
39959,2
39960,3
39961,5
39962,5
39963,3
39964,4
39965,3
39966,4
39967,4
39968,2
39969,5
39970,1
39971,3
39972,3
39973,1
39974,2
39975,3
39976,3
39977,3
39978,5
39979,2
39980,5
39981,5
39982,3
39983,3
39984,4
39985,1
39986,1
39987,2
39988,1
39989,2
39990,2
39991,3
39992,1
39993,5
39994,3
39995,3
39996,5
39997,4
39998,5
39999,4
40000,5
40001,2
40002,5
40003,5
40004,4
40005,1
40006,5
40007,5
40008,3
40009,2
40010,2
40011,5
40012,2
40013,1
40014,5
40015,2
40016,2
40017,2
40018,3
40019,2
40020,5
40021,1
40022,4
40023,3
40024,5
40025,2
40026,1
40027,4
40028,4
40029,2
40030,3
40031,4
40032,1
40033,2
40034,1
40035,3
40036,3
40037,4
40038,1
40039,1
40040,5
40041,4
40042,5
40043,2
40044,3
40045,3
40046,2
40047,2
40048,1
40049,2
40050,2
40051,2
40052,2
40053,4
40054,2
40055,4
40056,2
40057,5
40058,3
40059,5
40060,4
40061,1
40062,1
40063,4
40064,2
40065,2
40066,3
40067,3
40068,3
40069,4
40070,2
40071,2
40072,2
40073,3
40074,2
40075,5
40076,2
40077,4
40078,4
40079,2
40080,1
40081,3
40082,5
40083,5
40084,5
40085,4
40086,2
40087,3
40088,5
40089,5
40090,2
40091,5
40092,5
40093,1
40094,3
40095,4
40096,1
40097,3
40098,3
40099,5
40100,3
40101,1
40102,3
40103,3
40104,1
40105,3
40106,1
40107,5
40108,4
40109,5
40110,2
40111,2
40112,1
40113,2
40114,1
40115,5
40116,3
40117,1
40118,5
40119,2
40120,2
40121,2
40122,4
40123,3
40124,2
40125,3
40126,3
40127,3
40128,3
40129,4
40130,5
40131,1
40132,2
40133,5
40134,2
40135,3
40136,1
40137,3
40138,2
40139,5
40140,4
40141,1
40142,5
40143,2
40144,3
40145,5
40146,3
40147,5
40148,5
40149,3
40150,5
40151,1
40152,2
40153,1
40154,1
40155,3
40156,4
40157,5
40158,1
40159,4
40160,2
40161,5
40162,1
40163,4
40164,3
40165,4
40166,2
40167,4
40168,3
40169,1
40170,5
40171,2
40172,1
40173,3
40174,3
40175,4
40176,1
40177,3
40178,1
40179,4
40180,3
40181,1
40182,2
40183,4
40184,1
40185,5
40186,2
40187,4
40188,4
40189,1
40190,2
40191,4
40192,4
40193,3
40194,1
40195,4
40196,2
40197,3
40198,1
40199,1
40200,2
40201,4
40202,4
40203,2
40204,4
40205,5
40206,1
40207,1
40208,3
40209,3
40210,5
40211,2
40212,1
40213,3
40214,5
40215,1
40216,5
40217,2
40218,2
40219,1
40220,3
40221,2
40222,2
40223,4
40224,3
40225,5
40226,4
40227,4
40228,4
40229,3
40230,3
40231,1
40232,4
40233,4
40234,2
40235,4
40236,4
40237,2
40238,2
40239,3
40240,5
40241,4
40242,1
40243,1
40244,4
40245,4
40246,4
40247,5
40248,5
40249,4
40250,5
40251,5
40252,3
40253,3
40254,3
40255,2
40256,4
40257,2
40258,2
40259,4
40260,4
40261,3
40262,1
40263,1
40264,3
40265,1
40266,1
40267,2
40268,3
40269,1
40270,4
40271,2
40272,4
40273,1
40274,2
40275,4
40276,1
40277,1
40278,2
40279,2
40280,5
40281,1
40282,1
40283,2
40284,4
40285,2
40286,5
40287,3
40288,3
40289,5
40290,1
40291,4
40292,3
40293,2
40294,5
40295,2
40296,5
40297,1
40298,4
40299,1
40300,5
40301,5
40302,1
40303,4
40304,5
40305,5
40306,2
40307,4
40308,3
40309,2
40310,1
40311,4
40312,2
40313,5
40314,1
40315,2
40316,4
40317,2
40318,2
40319,2
40320,1
40321,4
40322,2
40323,5
40324,1
40325,4
40326,3
40327,3
40328,3
40329,5
40330,2
40331,1
40332,3
40333,5
40334,2
40335,1
40336,3
40337,5
40338,2
40339,2
40340,2
40341,3
40342,3
40343,2
40344,2
40345,3
40346,5
40347,2
40348,1
40349,1
40350,4
40351,2
40352,2
40353,3
40354,1
40355,4
40356,1
40357,1
40358,1
40359,2
40360,3
40361,1
40362,3
40363,5
40364,1
40365,3
40366,5
40367,2
40368,4
40369,5
40370,2
40371,3
40372,3
40373,4
40374,2
40375,3
40376,4
40377,2
40378,1
40379,4
40380,3
40381,5
40382,2
40383,1
40384,4
40385,5
40386,3
40387,5
40388,4
40389,2
40390,1
40391,1
40392,3
40393,2
40394,4
40395,2
40396,3
40397,5
40398,5
40399,1
40400,3
40401,3
40402,1
40403,2
40404,2
40405,2
40406,4
40407,2
40408,4
40409,2
40410,5
40411,4
40412,5
40413,2
40414,1
40415,2
40416,3
40417,2
40418,1
40419,2
40420,1
40421,1
40422,4
40423,3
40424,2
40425,3
40426,5
40427,1
40428,5
40429,2
40430,1
40431,3
40432,4
40433,4
40434,5
40435,4
40436,5
40437,1
40438,4
40439,1
40440,1
40441,5
40442,4
40443,1
40444,3
40445,4
40446,4
40447,2
40448,3
40449,3
40450,5
40451,4
40452,1
40453,2
40454,5
40455,1
40456,4
40457,2
40458,2
40459,2
40460,5
40461,3
40462,5
40463,4
40464,3
40465,4
40466,3
40467,4
40468,1
40469,4
40470,2
40471,5
40472,3
40473,2
40474,2
40475,5
40476,3
40477,2
40478,5
40479,5
40480,4
40481,3
40482,4
40483,5
40484,4
40485,2
40486,5
40487,2
40488,2
40489,4
40490,2
40491,3
40492,3
40493,2
40494,4
40495,2
40496,1
40497,4
40498,1
40499,5
40500,1
40501,4
40502,4
40503,5
40504,1
40505,2
40506,1
40507,1
40508,1
40509,5
40510,2
40511,1
40512,4
40513,1
40514,2
40515,3
40516,1
40517,3
40518,5
40519,3
40520,3
40521,1
40522,5
40523,5
40524,5
40525,1
40526,1
40527,1
40528,4
40529,1
40530,2
40531,1
40532,1
40533,2
40534,1
40535,3
40536,2
40537,3
40538,2
40539,3
40540,4
40541,1
40542,2
40543,2
40544,1
40545,3
40546,5
40547,3
40548,3
40549,1
40550,5
40551,2
40552,4
40553,3
40554,5
40555,1
40556,1
40557,1
40558,1
40559,3
40560,4
40561,1
40562,5
40563,2
40564,5
40565,3
40566,2
40567,4
40568,3
40569,2
40570,5
40571,3
40572,3
40573,4
40574,3
40575,3
40576,2
40577,3
40578,3
40579,5
40580,4
40581,3
40582,1
40583,2
40584,4
40585,1
40586,2
40587,3
40588,5
40589,4
40590,4
40591,4
40592,2
40593,1
40594,2
40595,1
40596,1
40597,4
40598,2
40599,4
40600,2
40601,2
40602,2
40603,3
40604,2
40605,5
40606,1
40607,3
40608,1
40609,5
40610,4
40611,1
40612,4
40613,3
40614,4
40615,3
40616,2
40617,4
40618,4
40619,2
40620,4
40621,1
40622,2
40623,2
40624,5
40625,5
40626,2
40627,4
40628,2
40629,1
40630,1
40631,2
40632,2
40633,1
40634,2
40635,4
40636,3
40637,1
40638,2
40639,3
40640,5
40641,2
40642,4
40643,2
40644,1
40645,2
40646,1
40647,3
40648,1
40649,3
40650,1
40651,3
40652,3
40653,5
40654,3
40655,1
40656,2
40657,1
40658,5
40659,5
40660,5
40661,2
40662,5
40663,3
40664,5
40665,2
40666,3
40667,5
40668,5
40669,4
40670,2
40671,5
40672,3
40673,1
40674,1
40675,5
40676,4
40677,5
40678,3
40679,3
40680,3
40681,5
40682,4
40683,2
40684,3
40685,3
40686,1
40687,2
40688,3
40689,2
40690,2
40691,5
40692,5
40693,5
40694,4
40695,3
40696,5
40697,1
40698,2
40699,4
40700,3
40701,3
40702,2
40703,1
40704,3
40705,5
40706,3
40707,2
40708,5
40709,1
40710,3
40711,2
40712,5
40713,1
40714,1
40715,2
40716,4
40717,5
40718,1
40719,4
40720,5
40721,5
40722,3
40723,3
40724,3
40725,2
40726,3
40727,1
40728,3
40729,4
40730,1
40731,4
40732,5
40733,2
40734,4
40735,1
40736,4
40737,5
40738,1
40739,2
40740,5
40741,4
40742,5
40743,3
40744,2
40745,2
40746,3
40747,5
40748,1
40749,4
40750,2
40751,5
40752,3
40753,2
40754,4
40755,5
40756,2
40757,2
40758,1
40759,2
40760,3
40761,5
40762,2
40763,5
40764,1
40765,1
40766,1
40767,5
40768,1
40769,3
40770,2
40771,1
40772,1
40773,4
40774,1
40775,2
40776,4
40777,3
40778,3
40779,4
40780,4
40781,2
40782,4
40783,1
40784,3
40785,2
40786,4
40787,3
40788,1
40789,4
40790,3
40791,3
40792,3
40793,2
40794,3
40795,4
40796,5
40797,5
40798,1
40799,1
40800,5
40801,4
40802,5
40803,2
40804,4
40805,1
40806,2
40807,3
40808,5
40809,4
40810,5
40811,3
40812,5
40813,5
40814,4
40815,5
40816,5
40817,3
40818,4
40819,5
40820,5
40821,2
40822,2
40823,3
40824,3
40825,5
40826,5
40827,3
40828,1
40829,1
40830,2
40831,4
40832,4
40833,3
40834,3
40835,3
40836,1
40837,5
40838,5
40839,2
40840,1
40841,1
40842,4
40843,1
40844,4
40845,3
40846,2
40847,2
40848,3
40849,1
40850,2
40851,1
40852,1
40853,2
40854,2
40855,4
40856,2
40857,2
40858,3
40859,5
40860,2
40861,1
40862,4
40863,1
40864,5
40865,3
40866,4
40867,1
40868,1
40869,1
40870,4
40871,3
40872,3
40873,5
40874,3
40875,3
40876,2
40877,1
40878,1
40879,5
40880,4
40881,5
40882,1
40883,4
40884,4
40885,5
40886,5
40887,2
40888,5
40889,4
40890,4
40891,2
40892,1
40893,1
40894,2
40895,1
40896,5
40897,3
40898,1
40899,3
40900,2
40901,5
40902,2
40903,3
40904,4
40905,3
40906,2
40907,1
40908,4
40909,4
40910,5
40911,5
40912,2
40913,3
40914,3
40915,2
40916,4
40917,4
40918,5
40919,2
40920,3
40921,3
40922,1
40923,4
40924,2
40925,5
40926,4
40927,2
40928,2
40929,5
40930,5
40931,1
40932,1
40933,5
40934,5
40935,3
40936,4
40937,3
40938,5
40939,3
40940,5
40941,4
40942,2
40943,5
40944,2
40945,1
40946,4
40947,4
40948,1
40949,3
40950,3
40951,3
40952,5
40953,2
40954,3
40955,2
40956,1
40957,1
40958,2
40959,4
40960,1
40961,1
40962,4
40963,3
40964,5
40965,5
40966,4
40967,4
40968,1
40969,3
40970,2
40971,1
40972,3
40973,4
40974,3
40975,3
40976,4
40977,2
40978,4
40979,2
40980,3
40981,3
40982,4
40983,5
40984,5
40985,2
40986,3
40987,2
40988,4
40989,5
40990,5
40991,2
40992,4
40993,2
40994,3
40995,5
40996,5
40997,2
40998,1
40999,2
41000,3
41001,1
41002,2
41003,4
41004,2
41005,1
41006,3
41007,4
41008,3
41009,3
41010,4
41011,5
41012,1
41013,5
41014,4
41015,3
41016,1
41017,3
41018,1
41019,4
41020,4
41021,1
41022,2
41023,3
41024,5
41025,5
41026,3
41027,2
41028,4
41029,1
41030,4
41031,5
41032,1
41033,2
41034,4
41035,4
41036,4
41037,5
41038,5
41039,4
41040,3
41041,3
41042,2
41043,4
41044,1
41045,2
41046,4
41047,1
41048,3
41049,4
41050,4
41051,1
41052,1
41053,2
41054,2
41055,4
41056,5
41057,3
41058,3
41059,3
41060,2
41061,5
41062,4
41063,4
41064,4
41065,3
41066,3
41067,1
41068,5
41069,5
41070,5
41071,4
41072,5
41073,3
41074,4
41075,1
41076,4
41077,5
41078,3
41079,2
41080,3
41081,4
41082,1
41083,4
41084,4
41085,3
41086,4
41087,1
41088,2
41089,2
41090,3
41091,5
41092,5
41093,4
41094,4
41095,3
41096,4
41097,3
41098,5
41099,3
41100,1
41101,2
41102,1
41103,1
41104,3
41105,4
41106,5
41107,1
41108,1
41109,5
41110,4
41111,3
41112,4
41113,4
41114,5
41115,5
41116,4
41117,2
41118,1
41119,3
41120,5
41121,3
41122,5
41123,4
41124,5
41125,5
41126,4
41127,2
41128,4
41129,4
41130,3
41131,5
41132,1
41133,2
41134,5
41135,1
41136,1
41137,1
41138,1
41139,3
41140,5
41141,3
41142,4
41143,3
41144,3
41145,4
41146,2
41147,2
41148,3
41149,3
41150,4
41151,1
41152,4
41153,2
41154,3
41155,1
41156,5
41157,1
41158,4
41159,3
41160,1
41161,1
41162,2
41163,1
41164,3
41165,1
41166,2
41167,4
41168,5
41169,3
41170,3
41171,5
41172,5
41173,4
41174,1
41175,4
41176,2
41177,4
41178,4
41179,4
41180,4
41181,2
41182,5
41183,5
41184,4
41185,1
41186,3
41187,1
41188,5
41189,2
41190,2
41191,5
41192,2
41193,5
41194,5
41195,1
41196,5
41197,1
41198,1
41199,5
41200,3
41201,2
41202,5
41203,5
41204,3
41205,4
41206,3
41207,4
41208,1
41209,1
41210,5
41211,1
41212,2
41213,4
41214,4
41215,1
41216,2
41217,1
41218,4
41219,5
41220,2
41221,1
41222,4
41223,4
41224,4
41225,5
41226,4
41227,5
41228,2
41229,2
41230,5
41231,1
41232,2
41233,1
41234,2
41235,1
41236,1
41237,3
41238,4
41239,3
41240,5
41241,5
41242,2
41243,3
41244,2
41245,2
41246,1
41247,5
41248,5
41249,4
41250,5
41251,2
41252,2
41253,4
41254,2
41255,1
41256,3
41257,4
41258,3
41259,3
41260,5
41261,1
41262,3
41263,3
41264,5
41265,5
41266,2
41267,2
41268,2
41269,5
41270,4
41271,4
41272,4
41273,2
41274,1
41275,2
41276,5
41277,2
41278,5
41279,3
41280,4
41281,2
41282,1
41283,5
41284,4
41285,1
41286,3
41287,5
41288,5
41289,1
41290,4
41291,5
41292,2
41293,3
41294,5
41295,3
41296,4
41297,3
41298,2
41299,4
41300,3
41301,4
41302,4
41303,5
41304,2
41305,1
41306,4
41307,1
41308,2
41309,5
41310,4
41311,4
41312,3
41313,4
41314,3
41315,1
41316,2
41317,5
41318,5
41319,5
41320,2
41321,4
41322,1
41323,1
41324,2
41325,4
41326,3
41327,4
41328,5
41329,5
41330,3
41331,3
41332,4
41333,4
41334,5
41335,3
41336,5
41337,3
41338,1
41339,3
41340,5
41341,1
41342,3
41343,3
41344,3
41345,4
41346,2
41347,2
41348,5
41349,1
41350,4
41351,3
41352,2
41353,3
41354,3
41355,5
41356,3
41357,1
41358,5
41359,3
41360,2
41361,4
41362,4
41363,1
41364,5
41365,3
41366,1
41367,5
41368,4
41369,2
41370,5
41371,5
41372,2
41373,5
41374,4
41375,1
41376,5
41377,2
41378,3
41379,5
41380,1
41381,4
41382,3
41383,4
41384,1
41385,2
41386,4
41387,5
41388,5
41389,2
41390,4
41391,4
41392,3
41393,3
41394,3
41395,4
41396,2
41397,1
41398,1
41399,1
41400,5
41401,2
41402,5
41403,5
41404,4
41405,1
41406,5
41407,1
41408,2
41409,1
41410,1
41411,3
41412,5
41413,1
41414,2
41415,1
41416,5
41417,1
41418,4
41419,1
41420,1
41421,5
41422,5
41423,2
41424,4
41425,1
41426,3
41427,1
41428,3
41429,2
41430,1
41431,2
41432,4
41433,4
41434,2
41435,5
41436,2
41437,5
41438,2
41439,5
41440,4
41441,3
41442,4
41443,5
41444,5
41445,5
41446,3
41447,5
41448,4
41449,1
41450,3
41451,2
41452,5
41453,3
41454,5
41455,4
41456,3
41457,3
41458,1
41459,4
41460,2
41461,4
41462,3
41463,5
41464,4
41465,4
41466,3
41467,1
41468,4
41469,2
41470,2
41471,3
41472,4
41473,2
41474,4
41475,2
41476,3
41477,4
41478,1
41479,3
41480,5
41481,4
41482,4
41483,1
41484,1
41485,3
41486,3
41487,5
41488,5
41489,2
41490,5
41491,4
41492,4
41493,5
41494,4
41495,1
41496,5
41497,5
41498,4
41499,3
41500,5
41501,5
41502,3
41503,2
41504,5
41505,4
41506,4
41507,4
41508,1
41509,4
41510,3
41511,3
41512,4
41513,2
41514,4
41515,3
41516,2
41517,3
41518,5
41519,5
41520,4
41521,5
41522,3
41523,5
41524,3
41525,5
41526,2
41527,3
41528,1
41529,2
41530,5
41531,4
41532,3
41533,2
41534,1
41535,3
41536,2
41537,5
41538,2
41539,4
41540,1
41541,2
41542,2
41543,4
41544,3
41545,3
41546,1
41547,2
41548,1
41549,2
41550,1
41551,4
41552,5
41553,5
41554,2
41555,3
41556,3
41557,5
41558,3
41559,5
41560,5
41561,4
41562,5
41563,5
41564,3
41565,2
41566,1
41567,5
41568,2
41569,3
41570,1
41571,2
41572,1
41573,2
41574,5
41575,3
41576,2
41577,1
41578,5
41579,4
41580,5
41581,2
41582,1
41583,1
41584,4
41585,5
41586,4
41587,1
41588,2
41589,3
41590,1
41591,2
41592,5
41593,2
41594,5
41595,4
41596,2
41597,2
41598,3
41599,4
41600,1
41601,5
41602,4
41603,2
41604,2
41605,5
41606,3
41607,3
41608,4
41609,4
41610,4
41611,4
41612,3
41613,5
41614,3
41615,1
41616,4
41617,3
41618,4
41619,2
41620,2
41621,1
41622,4
41623,2
41624,3
41625,3
41626,5
41627,4
41628,1
41629,1
41630,4
41631,4
41632,5
41633,1
41634,4
41635,3
41636,3
41637,2
41638,2
41639,2
41640,5
41641,2
41642,4
41643,1
41644,4
41645,2
41646,2
41647,3
41648,1
41649,4
41650,4
41651,5
41652,2
41653,3
41654,5
41655,2
41656,4
41657,5
41658,3
41659,2
41660,2
41661,5
41662,5
41663,4
41664,3
41665,1
41666,4
41667,1
41668,1
41669,3
41670,4
41671,5
41672,4
41673,1
41674,5
41675,4
41676,5
41677,1
41678,3
41679,4
41680,1
41681,1
41682,1
41683,1
41684,4
41685,5
41686,4
41687,1
41688,3
41689,4
41690,3
41691,1
41692,3
41693,1
41694,1
41695,2
41696,2
41697,3
41698,5
41699,1
41700,5
41701,5
41702,2
41703,5
41704,1
41705,4
41706,2
41707,5
41708,2
41709,1
41710,5
41711,5
41712,5
41713,4
41714,4
41715,5
41716,4
41717,5
41718,5
41719,5
41720,4
41721,2
41722,4
41723,3
41724,3
41725,2
41726,5
41727,5
41728,5
41729,2
41730,3
41731,2
41732,1
41733,3
41734,1
41735,2
41736,5
41737,4
41738,2
41739,1
41740,1
41741,3
41742,4
41743,2
41744,2
41745,2
41746,2
41747,3
41748,2
41749,5
41750,1
41751,5
41752,1
41753,1
41754,1
41755,3
41756,1
41757,2
41758,3
41759,1
41760,5
41761,1
41762,5
41763,4
41764,5
41765,2
41766,4
41767,5
41768,4
41769,2
41770,1
41771,4
41772,4
41773,3
41774,3
41775,1
41776,2
41777,4
41778,1
41779,4
41780,4
41781,4
41782,3
41783,1
41784,3
41785,3
41786,3
41787,3
41788,5
41789,1
41790,5
41791,3
41792,1
41793,5
41794,3
41795,5
41796,2
41797,1
41798,3
41799,2
41800,4
41801,2
41802,5
41803,4
41804,4
41805,2
41806,1
41807,5
41808,3
41809,5
41810,1
41811,3
41812,4
41813,3
41814,3
41815,2
41816,1
41817,5
41818,2
41819,1
41820,2
41821,3
41822,5
41823,5
41824,2
41825,5
41826,3
41827,3
41828,4
41829,2
41830,1
41831,3
41832,4
41833,4
41834,5
41835,5
41836,2
41837,1
41838,4
41839,5
41840,5
41841,5
41842,2
41843,5
41844,2
41845,1
41846,5
41847,4
41848,4
41849,3
41850,5
41851,4
41852,5
41853,5
41854,1
41855,4
41856,1
41857,5
41858,1
41859,3
41860,3
41861,5
41862,3
41863,2
41864,1
41865,4
41866,3
41867,2
41868,2
41869,5
41870,3
41871,4
41872,2
41873,3
41874,4
41875,3
41876,5
41877,3
41878,3
41879,4
41880,2
41881,2
41882,4
41883,4
41884,5
41885,3
41886,2
41887,3
41888,4
41889,4
41890,4
41891,1
41892,1
41893,2
41894,3
41895,5
41896,5
41897,4
41898,2
41899,3
41900,2
41901,2
41902,4
41903,5
41904,5
41905,5
41906,5
41907,4
41908,1
41909,1
41910,3
41911,2
41912,4
41913,5
41914,4
41915,4
41916,5
41917,3
41918,3
41919,4
41920,3
41921,3
41922,2
41923,4
41924,1
41925,3
41926,4
41927,2
41928,3
41929,2
41930,1
41931,4
41932,1
41933,5
41934,3
41935,1
41936,1
41937,1
41938,5
41939,3
41940,5
41941,1
41942,2
41943,5
41944,1
41945,3
41946,5
41947,5
41948,3
41949,4
41950,3
41951,1
41952,2
41953,2
41954,5
41955,2
41956,5
41957,1
41958,4
41959,2
41960,3
41961,4
41962,4
41963,3
41964,4
41965,2
41966,4
41967,2
41968,1
41969,5
41970,1
41971,4
41972,3
41973,5
41974,3
41975,4
41976,4
41977,3
41978,2
41979,4
41980,1
41981,2
41982,1
41983,1
41984,2
41985,3
41986,2
41987,4
41988,5
41989,2
41990,1
41991,5
41992,3
41993,3
41994,1
41995,5
41996,4
41997,3
41998,5
41999,5
42000,2
42001,3
42002,1
42003,4
42004,5
42005,1
42006,2
42007,1
42008,4
42009,5
42010,5
42011,4
42012,5
42013,2
42014,3
42015,5
42016,4
42017,2
42018,4
42019,1
42020,2
42021,4
42022,5
42023,4
42024,5
42025,4
42026,3
42027,3
42028,1
42029,3
42030,2
42031,5
42032,4
42033,3
42034,1
42035,1
42036,5
42037,2
42038,5
42039,1
42040,4
42041,4
42042,1
42043,4
42044,1
42045,1
42046,1
42047,3
42048,2
42049,1
42050,2
42051,4
42052,5
42053,3
42054,2
42055,1
42056,3
42057,2
42058,5
42059,3
42060,1
42061,3
42062,2
42063,3
42064,4
42065,3
42066,4
42067,1
42068,4
42069,1
42070,3
42071,5
42072,2
42073,1
42074,2
42075,5
42076,4
42077,4
42078,3
42079,3
42080,1
42081,5
42082,4
42083,2
42084,2
42085,5
42086,3
42087,2
42088,4
42089,2
42090,1
42091,1
42092,5
42093,4
42094,5
42095,3
42096,1
42097,4
42098,3
42099,4
42100,4
42101,4
42102,5
42103,3
42104,4
42105,3
42106,5
42107,1
42108,2
42109,5
42110,2
42111,4
42112,5
42113,2
42114,4
42115,2
42116,1
42117,5
42118,1
42119,2
42120,1
42121,5
42122,1
42123,5
42124,3
42125,3
42126,1
42127,1
42128,4
42129,3
42130,5
42131,4
42132,2
42133,2
42134,3
42135,3
42136,1
42137,2
42138,1
42139,2
42140,5
42141,3
42142,3
42143,2
42144,5
42145,1
42146,5
42147,1
42148,3
42149,5
42150,3
42151,3
42152,3
42153,5
42154,5
42155,4
42156,3
42157,3
42158,4
42159,1
42160,2
42161,3
42162,2
42163,5
42164,1
42165,1
42166,5
42167,3
42168,3
42169,2
42170,5
42171,3
42172,1
42173,1
42174,4
42175,2
42176,2
42177,2
42178,4
42179,4
42180,1
42181,3
42182,5
42183,5
42184,4
42185,4
42186,3
42187,1
42188,5
42189,1
42190,2
42191,4
42192,2
42193,3
42194,5
42195,2
42196,5
42197,4
42198,4
42199,2
42200,2
42201,3
42202,1
42203,2
42204,2
42205,2
42206,3
42207,3
42208,2
42209,5
42210,5
42211,1
42212,3
42213,3
42214,4
42215,5
42216,4
42217,2
42218,1
42219,3
42220,5
42221,5
42222,2
42223,3
42224,1
42225,4
42226,2
42227,3
42228,3
42229,2
42230,2
42231,5
42232,2
42233,2
42234,2
42235,2
42236,4
42237,3
42238,2
42239,5
42240,4
42241,3
42242,5
42243,2
42244,2
42245,1
42246,2
42247,4
42248,3
42249,5
42250,4
42251,4
42252,4
42253,4
42254,5
42255,1
42256,5
42257,3
42258,1
42259,1
42260,3
42261,4
42262,5
42263,3
42264,5
42265,4
42266,3
42267,5
42268,5
42269,3
42270,3
42271,3
42272,4
42273,2
42274,5
42275,3
42276,3
42277,3
42278,4
42279,4
42280,5
42281,5
42282,1
42283,2
42284,5
42285,1
42286,4
42287,4
42288,3
42289,1
42290,4
42291,4
42292,1
42293,2
42294,2
42295,1
42296,1
42297,3
42298,2
42299,2
42300,2
42301,1
42302,5
42303,1
42304,1
42305,2
42306,3
42307,1
42308,4
42309,1
42310,4
42311,5
42312,2
42313,5
42314,4
42315,1
42316,2
42317,3
42318,3
42319,2
42320,4
42321,2
42322,2
42323,2
42324,1
42325,1
42326,5
42327,3
42328,1
42329,2
42330,4
42331,5
42332,5
42333,1
42334,3
42335,1
42336,4
42337,5
42338,1
42339,3
42340,2
42341,1
42342,5
42343,5
42344,1
42345,2
42346,4
42347,5
42348,2
42349,3
42350,4
42351,2
42352,5
42353,4
42354,4
42355,3
42356,4
42357,1
42358,5
42359,5
42360,1
42361,1
42362,2
42363,2
42364,2
42365,2
42366,3
42367,2
42368,3
42369,1
42370,3
42371,2
42372,1
42373,2
42374,1
42375,4
42376,2
42377,3
42378,3
42379,1
42380,1
42381,3
42382,4
42383,5
42384,5
42385,3
42386,1
42387,4
42388,1
42389,3
42390,2
42391,3
42392,3
42393,5
42394,1
42395,5
42396,3
42397,1
42398,4
42399,5
42400,2
42401,5
42402,4
42403,3
42404,1
42405,4
42406,5
42407,5
42408,2
42409,4
42410,4
42411,4
42412,2
42413,3
42414,1
42415,5
42416,3
42417,5
42418,2
42419,2
42420,1
42421,2
42422,5
42423,3
42424,2
42425,3
42426,1
42427,2
42428,4
42429,1
42430,1
42431,4
42432,3
42433,2
42434,1
42435,5
42436,4
42437,2
42438,1
42439,2
42440,4
42441,4
42442,4
42443,3
42444,1
42445,3
42446,5
42447,2
42448,3
42449,2
42450,2
42451,5
42452,3
42453,3
42454,3
42455,3
42456,4
42457,2
42458,5
42459,5
42460,1
42461,3
42462,5
42463,5
42464,5
42465,2
42466,2
42467,5
42468,1
42469,5
42470,2
42471,5
42472,1
42473,1
42474,5
42475,1
42476,4
42477,5
42478,5
42479,4
42480,4
42481,5
42482,5
42483,2
42484,4
42485,2
42486,3
42487,1
42488,4
42489,4
42490,3
42491,3
42492,2
42493,4
42494,1
42495,5
42496,4
42497,4
42498,1
42499,5
42500,2
42501,2
42502,3
42503,5
42504,5
42505,2
42506,4
42507,3
42508,2
42509,5
42510,5
42511,5
42512,3
42513,3
42514,5
42515,1
42516,5
42517,2
42518,5
42519,3
42520,2
42521,1
42522,4
42523,2
42524,2
42525,5
42526,4
42527,4
42528,1
42529,1
42530,5
42531,5
42532,4
42533,3
42534,1
42535,2
42536,5
42537,4
42538,4
42539,2
42540,5
42541,4
42542,4
42543,3
42544,3
42545,2
42546,2
42547,3
42548,1
42549,5
42550,2
42551,5
42552,4
42553,5
42554,5
42555,5
42556,5
42557,5
42558,3
42559,4
42560,4
42561,5
42562,1
42563,3
42564,5
42565,2
42566,1
42567,5
42568,5
42569,2
42570,2
42571,2
42572,4
42573,1
42574,4
42575,1
42576,5
42577,5
42578,5
42579,4
42580,1
42581,3
42582,2
42583,3
42584,3
42585,5
42586,5
42587,5
42588,2
42589,2
42590,4
42591,5
42592,4
42593,1
42594,2
42595,3
42596,4
42597,4
42598,3
42599,2
42600,3
42601,4
42602,3
42603,1
42604,5
42605,5
42606,5
42607,5
42608,1
42609,2
42610,2
42611,2
42612,4
42613,2
42614,2
42615,4
42616,4
42617,1
42618,2
42619,1
42620,2
42621,1
42622,4
42623,5
42624,1
42625,2
42626,2
42627,5
42628,5
42629,2
42630,5
42631,1
42632,3
42633,3
42634,4
42635,4
42636,3
42637,1
42638,4
42639,3
42640,1
42641,4
42642,3
42643,1
42644,3
42645,4
42646,2
42647,1
42648,2
42649,5
42650,2
42651,4
42652,5
42653,2
42654,4
42655,3
42656,1
42657,4
42658,5
42659,3
42660,1
42661,5
42662,3
42663,5
42664,4
42665,1
42666,3
42667,4
42668,1
42669,1
42670,5
42671,2
42672,1
42673,4
42674,2
42675,5
42676,1
42677,3
42678,3
42679,4
42680,4
42681,3
42682,5
42683,3
42684,2
42685,2
42686,2
42687,1
42688,1
42689,4
42690,3
42691,2
42692,5
42693,4
42694,3
42695,4
42696,2
42697,4
42698,3
42699,1
42700,3
42701,3
42702,2
42703,3
42704,1
42705,4
42706,5
42707,4
42708,4
42709,2
42710,3
42711,2
42712,1
42713,1
42714,1
42715,2
42716,2
42717,2
42718,1
42719,5
42720,1
42721,4
42722,4
42723,4
42724,1
42725,1
42726,5
42727,5
42728,4
42729,5
42730,4
42731,3
42732,5
42733,3
42734,1
42735,1
42736,5
42737,1
42738,4
42739,2
42740,3
42741,3
42742,3
42743,1
42744,4
42745,4
42746,3
42747,2
42748,4
42749,3
42750,1
42751,5
42752,4
42753,4
42754,1
42755,5
42756,4
42757,2
42758,3
42759,4
42760,2
42761,1
42762,5
42763,4
42764,5
42765,5
42766,3
42767,4
42768,2
42769,5
42770,1
42771,5
42772,5
42773,1
42774,1
42775,5
42776,4
42777,2
42778,5
42779,4
42780,2
42781,5
42782,2
42783,1
42784,2
42785,2
42786,1
42787,1
42788,2
42789,5
42790,2
42791,3
42792,3
42793,3
42794,1
42795,4
42796,1
42797,1
42798,5
42799,3
42800,3
42801,4
42802,3
42803,5
42804,5
42805,4
42806,2
42807,2
42808,4
42809,4
42810,1
42811,1
42812,4
42813,2
42814,3
42815,2
42816,3
42817,5
42818,3
42819,5
42820,5
42821,4
42822,5
42823,5
42824,5
42825,3
42826,4
42827,4
42828,5
42829,5
42830,2
42831,4
42832,2
42833,4
42834,5
42835,3
42836,4
42837,1
42838,4
42839,3
42840,1
42841,2
42842,3
42843,2
42844,5
42845,1
42846,1
42847,2
42848,1
42849,3
42850,5
42851,5
42852,4
42853,3
42854,3
42855,5
42856,1
42857,4
42858,2
42859,3
42860,2
42861,1
42862,5
42863,5
42864,3
42865,4
42866,3
42867,1
42868,4
42869,3
42870,2
42871,3
42872,4
42873,1
42874,1
42875,2
42876,2
42877,5
42878,3
42879,3
42880,1
42881,5
42882,1
42883,5
42884,5
42885,2
42886,1
42887,4
42888,5
42889,4
42890,4
42891,1
42892,5
42893,2
42894,3
42895,4
42896,4
42897,1
42898,3
42899,4
42900,3
42901,1
42902,1
42903,2
42904,1
42905,5
42906,2
42907,2
42908,5
42909,5
42910,4
42911,5
42912,2
42913,5
42914,3
42915,2
42916,3
42917,3
42918,2
42919,2
42920,4
42921,2
42922,5
42923,3
42924,1
42925,3
42926,1
42927,4
42928,1
42929,3
42930,1
42931,1
42932,1
42933,2
42934,3
42935,5
42936,5
42937,2
42938,5
42939,3
42940,2
42941,5
42942,4
42943,3
42944,2
42945,5
42946,1
42947,5
42948,2
42949,5
42950,5
42951,3
42952,5
42953,5
42954,5
42955,4
42956,3
42957,3
42958,1
42959,1
42960,4
42961,5
42962,4
42963,1
42964,1
42965,3
42966,2
42967,5
42968,5
42969,1
42970,2
42971,1
42972,2
42973,3
42974,2
42975,1
42976,4
42977,1
42978,3
42979,1
42980,2
42981,1
42982,4
42983,5
42984,2
42985,5
42986,5
42987,3
42988,4
42989,1
42990,2
42991,4
42992,1
42993,4
42994,5
42995,3
42996,2
42997,2
42998,1
42999,2
43000,3
43001,1
43002,5
43003,5
43004,4
43005,2
43006,1
43007,2
43008,3
43009,2
43010,2
43011,5
43012,4
43013,5
43014,3
43015,4
43016,5
43017,3
43018,2
43019,5
43020,3
43021,1
43022,5
43023,2
43024,1
43025,5
43026,3
43027,5
43028,3
43029,2
43030,1
43031,3
43032,5
43033,4
43034,3
43035,4
43036,2
43037,2
43038,2
43039,2
43040,1
43041,2
43042,1
43043,4
43044,5
43045,5
43046,2
43047,3
43048,1
43049,2
43050,5
43051,4
43052,5
43053,3
43054,5
43055,5
43056,1
43057,4
43058,2
43059,4
43060,5
43061,5
43062,3
43063,3
43064,3
43065,5
43066,5
43067,5
43068,4
43069,1
43070,4
43071,5
43072,4
43073,1
43074,5
43075,3
43076,3
43077,3
43078,4
43079,1
43080,2
43081,5
43082,2
43083,1
43084,5
43085,1
43086,4
43087,5
43088,2
43089,3
43090,4
43091,1
43092,3
43093,4
43094,1
43095,2
43096,3
43097,2
43098,3
43099,4
43100,4
43101,4
43102,4
43103,5
43104,4
43105,1
43106,4
43107,3
43108,5
43109,3
43110,4
43111,3
43112,3
43113,5
43114,1
43115,3
43116,4
43117,5
43118,3
43119,2
43120,3
43121,1
43122,5
43123,4
43124,4
43125,5
43126,2
43127,3
43128,2
43129,5
43130,3
43131,3
43132,2
43133,1
43134,1
43135,2
43136,1
43137,1
43138,5
43139,1
43140,2
43141,2
43142,2
43143,1
43144,2
43145,5
43146,1
43147,2
43148,1
43149,1
43150,3
43151,5
43152,4
43153,2
43154,3
43155,5
43156,5
43157,2
43158,5
43159,4
43160,3
43161,4
43162,2
43163,2
43164,3
43165,1
43166,5
43167,5
43168,5
43169,5
43170,3
43171,1
43172,5
43173,2
43174,4
43175,2
43176,1
43177,5
43178,2
43179,2
43180,3
43181,1
43182,2
43183,3
43184,3
43185,5
43186,1
43187,3
43188,5
43189,5
43190,2
43191,4
43192,4
43193,5
43194,4
43195,5
43196,5
43197,4
43198,2
43199,2
43200,1
43201,4
43202,1
43203,4
43204,2
43205,3
43206,3
43207,5
43208,4
43209,1
43210,5
43211,2
43212,2
43213,5
43214,5
43215,3
43216,1
43217,4
43218,3
43219,2
43220,3
43221,1
43222,5
43223,5
43224,4
43225,2
43226,3
43227,3
43228,5
43229,3
43230,1
43231,1
43232,3
43233,1
43234,2
43235,2
43236,1
43237,4
43238,3
43239,1
43240,5
43241,2
43242,4
43243,3
43244,1
43245,2
43246,1
43247,5
43248,3
43249,3
43250,3
43251,4
43252,5
43253,1
43254,5
43255,2
43256,2
43257,2
43258,5
43259,2
43260,2
43261,5
43262,4
43263,4
43264,5
43265,2
43266,2
43267,1
43268,5
43269,5
43270,5
43271,2
43272,5
43273,3
43274,5
43275,3
43276,1
43277,5
43278,3
43279,2
43280,3
43281,3
43282,4
43283,4
43284,4
43285,1
43286,5
43287,1
43288,5
43289,4
43290,4
43291,5
43292,3
43293,5
43294,4
43295,5
43296,1
43297,3
43298,5
43299,2
43300,1
43301,1
43302,5
43303,1
43304,3
43305,3
43306,5
43307,1
43308,5
43309,5
43310,1
43311,1
43312,5
43313,1
43314,2
43315,5
43316,3
43317,1
43318,2
43319,1
43320,4
43321,1
43322,2
43323,1
43324,1
43325,4
43326,2
43327,3
43328,4
43329,4
43330,5
43331,2
43332,4
43333,4
43334,1
43335,4
43336,5
43337,3
43338,4
43339,1
43340,4
43341,4
43342,3
43343,5
43344,4
43345,5
43346,3
43347,2
43348,4
43349,5
43350,4
43351,4
43352,1
43353,1
43354,2
43355,1
43356,4
43357,4
43358,5
43359,3
43360,1
43361,4
43362,2
43363,1
43364,5
43365,1
43366,3
43367,2
43368,3
43369,5
43370,5
43371,3
43372,1
43373,1
43374,1
43375,2
43376,1
43377,4
43378,4
43379,1
43380,4
43381,3
43382,2
43383,3
43384,1
43385,4
43386,5
43387,2
43388,3
43389,3
43390,4
43391,2
43392,2
43393,2
43394,2
43395,3
43396,3
43397,3
43398,4
43399,5
43400,5
43401,1
43402,1
43403,2
43404,5
43405,3
43406,3
43407,3
43408,3
43409,2
43410,2
43411,4
43412,2
43413,3
43414,3
43415,2
43416,4
43417,2
43418,4
43419,2
43420,4
43421,5
43422,4
43423,3
43424,5
43425,5
43426,1
43427,5
43428,5
43429,5
43430,1
43431,5
43432,1
43433,5
43434,2
43435,5
43436,2
43437,3
43438,1
43439,5
43440,2
43441,1
43442,2
43443,1
43444,2
43445,4
43446,3
43447,4
43448,5
43449,4
43450,5
43451,5
43452,2
43453,4
43454,3
43455,3
43456,4
43457,1
43458,2
43459,4
43460,5
43461,2
43462,4
43463,3
43464,4
43465,3
43466,4
43467,4
43468,4
43469,5
43470,5
43471,5
43472,5
43473,3
43474,1
43475,3
43476,1
43477,2
43478,3
43479,3
43480,5
43481,5
43482,4
43483,2
43484,1
43485,2
43486,3
43487,2
43488,3
43489,3
43490,3
43491,5
43492,3
43493,5
43494,5
43495,3
43496,1
43497,1
43498,1
43499,5
43500,2
43501,3
43502,5
43503,5
43504,2
43505,1
43506,5
43507,1
43508,5
43509,2
43510,5
43511,4
43512,4
43513,4
43514,4
43515,4
43516,2
43517,4
43518,1
43519,2
43520,1
43521,4
43522,5
43523,5
43524,2
43525,2
43526,5
43527,1
43528,2
43529,2
43530,4
43531,4
43532,1
43533,4
43534,1
43535,5
43536,1
43537,5
43538,5
43539,2
43540,1
43541,3
43542,1
43543,1
43544,5
43545,3
43546,4
43547,2
43548,2
43549,3
43550,3
43551,5
43552,3
43553,2
43554,2
43555,1
43556,5
43557,5
43558,4
43559,2
43560,4
43561,2
43562,4
43563,4
43564,4
43565,3
43566,3
43567,2
43568,2
43569,1
43570,3
43571,2
43572,5
43573,1
43574,3
43575,1
43576,2
43577,1
43578,3
43579,4
43580,4
43581,5
43582,1
43583,3
43584,1
43585,1
43586,1
43587,4
43588,4
43589,4
43590,4
43591,2
43592,4
43593,5
43594,4
43595,4
43596,5
43597,4
43598,5
43599,1
43600,1
43601,3
43602,2
43603,4
43604,2
43605,4
43606,2
43607,2
43608,5
43609,3
43610,4
43611,3
43612,5
43613,5
43614,1
43615,5
43616,2
43617,1
43618,3
43619,4
43620,2
43621,3
43622,2
43623,2
43624,1
43625,1
43626,3
43627,2
43628,2
43629,5
43630,4
43631,2
43632,4
43633,3
43634,1
43635,5
43636,4
43637,4
43638,3
43639,2
43640,2
43641,1
43642,5
43643,1
43644,1
43645,1
43646,5
43647,3
43648,1
43649,5
43650,1
43651,1
43652,3
43653,1
43654,4
43655,5
43656,5
43657,5
43658,4
43659,2
43660,5
43661,2
43662,5
43663,5
43664,5
43665,3
43666,1
43667,5
43668,3
43669,3
43670,2
43671,4
43672,1
43673,1
43674,5
43675,3
43676,3
43677,3
43678,5
43679,5
43680,2
43681,1
43682,2
43683,3
43684,5
43685,4
43686,2
43687,1
43688,2
43689,1
43690,2
43691,3
43692,3
43693,3
43694,1
43695,1
43696,3
43697,5
43698,3
43699,4
43700,2
43701,4
43702,5
43703,3
43704,4
43705,5
43706,4
43707,3
43708,2
43709,4
43710,3
43711,5
43712,3
43713,2
43714,5
43715,1
43716,1
43717,3
43718,1
43719,3
43720,5
43721,1
43722,1
43723,3
43724,2
43725,5
43726,2
43727,2
43728,4
43729,1
43730,1
43731,1
43732,3
43733,2
43734,4
43735,2
43736,1
43737,5
43738,3
43739,1
43740,2
43741,5
43742,3
43743,3
43744,3
43745,4
43746,3
43747,1
43748,2
43749,2
43750,5
43751,5
43752,2
43753,4
43754,4
43755,5
43756,2
43757,3
43758,3
43759,5
43760,5
43761,3
43762,1
43763,2
43764,5
43765,2
43766,3
43767,4
43768,5
43769,5
43770,3
43771,3
43772,2
43773,4
43774,3
43775,3
43776,4
43777,1
43778,2
43779,4
43780,2
43781,2
43782,2
43783,5
43784,2
43785,5
43786,4
43787,5
43788,4
43789,3
43790,1
43791,2
43792,3
43793,2
43794,2
43795,1
43796,1
43797,5
43798,5
43799,4
43800,1
43801,4
43802,3
43803,3
43804,5
43805,3
43806,2
43807,3
43808,4
43809,4
43810,3
43811,3
43812,2
43813,1
43814,1
43815,2
43816,4
43817,4
43818,5
43819,4
43820,2
43821,3
43822,2
43823,1
43824,2
43825,5
43826,4
43827,1
43828,5
43829,5
43830,5
43831,1
43832,1
43833,2
43834,1
43835,1
43836,4
43837,5
43838,4
43839,3
43840,1
43841,3
43842,1
43843,5
43844,3
43845,3
43846,5
43847,5
43848,1
43849,1
43850,4
43851,3
43852,5
43853,4
43854,3
43855,2
43856,3
43857,4
43858,1
43859,1
43860,5
43861,1
43862,3
43863,2
43864,2
43865,1
43866,2
43867,2
43868,3
43869,4
43870,5
43871,2
43872,1
43873,2
43874,1
43875,3
43876,3
43877,3
43878,5
43879,1
43880,3
43881,5
43882,3
43883,4
43884,2
43885,5
43886,5
43887,4
43888,1
43889,1
43890,3
43891,3
43892,1
43893,5
43894,3
43895,2
43896,1
43897,1
43898,5
43899,5
43900,4
43901,5
43902,4
43903,1
43904,2
43905,2
43906,3
43907,4
43908,3
43909,2
43910,3
43911,4
43912,5
43913,1
43914,3
43915,2
43916,3
43917,5
43918,5
43919,2
43920,5
43921,1
43922,1
43923,5
43924,3
43925,4
43926,1
43927,2
43928,1
43929,2
43930,3
43931,3
43932,2
43933,2
43934,1
43935,5
43936,2
43937,5
43938,2
43939,2
43940,5
43941,5
43942,2
43943,5
43944,3
43945,2
43946,1
43947,5
43948,4
43949,2
43950,1
43951,4
43952,4
43953,1
43954,2
43955,1
43956,2
43957,2
43958,4
43959,3
43960,3
43961,3
43962,2
43963,3
43964,1
43965,5
43966,3
43967,4
43968,4
43969,1
43970,5
43971,3
43972,5
43973,4
43974,1
43975,2
43976,3
43977,2
43978,5
43979,4
43980,1
43981,5
43982,4
43983,3
43984,3
43985,1
43986,2
43987,1
43988,3
43989,3
43990,3
43991,1
43992,5
43993,4
43994,3
43995,4
43996,4
43997,5
43998,1
43999,2
44000,5
44001,5
44002,3
44003,1
44004,1
44005,2
44006,3
44007,5
44008,1
44009,3
44010,2
44011,1
44012,4
44013,4
44014,5
44015,4
44016,1
44017,3
44018,5
44019,1
44020,4
44021,1
44022,5
44023,5
44024,3
44025,2
44026,4
44027,4
44028,1
44029,5
44030,3
44031,4
44032,1
44033,4
44034,3
44035,1
44036,2
44037,2
44038,5
44039,1
44040,2
44041,3
44042,1
44043,2
44044,4
44045,3
44046,4
44047,3
44048,1
44049,4
44050,2
44051,5
44052,3
44053,1
44054,2
44055,4
44056,4
44057,2
44058,4
44059,3
44060,2
44061,4
44062,4
44063,4
44064,4
44065,2
44066,3
44067,3
44068,5
44069,3
44070,3
44071,5
44072,3
44073,3
44074,5
44075,1
44076,5
44077,4
44078,3
44079,3
44080,5
44081,1
44082,2
44083,4
44084,4
44085,1
44086,5
44087,1
44088,5
44089,5
44090,1
44091,2
44092,5
44093,4
44094,5
44095,1
44096,5
44097,1
44098,5
44099,2
44100,4
44101,2
44102,1
44103,5
44104,2
44105,3
44106,3
44107,4
44108,2
44109,1
44110,3
44111,5
44112,3
44113,4
44114,4
44115,5
44116,1
44117,3
44118,2
44119,4
44120,5
44121,4
44122,4
44123,5
44124,1
44125,4
44126,5
44127,1
44128,5
44129,4
44130,3
44131,3
44132,3
44133,5
44134,5
44135,4
44136,5
44137,1
44138,5
44139,5
44140,2
44141,3
44142,4
44143,3
44144,4
44145,4
44146,5
44147,2
44148,2
44149,2
44150,3
44151,2
44152,3
44153,4
44154,4
44155,2
44156,4
44157,3
44158,3
44159,1
44160,3
44161,3
44162,3
44163,5
44164,1
44165,3
44166,3
44167,3
44168,1
44169,3
44170,5
44171,5
44172,3
44173,3
44174,4
44175,4
44176,5
44177,5
44178,2
44179,2
44180,3
44181,4
44182,1
44183,5
44184,2
44185,3
44186,1
44187,3
44188,5
44189,3
44190,1
44191,5
44192,1
44193,1
44194,2
44195,3
44196,4
44197,3
44198,3
44199,1
44200,5
44201,4
44202,1
44203,4
44204,1
44205,3
44206,5
44207,5
44208,5
44209,2
44210,5
44211,4
44212,3
44213,2
44214,4
44215,1
44216,2
44217,5
44218,3
44219,1
44220,2
44221,3
44222,3
44223,4
44224,1
44225,5
44226,3
44227,3
44228,3
44229,3
44230,2
44231,1
44232,1
44233,1
44234,1
44235,4
44236,3
44237,1
44238,3
44239,2
44240,2
44241,3
44242,4
44243,3
44244,5
44245,1
44246,3
44247,4
44248,2
44249,4
44250,1
44251,1
44252,2
44253,4
44254,2
44255,4
44256,2
44257,4
44258,3
44259,5
44260,3
44261,3
44262,2
44263,5
44264,1
44265,2
44266,5
44267,3
44268,2
44269,2
44270,5
44271,4
44272,5
44273,3
44274,4
44275,1
44276,5
44277,3
44278,2
44279,2
44280,1
44281,1
44282,1
44283,2
44284,3
44285,1
44286,1
44287,2
44288,3
44289,1
44290,5
44291,5
44292,2
44293,1
44294,3
44295,3
44296,3
44297,2
44298,4
44299,5
44300,4
44301,5
44302,1
44303,5
44304,3
44305,3
44306,3
44307,2
44308,3
44309,5
44310,3
44311,5
44312,3
44313,3
44314,5
44315,5
44316,4
44317,4
44318,5
44319,4
44320,3
44321,4
44322,3
44323,4
44324,3
44325,5
44326,1
44327,5
44328,1
44329,3
44330,4
44331,1
44332,1
44333,2
44334,3
44335,4
44336,4
44337,2
44338,1
44339,4
44340,3
44341,4
44342,5
44343,4
44344,3
44345,1
44346,5
44347,3
44348,3
44349,1
44350,3
44351,1
44352,1
44353,2
44354,1
44355,2
44356,2
44357,3
44358,4
44359,4
44360,4
44361,4
44362,5
44363,4
44364,5
44365,2
44366,1
44367,4
44368,5
44369,5
44370,3
44371,3
44372,4
44373,3
44374,2
44375,4
44376,3
44377,1
44378,5
44379,5
44380,5
44381,4
44382,1
44383,5
44384,1
44385,1
44386,5
44387,5
44388,1
44389,3
44390,4
44391,2
44392,4
44393,4
44394,5
44395,4
44396,3
44397,3
44398,4
44399,3
44400,2
44401,2
44402,1
44403,5
44404,2
44405,3
44406,4
44407,5
44408,5
44409,1
44410,1
44411,1
44412,4
44413,3
44414,5
44415,4
44416,4
44417,4
44418,1
44419,2
44420,4
44421,4
44422,3
44423,5
44424,5
44425,1
44426,1
44427,4
44428,2
44429,1
44430,2
44431,1
44432,5
44433,3
44434,2
44435,4
44436,2
44437,1
44438,2
44439,3
44440,5
44441,2
44442,4
44443,2
44444,5
44445,4
44446,3
44447,3
44448,4
44449,1
44450,3
44451,4
44452,5
44453,4
44454,3
44455,1
44456,4
44457,3
44458,2
44459,3
44460,2
44461,4
44462,1
44463,4
44464,2
44465,5
44466,5
44467,4
44468,2
44469,5
44470,5
44471,5
44472,1
44473,2
44474,5
44475,4
44476,4
44477,5
44478,4
44479,5
44480,2
44481,4
44482,2
44483,2
44484,4
44485,3
44486,4
44487,4
44488,1
44489,3
44490,2
44491,1
44492,2
44493,5
44494,3
44495,4
44496,2
44497,5
44498,2
44499,2
44500,3
44501,3
44502,1
44503,3
44504,3
44505,3
44506,3
44507,2
44508,2
44509,3
44510,2
44511,2
44512,2
44513,5
44514,4
44515,1
44516,2
44517,2
44518,5
44519,5
44520,2
44521,4
44522,4
44523,2
44524,3
44525,1
44526,5
44527,4
44528,3
44529,1
44530,1
44531,2
44532,5
44533,1
44534,2
44535,1
44536,2
44537,5
44538,4
44539,2
44540,1
44541,3
44542,5
44543,4
44544,3
44545,1
44546,2
44547,1
44548,5
44549,1
44550,3
44551,5
44552,2
44553,3
44554,1
44555,2
44556,5
44557,4
44558,1
44559,2
44560,2
44561,2
44562,5
44563,4
44564,4
44565,3
44566,5
44567,2
44568,4
44569,2
44570,4
44571,3
44572,1
44573,2
44574,3
44575,1
44576,4
44577,3
44578,3
44579,5
44580,2
44581,4
44582,5
44583,4
44584,2
44585,1
44586,2
44587,1
44588,5
44589,1
44590,3
44591,3
44592,1
44593,3
44594,2
44595,4
44596,1
44597,2
44598,4
44599,1
44600,4
44601,4
44602,3
44603,4
44604,5
44605,2
44606,2
44607,5
44608,1
44609,2
44610,4
44611,3
44612,3
44613,5
44614,5
44615,4
44616,4
44617,2
44618,4
44619,5
44620,1
44621,1
44622,1
44623,2
44624,1
44625,2
44626,5
44627,1
44628,1
44629,4
44630,3
44631,5
44632,3
44633,4
44634,3
44635,2
44636,3
44637,2
44638,2
44639,4
44640,5
44641,2
44642,5
44643,3
44644,3
44645,1
44646,2
44647,4
44648,1
44649,5
44650,2
44651,3
44652,4
44653,3
44654,2
44655,4
44656,5
44657,5
44658,3
44659,2
44660,1
44661,1
44662,5
44663,3
44664,5
44665,2
44666,5
44667,5
44668,1
44669,3
44670,3
44671,5
44672,5
44673,5
44674,5
44675,4
44676,3
44677,1
44678,5
44679,3
44680,2
44681,1
44682,1
44683,1
44684,4
44685,1
44686,3
44687,5
44688,5
44689,3
44690,1
44691,3
44692,1
44693,5
44694,1
44695,5
44696,5
44697,3
44698,3
44699,3
44700,2
44701,5
44702,5
44703,3
44704,2
44705,4
44706,4
44707,5
44708,1
44709,5
44710,4
44711,3
44712,1
44713,2
44714,2
44715,2
44716,1
44717,3
44718,2
44719,4
44720,1
44721,3
44722,3
44723,4
44724,3
44725,2
44726,2
44727,1
44728,1
44729,1
44730,3
44731,4
44732,5
44733,5
44734,3
44735,4
44736,1
44737,1
44738,2
44739,1
44740,3
44741,4
44742,3
44743,5
44744,1
44745,4
44746,3
44747,1
44748,2
44749,1
44750,1
44751,2
44752,4
44753,4
44754,5
44755,5
44756,1
44757,2
44758,1
44759,1
44760,2
44761,2
44762,1
44763,5
44764,3
44765,5
44766,1
44767,1
44768,3
44769,5
44770,4
44771,5
44772,3
44773,1
44774,1
44775,5
44776,2
44777,4
44778,3
44779,3
44780,4
44781,5
44782,2
44783,1
44784,4
44785,1
44786,5
44787,1
44788,5
44789,1
44790,4
44791,5
44792,1
44793,4
44794,2
44795,3
44796,5
44797,4
44798,4
44799,1
44800,2
44801,5
44802,1
44803,1
44804,4
44805,3
44806,5
44807,5
44808,2
44809,1
44810,5
44811,2
44812,4
44813,3
44814,2
44815,1
44816,5
44817,1
44818,1
44819,4
44820,4
44821,2
44822,2
44823,2
44824,1
44825,3
44826,1
44827,2
44828,5
44829,4
44830,4
44831,2
44832,4
44833,4
44834,3
44835,1
44836,4
44837,3
44838,3
44839,5
44840,2
44841,2
44842,1
44843,3
44844,1
44845,1
44846,4
44847,1
44848,5
44849,2
44850,5
44851,1
44852,2
44853,2
44854,5
44855,3
44856,3
44857,4
44858,4
44859,3
44860,1
44861,3
44862,2
44863,4
44864,3
44865,1
44866,2
44867,5
44868,3
44869,5
44870,1
44871,5
44872,1
44873,2
44874,4
44875,5
44876,1
44877,4
44878,1
44879,2
44880,4
44881,2
44882,2
44883,3
44884,2
44885,3
44886,4
44887,2
44888,4
44889,4
44890,3
44891,1
44892,2
44893,3
44894,5
44895,3
44896,1
44897,1
44898,4
44899,5
44900,4
44901,2
44902,5
44903,4
44904,2
44905,1
44906,3
44907,4
44908,5
44909,3
44910,1
44911,5
44912,2
44913,3
44914,1
44915,5
44916,4
44917,1
44918,5
44919,4
44920,4
44921,4
44922,3
44923,1
44924,3
44925,3
44926,3
44927,5
44928,1
44929,4
44930,4
44931,1
44932,2
44933,4
44934,4
44935,3
44936,2
44937,2
44938,5
44939,1
44940,4
44941,3
44942,2
44943,5
44944,5
44945,1
44946,4
44947,1
44948,3
44949,2
44950,2
44951,5
44952,4
44953,1
44954,1
44955,4
44956,3
44957,3
44958,5
44959,2
44960,2
44961,4
44962,3
44963,2
44964,4
44965,3
44966,3
44967,4
44968,1
44969,4
44970,1
44971,4
44972,1
44973,3
44974,1
44975,2
44976,3
44977,5
44978,4
44979,5
44980,2
44981,3
44982,5
44983,1
44984,2
44985,1
44986,2
44987,3
44988,3
44989,3
44990,5
44991,4
44992,3
44993,3
44994,2
44995,1
44996,4
44997,1
44998,2
44999,5
45000,3
45001,4
45002,5
45003,5
45004,2
45005,5
45006,1
45007,2
45008,2
45009,5
45010,1
45011,1
45012,1
45013,2
45014,4
45015,2
45016,3
45017,1
45018,4
45019,2
45020,2
45021,5
45022,3
45023,2
45024,4
45025,2
45026,3
45027,5
45028,4
45029,4
45030,1
45031,4
45032,5
45033,2
45034,2
45035,5
45036,5
45037,2
45038,3
45039,4
45040,4
45041,5
45042,2
45043,1
45044,3
45045,1
45046,4
45047,1
45048,1
45049,1
45050,5
45051,2
45052,5
45053,5
45054,3
45055,3
45056,2
45057,4
45058,1
45059,2
45060,4
45061,3
45062,2
45063,3
45064,2
45065,4
45066,2
45067,2
45068,3
45069,2
45070,4
45071,2
45072,1
45073,5
45074,5
45075,5
45076,4
45077,1
45078,4
45079,2
45080,4
45081,5
45082,4
45083,2
45084,3
45085,2
45086,1
45087,2
45088,5
45089,5
45090,4
45091,4
45092,2
45093,5
45094,4
45095,5
45096,3
45097,3
45098,1
45099,4
45100,1
45101,3
45102,2
45103,1
45104,1
45105,2
45106,3
45107,5
45108,2
45109,4
45110,2
45111,1
45112,3
45113,1
45114,3
45115,1
45116,3
45117,1
45118,4
45119,2
45120,5
45121,1
45122,5
45123,2
45124,5
45125,3
45126,1
45127,3
45128,3
45129,5
45130,1
45131,2
45132,3
45133,1
45134,4
45135,2
45136,2
45137,4
45138,2
45139,2
45140,1
45141,3
45142,2
45143,4
45144,1
45145,1
45146,2
45147,4
45148,3
45149,5
45150,1
45151,1
45152,5
45153,3
45154,1
45155,3
45156,5
45157,4
45158,1
45159,3
45160,1
45161,3
45162,5
45163,4
45164,4
45165,1
45166,3
45167,4
45168,5
45169,3
45170,3
45171,5
45172,5
45173,1
45174,2
45175,4
45176,2
45177,4
45178,5
45179,1
45180,1
45181,1
45182,2
45183,3
45184,3
45185,1
45186,5
45187,4
45188,1
45189,3
45190,2
45191,2
45192,4
45193,2
45194,1
45195,2
45196,5
45197,1
45198,2
45199,5
45200,3
45201,4
45202,2
45203,4
45204,3
45205,3
45206,3
45207,3
45208,5
45209,1
45210,2
